name,year,selling_price_usd,miles_driven,fuel,seller_type,transmission,owner,engine,max_power,mileage_mpg,seats
Maruti Swift Dzire VDI,2014,11980.07,90409.5,Diesel,Individual,Manual,First Owner,1248.0,74.0,55.04,5.0
Skoda Rapid 1.5 TDI Ambition,2014,9850.28,74564.5,Diesel,Individual,Manual,Second Owner,1498.0,103.52,49.72,5.0
Honda City 2017-2020 EXi,2006,4206.33,86991.9,Petrol,Individual,Manual,Third Owner,1497.0,78.0,41.63,5.0
Hyundai i20 Sportz Diesel,2010,5990.03,78914.1,Diesel,Individual,Manual,First Owner,1396.0,90.0,54.1,5.0
Maruti Swift VXI BSIII,2007,3460.91,74564.5,Petrol,Individual,Manual,First Owner,1298.0,88.2,37.87,5.0
Hyundai Xcent 1.2 VTVT E Plus,2017,11713.84,27961.7,Petrol,Individual,Manual,First Owner,1197.0,81.86,47.37,5.0
Maruti 800 DX BSII,2001,1198.01,3106.9,Petrol,Individual,Manual,Second Owner,796.0,37.0,37.87,4.0
Toyota Etios VXD,2011,9317.83,55923.4,Diesel,Individual,Manual,First Owner,1364.0,67.1,55.49,5.0
Ford Figo Diesel Celebration Edition,2013,5324.47,105011.7,Diesel,Individual,Manual,First Owner,1399.0,68.1,47.04,5.0
Renault Duster 110PS Diesel RxL,2014,13311.18,42253.2,Diesel,Individual,Manual,Second Owner,1461.0,108.45,44.71,5.0
Maruti Zen LX,2005,2449.26,62137.1,Petrol,Individual,Manual,Second Owner,993.0,60.0,40.69,5.0
Maruti Swift Dzire VDi,2009,7454.26,86991.9,Diesel,Individual,Manual,Second Owner,1248.0,73.9,45.4,5.0
Maruti Wagon R LXI Minor,2009,4792.03,55923.4,Petrol,Individual,Manual,Second Owner,1061.0,67.0,44.46,5.0
Mahindra KUV 100 mFALCON G80 K8 5str,2016,10648.95,24854.8,Petrol,Individual,Manual,First Owner,1198.0,82.0,42.69,5.0
Maruti Ertiga SHVS VDI,2016,20712.2,43496.0,Diesel,Individual,Manual,Second Owner,1248.0,88.5,57.67,7.0
Hyundai i20 1.4 CRDi Asta,2012,13311.18,32932.7,Diesel,Individual,Manual,Second Owner,1396.0,90.0,54.1,5.0
Maruti Alto LX,2002,3993.36,49709.7,Petrol,Individual,Manual,Second Owner,796.0,46.3,46.34,5.0
Hyundai i20 2015-2017 Asta 1.4 CRDi,2016,18103.21,62137.1,Diesel,Individual,Manual,First Owner,1396.0,88.73,53.02,5.0
Mahindra Verito 1.5 D4 BSIII,2011,4632.29,62137.1,Diesel,Individual,Manual,Second Owner,1461.0,64.1,49.4,5.0
Honda WR-V i-DTEC VX,2017,25291.25,31068.6,Diesel,Individual,Manual,First Owner,1498.0,98.6,59.98,5.0
Maruti Swift Dzire ZDI,2015,13976.74,24854.8,Diesel,Individual,Manual,First Owner,1248.0,74.0,62.54,5.0
Maruti SX4 ZDI,2012,15973.42,44738.7,Diesel,Individual,Manual,First Owner,1248.0,88.8,50.57,5.0
Tata Tigor 2017-2020 XZ,2018,13311.18,21748.0,Petrol,Individual,Manual,First Owner,1199.0,83.81,47.75,5.0
Maruti Baleno Delta 1.2,2016,15307.86,27961.7,Petrol,Individual,Manual,First Owner,1197.0,83.1,50.34,5.0
Maruti Alto 800 LXI,2017,7321.15,17398.4,Petrol,Individual,Manual,First Owner,796.0,47.3,58.1,5.0
Chevrolet Enjoy TCDi LTZ 7 Seater,2013,7986.71,43496.0,Diesel,Individual,Manual,First Owner,1248.0,73.8,42.81,7.0
Maruti Wagon R LXI Minor,2009,5856.92,74564.5,Petrol,Individual,Manual,First Owner,1061.0,67.0,44.46,5.0
Maruti Omni E MPI STD BS IV,2018,6788.68,15534.3,Petrol,Individual,Manual,First Owner,796.0,34.2,39.52,8.0
Maruti Vitara Brezza LDi Option,2017,17836.99,43496.0,Diesel,Individual,Manual,First Owner,1248.0,88.5,57.16,5.0
Maruti Omni 8 Seater BSIV,2012,3993.36,21748.0,Petrol,Individual,Manual,Second Owner,796.0,35.0,32.93,5.0
Hyundai i20 1.2 Asta Dual Tone,2018,19434.33,1483.8,Petrol,Individual,Manual,First Owner,1197.0,81.83,43.75,5.0
Maruti Vitara Brezza LDi,2017,17304.54,10066.2,Diesel,Individual,Manual,First Owner,1248.0,88.5,57.16,5.0
Maruti Alto K10 VXI Airbag,2019,9743.79,9320.6,Petrol,Individual,Manual,First Owner,998.0,67.1,56.33,5.0
Hyundai Verna VTVT 1.6 SX Option,2019,30589.1,3106.9,Petrol,Individual,Manual,First Owner,1591.0,121.3,39.99,5.0
Datsun GO D,2016,3993.36,26097.6,Petrol,Individual,Manual,First Owner,1198.0,67.0,48.52,5.0
Tata Safari DICOR 2.2 LX 4x2,2011,11314.51,37282.3,Diesel,Individual,Manual,Second Owner,2179.0,138.03,32.77,7.0
Maruti 800 Std,2012,3993.36,47224.2,Petrol,Individual,Manual,First Owner,796.0,37.0,37.87,4.0
Jeep Compass 1.4 Limited Plus BSIV,2019,55906.98,3106.9,Petrol,Individual,Automatic,First Owner,1368.0,160.77,37.63,5.0
Honda City i VTEC VX,2018,24625.69,17957.6,Petrol,Dealer,Manual,First Owner,1497.0,117.3,41.87,5.0
Honda City V MT,2013,11314.51,53624.3,Petrol,Dealer,Manual,First Owner,1497.0,116.3,39.52,5.0
Maruti Swift Dzire VXi AT,2018,17970.1,14477.9,Petrol,Dealer,Automatic,First Owner,1197.0,83.14,43.51,5.0
Maruti Vitara Brezza VDi,2018,21830.32,20256.7,Diesel,Dealer,Manual,First Owner,1248.0,88.5,57.16,5.0
Maruti Alto K10 VXI,2018,10382.72,6400.1,Petrol,Dealer,Manual,First Owner,998.0,67.05,56.33,5.0
Toyota Fortuner 4x4 MT,2014,39933.55,47845.6,Diesel,Dealer,Manual,First Owner,2982.0,168.5,29.52,7.0
Toyota Innova 2.5 G (Diesel) 7 Seater BS IV,2013,18635.66,61515.7,Diesel,Dealer,Manual,First Owner,2494.0,100.0,30.55,7.0
Mercedes-Benz B Class B180,2014,38602.44,17274.1,Diesel,Dealer,Automatic,Second Owner,2143.0,120.7,34.81,5.0
Honda Amaze S Diesel,2015,11314.51,30944.3,Diesel,Dealer,Manual,First Owner,1498.0,98.63,58.1,5.0
Mitsubishi Pajero Sport 4X4,2013,29018.38,93827.0,Diesel,Dealer,Manual,First Owner,2477.0,175.56,31.75,7.0
Honda City i DTEC S,2015,15973.42,33989.0,Diesel,Dealer,Manual,First Owner,1498.0,98.6,61.16,5.0
Maruti Ciaz Zeta,2018,22629.01,39767.7,Petrol,Dealer,Manual,First Owner,1462.0,103.25,48.57,5.0
Honda Jazz VX Diesel,2015,13976.74,39146.4,Diesel,Dealer,Manual,First Owner,1498.0,98.6,64.21,5.0
Toyota Innova Crysta 2.8 ZX AT BSIV,2016,43926.91,79349.1,Diesel,Dealer,Automatic,Second Owner,2755.0,171.5,26.72,7.0
Toyota Innova 2.5 G (Diesel) 7 Seater,2016,25291.25,61515.7,Diesel,Dealer,Manual,First Owner,2494.0,100.6,30.55,7.0
Audi A6 2.0 TDI Technology,2013,46589.15,21064.5,Diesel,Dealer,Automatic,Second Owner,1968.0,174.33,41.59,5.0
Toyota Corolla Altis 1.8 VL CVT,2018,42329.57,15534.3,Petrol,Dealer,Automatic,First Owner,1798.0,138.03,33.59,5.0
Audi A6 2.0 TDI  Design Edition,2013,44991.78,31068.6,Diesel,Dealer,Automatic,First Owner,1968.0,187.74,43.59,5.0
Mercedes-Benz New C-Class 220 CDI AT,2013,37936.88,36660.9,Diesel,Dealer,Automatic,First Owner,2143.0,170.0,34.91,5.0
Tata Manza ELAN Quadrajet BS IV,2011,7054.93,74564.5,Diesel,Individual,Manual,First Owner,1248.0,88.8,49.68,5.0
Hyundai i10 Magna,2011,5058.25,68350.8,Petrol,Individual,Manual,Third Owner,1197.0,78.9,47.89,5.0
Hyundai i20 Asta 1.4 CRDi,2013,11314.51,37282.3,Diesel,Individual,Manual,First Owner,1396.0,88.76,50.03,5.0
Maruti Swift Dzire ZDI,2015,16772.09,91341.5,Diesel,Individual,Manual,Second Owner,1248.0,74.0,62.54,5.0
Ford Figo 1.2P Titanium MT,2017,15973.42,15534.3,Petrol,Individual,Manual,Third Owner,1196.0,86.8,42.72,5.0
Maruti Baleno Delta 1.2,2019,17304.54,18641.1,Petrol,Individual,Manual,First Owner,1197.0,83.1,50.34,5.0
Volkswagen Ameo 1.5 TDI Highline 16 Alloy,2016,14376.08,24854.8,Diesel,Individual,Manual,First Owner,1498.0,108.495,51.75,5.0
Honda City i DTEC VX,2015,16772.09,83885.1,Diesel,Individual,Manual,First Owner,1498.0,98.6,59.04,5.0
Maruti Wagon R AMT VXI,2018,11926.82,18641.1,Petrol,Individual,Automatic,First Owner,998.0,67.0,48.24,5.0
Volkswagen Ameo 1.5 TDI Comfortline,2017,13311.18,49709.7,Diesel,Individual,Manual,First Owner,1498.0,108.62,50.95,5.0
Maruti Vitara Brezza VDi,2016,19833.67,43496.0,Diesel,Individual,Manual,First Owner,1248.0,88.5,57.16,5.0
Maruti Vitara Brezza ZDi Plus AMT,2019,27287.93,6120.5,Diesel,Individual,Automatic,First Owner,1248.0,88.5,57.16,5.0
Hyundai i10 Magna,2011,6256.26,37282.3,Petrol,Individual,Manual,Second Owner,1197.0,78.9,47.89,5.0
Maruti Swift VDI Deca,2016,16772.09,43496.0,Diesel,Individual,Manual,First Owner,1248.0,74.0,59.27,5.0
Toyota Fortuner 4x4 MT,2015,45258.03,48466.9,Diesel,Individual,Manual,Second Owner,2982.0,168.5,29.52,7.0
Maruti Swift Star VDI,2013,11980.07,74564.5,Diesel,Individual,Manual,Second Owner,1248.0,74.0,53.86,5.0
Maruti Ertiga ZXI,2012,11980.07,74564.5,Petrol,Individual,Manual,Second Owner,1373.0,93.7,37.68,7.0
Volkswagen Vento Diesel Highline,2013,11980.07,105633.1,Diesel,Individual,Manual,First Owner,1598.0,103.6,48.31,5.0
Toyota Innova 2.5 VX (Diesel) 8 Seater,2016,31946.84,86991.9,Diesel,Individual,Manual,First Owner,2494.0,100.6,30.55,8.0
Ford EcoSport 1.5 TDCi Titanium Plus BSIV,2015,16239.65,55923.4,Diesel,Individual,Manual,First Owner,1498.0,98.59,53.56,5.0
BMW X1 sDrive20i xLine,2016,66555.92,18641.1,Petrol,Individual,Automatic,Second Owner,1998.0,189.0,36.95,5.0
Maruti Celerio ZXI MT BSIV,2017,12911.82,6213.7,Petrol,Dealer,Manual,First Owner,998.0,67.04,54.33,5.0
Datsun GO A Petrol,2016,7321.15,30447.2,Petrol,Dealer,Manual,First Owner,1198.0,67.05,44.74,5.0
Maruti Alto 800 VXI BSIV,2016,8386.05,19883.9,Petrol,Dealer,Manual,First Owner,796.0,47.3,58.1,5.0
Maruti Alto 800 LXI BSIV,2016,7321.15,23612.1,Petrol,Dealer,Manual,First Owner,796.0,47.3,58.1,5.0
Hyundai i10 Era 1.1,2012,7720.49,17398.4,Petrol,Dealer,Manual,First Owner,1086.0,68.05,46.6,5.0
Maruti Omni 8 Seater BSIV,2017,7454.26,19883.9,Petrol,Dealer,Manual,First Owner,796.0,35.0,32.93,5.0
Volkswagen Polo 1.2 MPI Comfortline,2015,12113.18,26097.6,Petrol,Dealer,Manual,First Owner,1198.0,74.0,38.74,5.0
Hyundai i10 Magna 1.1L,2015,9344.45,27961.7,Petrol,Dealer,Manual,Second Owner,1086.0,68.05,46.6,5.0
Volkswagen Vento Petrol Highline,2012,14242.97,7456.5,Petrol,Dealer,Manual,Second Owner,1598.0,103.6,35.38,5.0
Maruti Zen Estilo LXI BSIII,2009,4658.91,34486.1,Petrol,Dealer,Manual,First Owner,998.0,67.1,42.81,5.0
Hyundai i20 Asta Optional with Sunroof 1.2,2013,13976.74,38214.3,Petrol,Dealer,Manual,First Owner,1197.0,82.85,43.51,5.0
Maruti Swift Dzire LDI,2016,15973.42,93205.6,Diesel,Individual,Manual,First Owner,1248.0,74.0,62.54,5.0
Hyundai Xcent 1.2 Kappa SX Option AT,2016,15041.64,44738.7,Petrol,Dealer,Automatic,First Owner,1197.0,82.0,44.93,5.0
Maruti Alto LX BSIII,2008,3194.68,42253.2,Petrol,Dealer,Manual,Third Owner,796.0,46.3,46.34,5.0
Hyundai i20 1.4 Asta Option,2017,19301.22,68350.8,Diesel,Individual,Manual,First Owner,1396.0,88.73,53.02,5.0
Maruti Wagon R VXI,2009,4925.14,47845.6,Petrol,Dealer,Manual,Second Owner,998.0,67.05,51.25,5.0
Tata Manza Aura (ABS) Quadrajet,2010,5324.47,62137.1,Diesel,Individual,Manual,Second Owner,1248.0,90.0,44.22,5.0
Maruti Swift VXI,2019,16372.76,6213.7,Petrol,Individual,Manual,First Owner,1197.0,81.8,49.89,5.0
Maruti Eeco 7 Seater Standard BSIV,2016,7188.04,62137.1,Petrol,Individual,Manual,Third Owner,1196.0,73.0,36.15,7.0
Maruti Baleno Zeta 1.2,2018,16239.65,21748.0,Petrol,Individual,Manual,First Owner,1197.0,83.1,50.34,5.0
Mahindra Scorpio VLX AT AIRBAG BSIV,2014,16638.98,43496.0,Diesel,Individual,Automatic,Second Owner,2179.0,120.0,27.73,8.0
Ford Freestyle Titanium Petrol BSIV,2020,10648.95,3106.9,Petrol,Individual,Manual,Second Owner,1194.0,94.68,44.69,5.0
Hyundai Verna VTVT 1.6 SX,2017,23054.97,23487.8,Petrol,Individual,Manual,First Owner,1591.0,121.3,39.99,5.0
Volkswagen Passat 1.8 TSI MT,2010,18635.66,70836.3,Petrol,Individual,Manual,First Owner,1798.0,160.0,33.64,5.0
Tata Indica Vista Aura 1.2 Safire (ABS) BS IV,2010,7986.71,29825.8,Petrol,Individual,Manual,First Owner,1172.0,65.0,37.16,5.0
Mahindra XUV500 W11 Option AWD,2019,45258.03,19883.9,Diesel,Individual,Manual,First Owner,2179.0,155.0,35.52,7.0
Tata Indigo CS LS (TDI) BS-III,2016,9983.39,62137.1,Diesel,Individual,Manual,First Owner,1405.0,69.01,44.9,5.0
Hyundai Verna 1.6 SX,2013,13896.88,93205.6,Diesel,Individual,Manual,Second Owner,1582.0,126.32,52.5,5.0
Hyundai i20 Magna 1.4 CRDi (Diesel),2013,12033.28,42874.6,Diesel,Individual,Manual,First Owner,1396.0,88.76,51.51,5.0
Toyota Corolla Altis G,2009,7986.71,62137.1,Petrol,Individual,Manual,Second Owner,1798.0,138.1,34.18,5.0
Maruti Celerio VXI,2020,12645.63,8077.8,Petrol,Individual,Manual,First Owner,998.0,67.04,50.88,5.0
Maruti Vitara Brezza ZDi Plus Dual Tone,2016,20765.45,37282.3,Diesel,Individual,Manual,First Owner,1248.0,88.5,57.16,5.0
Maruti Swift Dzire VXI,2017,15840.31,24854.8,Petrol,Individual,Manual,First Owner,1197.0,83.14,49.04,5.0
Maruti Wagon R VXI BS IV,2017,11713.84,21748.0,Petrol,Individual,Manual,First Owner,998.0,67.04,48.24,5.0
Nissan Terrano XL 85 PS,2014,10648.95,43496.0,Diesel,Individual,Manual,Third Owner,1461.0,83.8,48.1,5.0
Hyundai Creta 1.6 CRDi SX,2016,30349.5,31068.6,Diesel,Individual,Manual,First Owner,1582.0,126.2,46.27,5.0
Ford EcoSport 1.5 Diesel Titanium Plus BSIV,2017,22629.01,47310.6,Diesel,Individual,Manual,First Owner,1498.0,98.96,54.1,5.0
Maruti Swift Dzire VDi,2012,9850.28,108739.9,Diesel,Individual,Manual,Fourth & Above Owner,1248.0,73.9,45.4,5.0
Renault KWID 1.0,2018,9317.83,15534.3,Petrol,Individual,Manual,First Owner,999.0,67.0,54.12,5.0
Maruti Celerio VXI,2015,9584.05,24854.8,Petrol,Individual,Manual,Second Owner,998.0,67.04,54.33,5.0
Maruti Alto LXi,2008,2795.35,40389.1,Petrol,Individual,Manual,Fourth & Above Owner,796.0,46.3,46.34,5.0
Maruti Ertiga VDI,2013,16638.98,55923.4,Diesel,Individual,Manual,Second Owner,1248.0,88.76,48.85,7.0
Hyundai Santro Xing GLS,2009,3594.02,49709.7,Petrol,Individual,Manual,Second Owner,1086.0,62.1,42.15,5.0
Maruti Ertiga VDI,2015,18635.66,68350.8,Diesel,Individual,Manual,Second Owner,1248.0,88.76,48.85,7.0
Honda Amaze S i-VTEC,2019,18369.44,809.6,Petrol,Dealer,Manual,First Owner,1198.0,86.7,41.87,5.0
Audi Q5 35TDI Premium Plus,2018,105823.92,19759.6,Diesel,Dealer,Automatic,First Owner,1968.0,188.0,40.01,5.0
Lexus ES 300h,2019,137105.2,12427.4,Petrol,Dealer,Automatic,First Owner,2487.0,214.56,52.62,5.0
Jaguar XF 2.0 Diesel Portfolio,2017,85191.58,27961.7,Diesel,Dealer,Automatic,First Owner,1999.0,177.0,45.47,5.0
Jeep Wrangler 2016-2019 3.6 4X4,2017,109151.72,10563.3,Petrol,Individual,Automatic,First Owner,3604.0,280.0,22.35,5.0
Land Rover Discovery Sport TD4 SE,2019,119800.66,13048.8,Diesel,Dealer,Automatic,First Owner,1999.0,148.31,30.18,7.0
Mercedes-Benz S-Class S 350 CDI,2017,159734.22,22990.7,Diesel,Dealer,Automatic,First Owner,2987.0,254.79,31.75,5.0
BMW 5 Series 520d Sport Line,2018,100898.78,18330.4,Diesel,Dealer,Automatic,First Owner,1995.0,187.74,52.88,5.0
BMW X4 M Sport X xDrive20d,2019,154409.75,4660.3,Diesel,Dealer,Automatic,First Owner,1995.0,190.0,39.47,5.0
Skoda Superb LK 1.8 TSI AT,2018,49650.69,31068.6,Petrol,Dealer,Automatic,First Owner,1798.0,177.46,34.51,5.0
Mercedes-Benz E-Class E250 Edition E,2016,71880.4,21748.0,Diesel,Dealer,Automatic,First Owner,2143.0,204.0,35.28,5.0
MG Hector Sharp AT BSIV,2019,46589.15,11806.0,Petrol,Dealer,Automatic,First Owner,1451.0,141.0,32.84,5.0
Honda City i-VTEC CVT VX,2017,21164.78,25476.2,Petrol,Dealer,Automatic,First Owner,1497.0,117.6,42.34,5.0
Toyota Corolla Altis 1.8 G CVT,2013,16638.98,24233.5,Petrol,Dealer,Automatic,First Owner,1798.0,138.03,33.59,5.0
Volvo XC40 D4 R-Design,2018,90516.06,13670.2,Diesel,Dealer,Automatic,First Owner,1969.0,190.0,42.34,5.0
Audi Q7 35 TDI Quattro Premium,2015,70549.28,32932.7,Diesel,Dealer,Automatic,First Owner,2967.0,241.4,28.39,7.0
Maruti Ciaz ZDi,2015,14242.97,24854.8,Diesel,Dealer,Manual,First Owner,1248.0,88.5,61.65,5.0
Mercedes-Benz S-Class S 350 CDI,2017,155740.86,29204.4,Diesel,Dealer,Automatic,First Owner,2987.0,282.0,31.75,5.0
BMW 5 Series 523i,2010,25956.81,44863.0,Petrol,Dealer,Automatic,Second Owner,2497.0,150.0,25.4,5.0
Hyundai Elantra S,2016,21431.01,31006.4,Petrol,Dealer,Manual,First Owner,1797.0,147.5,38.34,5.0
Jaguar XE 2016-2019 2.0L Diesel Prestige,2017,69883.72,5592.3,Diesel,Dealer,Automatic,First Owner,1999.0,177.0,31.99,5.0
Tata Nexon 1.2 Revotron XZ Plus Dual Tone,2018,21590.74,6835.1,Petrol,Dealer,Manual,First Owner,1198.0,108.5,39.99,5.0
Volkswagen Vento Petrol Highline,2011,9983.39,30447.2,Petrol,Individual,Manual,First Owner,1598.0,103.6,35.38,5.0
Hyundai Elantra SX,2012,14642.3,59030.2,Petrol,Individual,Manual,First Owner,1797.0,147.5,38.34,5.0
Skoda Rapid 1.6 MPI AT Elegance,2016,17171.43,6835.1,Petrol,Dealer,Automatic,First Owner,1598.0,103.5,33.64,5.0
Mercedes-Benz CLA 200 CGI Sport,2018,67887.04,11184.7,Petrol,Dealer,Automatic,First Owner,1991.0,183.0,35.38,5.0
Maruti Ertiga ZXI,2014,15946.8,28645.2,Petrol,Dealer,Manual,First Owner,1373.0,93.7,37.68,7.0
Mercedes-Benz New C-Class C 200 AVANTGARDE,2017,71880.4,9941.9,Petrol,Dealer,Automatic,First Owner,1991.0,181.04,34.67,5.0
Honda City V AT,2017,23294.57,11184.7,Petrol,Dealer,Automatic,First Owner,1497.0,116.3,36.69,5.0
Toyota Glanza V CVT,2019,23826.99,5998.7,Petrol,Dealer,Automatic,First Owner,1197.0,81.8,46.01,5.0
Maruti Alto K10 VXI,2011,4658.91,6835.1,Petrol,Dealer,Manual,First Owner,998.0,67.05,56.33,5.0
Maruti Swift VXI,2012,9051.61,15099.3,Petrol,Dealer,Manual,First Owner,1197.0,81.8,49.89,5.0
Toyota Innova Crysta 2.8 ZX AT BSIV,2016,40599.11,26198.9,Diesel,Dealer,Automatic,Second Owner,2755.0,171.5,26.72,7.0
Tata Nexon 1.5 Revotorq XZA Plus DualTone,2018,27287.93,4971.0,Diesel,Dealer,Automatic,First Owner,1497.0,108.5,50.57,5.0
BMW 3 Series 320d Luxury Line,2016,57238.1,18641.1,Diesel,Dealer,Automatic,First Owner,1995.0,190.0,53.37,5.0
Toyota Camry 2.5 Hybrid,2016,50582.5,25476.2,Petrol,Dealer,Automatic,First Owner,2494.0,157.7,45.07,5.0
BMW 5 Series 520d Luxury Line,2016,77204.87,7456.5,Diesel,Dealer,Automatic,First Owner,1995.0,190.0,42.62,5.0
Toyota Camry W4 (AT),2009,11980.07,44117.3,Petrol,Dealer,Automatic,First Owner,2362.0,164.7,28.46,5.0
Maruti Ertiga BSIV ZXI Plus,2016,22629.01,12427.4,Petrol,Individual,Manual,First Owner,1373.0,91.1,41.16,7.0
Volvo XC90 T8 Excellence BSIV,2017,266223.7,18641.1,Petrol,Individual,Automatic,First Owner,1969.0,400.0,98.79,4.0
Volkswagen Vento Diesel Highline,2011,7986.71,62137.1,Diesel,Individual,Manual,Second Owner,1598.0,103.6,48.31,5.0
Ford Figo Aspire 1.2 Ti-VCT Trend,2018,15307.86,5903.0,Petrol,Individual,Manual,First Owner,1196.0,86.8,42.72,5.0
Ford Figo Diesel LXI,2011,4259.58,74564.5,Diesel,Individual,Manual,First Owner,1399.0,68.0,47.04,5.0
Maruti Swift VXI Optional,2015,13710.52,22742.2,Petrol,Individual,Manual,First Owner,1197.0,81.8,47.98,5.0
Maruti Wagon R AMT VXI,2015,10382.72,31068.6,Petrol,Individual,Automatic,Second Owner,998.0,67.0,48.24,5.0
Hyundai i20 Magna 1.2,2016,14642.3,8699.2,Petrol,Individual,Manual,Second Owner,1197.0,81.83,43.75,5.0
Maruti 800 Std,1999,1064.89,24854.8,Petrol,Individual,Manual,Second Owner,796.0,37.0,37.87,4.0
Maruti Ritz VDi,2010,5856.92,74564.5,Diesel,Individual,Manual,First Owner,1248.0,73.9,49.63,5.0
Hyundai Grand i10 Magna,2015,11314.51,43496.0,Petrol,Individual,Manual,First Owner,1197.0,82.0,44.46,5.0
Volkswagen Ameo 1.0 MPI Trendline,2019,12778.74,8077.8,Petrol,Individual,Manual,First Owner,999.0,75.0,45.73,5.0
Hyundai Grand i10 Sportz,2014,10648.95,37282.3,Petrol,Individual,Manual,Second Owner,1197.0,82.0,44.46,5.0
Maruti Swift Dzire VXI,2014,12965.09,21748.0,Petrol,Individual,Manual,First Owner,1197.0,85.8,44.93,5.0
Hyundai Xcent 1.2 Kappa S,2016,10276.23,27340.3,Petrol,Individual,Manual,Second Owner,1197.0,82.0,44.93,5.0
Honda City 1.5 EXI,2005,2662.24,74564.5,Petrol,Individual,Manual,Second Owner,1493.0,100.0,30.58,5.0
Toyota Corolla Altis Diesel D4DG,2010,7986.71,37282.3,Diesel,Individual,Manual,First Owner,1364.0,87.2,50.41,5.0
Daewoo Matiz SD,2000,2662.24,37282.3,Petrol,Individual,Manual,First Owner,796.0,53.0,43.51,5.0
Toyota Fortuner 4x2 Manual,2014,46589.15,18641.1,Diesel,Individual,Manual,Second Owner,2982.0,168.5,30.58,7.0
Mahindra KUV 100 mFALCON G80 K8,2016,11980.07,9320.6,Petrol,Individual,Manual,Second Owner,1198.0,82.0,42.69,6.0
Tata Zest Quadrajet 1.3 75PS XM,2017,13044.96,55923.4,Diesel,Individual,Manual,First Owner,1248.0,74.0,53.98,5.0
Honda City 1.5 S MT,2009,9184.72,29204.4,Petrol,Individual,Manual,Second Owner,1497.0,118.0,39.99,5.0
Maruti Zen LXI,2005,2262.9,55923.4,Petrol,Individual,Manual,First Owner,993.0,60.0,40.69,5.0
Maruti Wagon R VXI BS IV with ABS,2010,5723.81,74937.3,Petrol,Individual,Manual,Second Owner,998.0,67.1,44.46,5.0
Hyundai Verna Transform SX VTVT,2010,8519.16,62137.1,Petrol,Individual,Manual,Third Owner,1599.0,103.2,38.1,5.0
Maruti Swift Dzire VXI,2016,12246.26,37282.3,Petrol,Individual,Manual,Second Owner,1197.0,83.14,49.04,5.0
Hyundai Getz GLS,2005,1730.45,53437.9,Petrol,Individual,Manual,First Owner,1341.0,83.0,35.99,5.0
Hyundai Elite i20 Sportz Plus BSIV,2020,19168.11,3106.9,Petrol,Individual,Manual,First Owner,1197.0,81.86,43.75,5.0
Maruti Ciaz 1.3 Alpha,2017,21297.9,22990.7,Diesel,Individual,Manual,First Owner,1248.0,88.5,66.07,5.0
Tata Tigor 1.2 Revotron XZ,2019,13843.63,8699.2,Petrol,Individual,Manual,First Owner,1199.0,84.0,47.75,5.0
Maruti Ertiga VDI,2015,15440.97,43496.0,Diesel,Individual,Manual,First Owner,1248.0,88.76,48.85,7.0
Honda City i VTEC S,2015,15973.42,31068.6,Petrol,Individual,Manual,First Owner,1497.0,117.3,40.93,5.0
Honda Brio S MT,2014,7720.49,37282.3,Petrol,Individual,Manual,Second Owner,1198.0,86.8,45.63,5.0
Maruti Swift Dzire VXI,2017,14642.3,31068.6,Petrol,Individual,Manual,First Owner,1197.0,83.14,49.04,5.0
Hyundai i20 Sportz 1.2,2013,9983.39,43496.0,Petrol,Individual,Manual,First Owner,1197.0,82.85,43.51,5.0
Maruti Wagon R AMT VXI,2018,11181.4,21748.0,Petrol,Individual,Automatic,First Owner,998.0,67.0,48.24,5.0
Maruti Swift Dzire VXI 1.2,2017,14642.3,12427.4,Petrol,Individual,Manual,First Owner,1197.0,81.8,49.89,5.0
Maruti Alto 800 LXI,2018,7188.04,12427.4,Petrol,Individual,Manual,First Owner,796.0,47.3,58.1,5.0
Maruti Swift Dzire AMT VXI BS IV,2018,18635.66,4846.7,Petrol,Individual,Automatic,First Owner,1197.0,81.8,51.75,5.0
Maruti Swift VXI Optional,2017,13311.18,12427.4,Petrol,Individual,Manual,First Owner,1197.0,81.8,47.98,5.0
Tata Hexa XE,2019,33277.96,9320.6,Diesel,Individual,Manual,First Owner,2179.0,147.94,41.4,7.0
Hyundai i20 Magna,2013,8519.16,19496.8,Petrol,Individual,Manual,Second Owner,1197.0,82.85,43.51,5.0
Maruti Swift Dzire VDI,2018,18635.66,31068.6,Diesel,Individual,Manual,First Owner,1248.0,74.02,66.8,5.0
Maruti Wagon R VXI BS IV,2015,7720.49,37282.3,Petrol,Individual,Manual,First Owner,998.0,67.04,48.24,5.0
Toyota Corolla Altis 1.8 VL AT,2012,14642.3,62137.1,Petrol,Individual,Automatic,First Owner,1794.0,138.1,34.18,5.0
Honda Brio S MT,2012,7054.93,37282.3,Petrol,Individual,Manual,First Owner,1198.0,86.8,45.63,5.0
Maruti Baleno Alpha Automatic,2018,22096.57,3106.9,Petrol,Individual,Automatic,First Owner,1197.0,83.1,50.34,5.0
Tata Safari Storme EX,2017,21297.9,37282.3,Diesel,Individual,Manual,First Owner,2179.0,147.94,33.17,7.0
Maruti Alto LXi,2011,4259.58,15534.3,Petrol,Individual,Manual,Second Owner,796.0,46.3,46.34,5.0
Renault KWID RXT,2018,8918.49,18641.1,Petrol,Individual,Manual,First Owner,799.0,53.3,59.2,5.0
Datsun GO T BSIV,2017,8758.76,49709.7,Petrol,Individual,Manual,Second Owner,1198.0,67.0,48.52,5.0
Maruti Vitara Brezza VDi Option,2017,20632.34,46602.8,Diesel,Individual,Manual,First Owner,1248.0,88.5,57.16,5.0
Hyundai Xcent 1.2 VTVT SX,2020,13950.12,19883.9,Petrol,Individual,Manual,First Owner,1197.0,81.86,47.37,5.0
Maruti Alto 800 LXI,2015,6522.48,24854.8,Petrol,Individual,Manual,First Owner,796.0,47.3,53.49,5.0
Hyundai i20 1.2 Sportz,2012,7321.15,57787.5,Petrol,Individual,Manual,Second Owner,1197.0,80.0,39.99,5.0
Tata Zest Revotron 1.2 XT,2018,13843.63,37282.3,Petrol,Individual,Manual,First Owner,1193.0,88.7,41.33,5.0
Nissan Sunny XL,2014,14642.3,22990.7,Petrol,Individual,Manual,First Owner,1498.0,97.7,39.87,5.0
Ford EcoSport 1.5 Petrol Titanium Plus BSIV,2018,24226.36,9320.6,Petrol,Individual,Manual,First Owner,1497.0,121.36,39.99,5.0
Nissan Micra Active XV S,2015,7986.71,49709.7,Petrol,Individual,Manual,First Owner,1198.0,67.04,45.84,5.0
Maruti Wagon R LXI Optional,2016,9317.83,86991.9,Petrol,Individual,Manual,First Owner,998.0,67.04,48.24,5.0
Mahindra Ssangyong Rexton RX5,2013,23960.13,43496.0,Diesel,Individual,Manual,First Owner,2696.0,162.0,30.18,7.0
Mahindra Quanto C8,2013,7986.71,74564.5,Diesel,Individual,Manual,Second Owner,1493.0,100.0,40.48,7.0
Maruti Ritz LDi,2010,6655.59,68350.8,Diesel,Individual,Manual,Second Owner,1248.0,73.9,49.63,5.0
Hyundai Creta 1.6 CRDi SX Plus Dual Tone,2017,29284.61,22990.7,Diesel,Individual,Manual,First Owner,1582.0,126.2,46.27,5.0
Renault KWID RXT,2016,7188.04,27340.3,Petrol,Individual,Manual,First Owner,799.0,53.3,59.2,5.0
Maruti Ertiga VDI,2015,17038.32,49709.7,Diesel,Individual,Manual,First Owner,1248.0,88.76,48.85,7.0
Mahindra XUV500 W4,2015,17304.54,77671.4,Diesel,Individual,Manual,First Owner,2179.0,140.0,35.52,7.0
Maruti Eeco 5 Seater AC BSIV,2017,10915.15,8388.5,Petrol,Individual,Manual,First Owner,1196.0,73.0,36.15,5.0
Hyundai Santro Xing GLS,2011,4392.69,46602.8,Petrol,Individual,Manual,First Owner,1086.0,62.1,42.15,5.0
Hyundai Accent GLE,2007,2129.79,74564.5,Petrol,Individual,Manual,Second Owner,1495.0,94.0,31.05,5.0
Mahindra XUV500 W8 2WD,2012,14242.97,74564.5,Diesel,Individual,Manual,First Owner,2179.0,140.0,35.52,7.0
Toyota Innova 2.5 EV (Diesel) PS 7 Seater BS IV,2013,18635.66,43496.0,Diesel,Individual,Manual,First Owner,2494.0,100.57,30.55,7.0
Maruti Swift Dzire VDI,2013,14642.3,43496.0,Diesel,Individual,Manual,First Owner,1248.0,74.0,55.04,5.0
Honda Amaze S CVT Petrol BSIV,2019,18103.21,9320.6,Petrol,Individual,Automatic,First Owner,1199.0,88.76,44.69,5.0
Hyundai i10 Sportz 1.2,2009,5324.47,32932.7,Petrol,Individual,Manual,Second Owner,1197.0,78.9,47.89,5.0
Maruti Swift Dzire VDI,2014,13311.18,74564.5,Diesel,Individual,Manual,Second Owner,1248.0,74.0,55.04,5.0
Maruti Ertiga SHVS ZDI Plus,2016,26622.37,43496.0,Diesel,Individual,Manual,First Owner,1248.0,88.5,57.67,7.0
Hyundai Getz 1.3 GVS,2008,2928.46,74564.5,Petrol,Individual,Manual,Second Owner,1341.0,82.9,33.4,5.0
Hyundai i20 1.2 Magna,2012,8519.16,62137.1,Petrol,Individual,Manual,Second Owner,1197.0,80.0,43.51,5.0
Maruti Swift LXI Optional-O,2015,9317.83,62137.1,Petrol,Individual,Manual,First Owner,1197.0,83.11,47.98,5.0
Tata Indica Vista TDI LS,2013,4525.8,100972.8,Diesel,Individual,Manual,First Owner,1405.0,70.0,45.63,5.0
Hyundai i20 2015-2017 Asta 1.4 CRDi,2017,21297.9,24233.5,Diesel,Individual,Manual,First Owner,1396.0,88.73,53.02,5.0
Maruti Ignis 1.3 Alpha,2017,13311.18,46602.8,Diesel,Individual,Manual,First Owner,1248.0,74.0,63.04,5.0
Tata Hexa XTA,2017,36738.87,31068.6,Diesel,Individual,Automatic,First Owner,2179.0,153.86,41.4,7.0
Mahindra Marazzo M6 8Str,2019,34609.08,24854.8,Diesel,Individual,Manual,First Owner,1497.0,121.0,40.69,8.0
Hyundai Verna 1.6 CRDI,2013,14109.86,57476.8,Diesel,Individual,Manual,First Owner,1582.0,126.3,52.5,5.0
Maruti Swift Dzire VDI,2012,9584.05,98176.6,Diesel,Individual,Manual,First Owner,1248.0,74.0,55.04,5.0
Maruti Swift Dzire LDi,2012,8252.93,74564.5,Diesel,Individual,Manual,First Owner,1248.0,73.9,45.4,5.0
Honda City i DTEC V,2015,19301.22,31068.6,Diesel,Individual,Manual,Second Owner,1498.0,98.6,61.16,5.0
Maruti Swift Dzire ZDi,2012,9051.61,68350.8,Diesel,Individual,Manual,First Owner,1248.0,73.9,45.4,5.0
Hyundai Xcent 1.2 CRDi E,2017,14642.3,1242.7,Diesel,Individual,Manual,Second Owner,1186.0,73.97,59.74,5.0
Toyota Fortuner 3.0 Diesel,2011,30615.73,112468.2,Diesel,Individual,Manual,Second Owner,2982.0,171.0,27.05,7.0
Tata Tiago 1.05 Revotorq XZ,2016,10116.5,43496.0,Diesel,Individual,Manual,First Owner,1047.0,69.0,64.17,5.0
Nissan Sunny XL AT Special Edition,2013,9317.83,55923.4,Petrol,Individual,Automatic,Second Owner,1498.0,99.6,42.27,5.0
Hyundai Elite i20 Magna Plus BSIV,2019,16239.65,1242.7,Petrol,Individual,Manual,First Owner,1197.0,81.86,43.75,5.0
Maruti Swift Dzire VXI,2015,13976.74,12427.4,Petrol,Individual,Manual,First Owner,1197.0,83.14,49.04,5.0
Toyota Innova 2.5 GX 7 STR,2011,12778.74,74564.5,Diesel,Individual,Manual,First Owner,2494.0,102.0,30.11,7.0
Mahindra Thar CRDe,2017,20765.45,21748.0,Diesel,Individual,Manual,First Owner,2498.0,105.0,38.93,6.0
Maruti Swift Dzire ZDi,2012,8519.16,119924.6,Diesel,Individual,Manual,First Owner,1248.0,73.9,45.4,5.0
Maruti Swift 1.2 DLX (Only Delhi),2014,9983.39,49709.7,Petrol,Individual,Manual,First Owner,1197.0,81.8,47.98,5.0
Datsun GO D Petrol,2019,7986.71,24854.8,Petrol,Individual,Manual,First Owner,1198.0,67.05,44.74,5.0
Hyundai i20 Asta 1.4 CRDi,2015,13311.18,43496.0,Diesel,Individual,Manual,Fourth & Above Owner,1396.0,88.73,53.02,5.0
Tata Sumo Gold EX BSIII,2015,13311.18,46602.8,Diesel,Individual,Manual,First Owner,2956.0,69.01,33.09,7.0
Tata Tiago Wizz 1.05 Revotorq,2017,9317.83,74564.5,Diesel,Individual,Manual,First Owner,1047.0,69.0,64.17,5.0
Tata Zest Revotron 1.2 XT,2015,10116.5,24854.8,Petrol,Individual,Manual,First Owner,1193.0,88.7,41.33,5.0
Hyundai Accent GLE,2008,3061.55,59154.5,Petrol,Individual,Manual,Third Owner,1495.0,94.0,31.05,5.0
Honda Brio Exclusive Edition,2014,8918.49,20525.7,Petrol,Dealer,Manual,First Owner,1198.0,86.8,45.63,5.0
Hyundai Grand i10 AT Asta,2015,12379.4,39185.5,Petrol,Dealer,Automatic,First Owner,1197.0,82.0,44.46,5.0
Tata Manza Club Class Quadrajet90 LX,2012,7720.49,37282.3,Diesel,Individual,Manual,First Owner,1248.0,88.76,49.44,5.0
Maruti Alto LX,2005,2928.46,27961.7,Petrol,Individual,Manual,Second Owner,796.0,46.3,46.34,5.0
Tata New Safari DICOR 2.2 EX 4x2,2011,11980.07,49709.7,Diesel,Individual,Manual,Third Owner,2179.0,138.1,27.21,7.0
Mahindra Bolero SLE,2009,10648.95,105633.1,Diesel,Individual,Manual,Second Owner,2523.0,63.0,31.99,7.0
Mahindra Bolero DI DX 7 Seater,2007,5590.7,129176.8,Diesel,Individual,Manual,Second Owner,2523.0,63.0,31.99,7.0
Mercedes-Benz GL-Class 220d 4MATIC Sport,2018,122462.9,4956.1,Diesel,Individual,Automatic,First Owner,2143.0,170.0,42.1,5.0
Maruti Omni E MPI STD BS IV,2016,5856.92,21748.0,Petrol,Individual,Manual,First Owner,796.0,34.2,39.52,8.0
Hyundai Grand i10 Sportz,2017,11980.07,21748.0,Petrol,Individual,Manual,First Owner,1197.0,82.0,44.46,5.0
Hyundai i10 Sportz AT,2013,7720.49,31068.6,Petrol,Individual,Automatic,First Owner,1197.0,78.9,39.87,5.0
Maruti Swift VXI Deca,2016,13843.63,12427.4,Petrol,Individual,Manual,First Owner,1197.0,81.8,47.98,5.0
Hyundai i10 Sportz AT,2011,7054.93,12427.4,Petrol,Individual,Automatic,First Owner,1197.0,78.9,39.87,5.0
Maruti Swift VXI,2012,8785.38,31068.6,Petrol,Individual,Manual,Second Owner,1197.0,85.8,43.75,5.0
Mahindra Bolero 2011-2019 ZLX,2014,13577.38,74564.5,Diesel,Individual,Manual,First Owner,2523.0,62.1,37.54,7.0
Hyundai Verna 1.6 SX VTVT (O),2014,13311.18,43496.0,Petrol,Individual,Manual,First Owner,1591.0,121.3,40.22,5.0
Hyundai i20 Active 1.2,2015,13976.74,31068.6,Petrol,Individual,Manual,First Owner,1197.0,81.86,40.43,5.0
Maruti Baleno Zeta,2019,17970.1,10252.6,Petrol,Individual,Manual,First Owner,1197.0,81.8,49.42,5.0
Hyundai i20 1.2 Asta,2010,7986.71,43496.0,Petrol,Individual,Manual,First Owner,1197.0,80.0,39.99,5.0
Maruti Alto LXI,2005,2396.01,61740.0,Petrol,Individual,Manual,Second Owner,796.0,46.3,46.34,5.0
Maruti Swift Dzire VDI,2017,17304.54,15534.3,Diesel,Individual,Manual,First Owner,1248.0,74.0,62.54,5.0
Maruti Swift Dzire VXI,2014,10888.55,43496.0,Petrol,Individual,Manual,Second Owner,1197.0,85.8,44.93,5.0
Hyundai Grand i10 CRDi Sportz,2015,10515.84,49709.7,Diesel,Individual,Manual,Second Owner,1120.0,70.0,56.45,5.0
Maruti Swift Dzire VXI,2014,10648.95,43496.0,Petrol,Individual,Manual,Second Owner,1197.0,85.8,44.93,5.0
Chevrolet Beat LS,2012,3194.68,37282.3,Petrol,Individual,Manual,Third Owner,1199.0,79.4,43.75,5.0
Tata Tigor 1.2 Revotron XZA,2018,17171.43,6213.7,Petrol,Individual,Automatic,First Owner,1199.0,84.0,47.75,5.0
Maruti 800 Std,2006,2156.41,49709.7,Petrol,Individual,Manual,First Owner,796.0,37.0,37.87,4.0
Honda City i-DTEC VX,2017,34609.08,18641.1,Diesel,Individual,Manual,First Owner,1498.0,97.9,60.22,5.0
Honda City i-DTEC VX,2017,33277.96,20505.2,Diesel,Individual,Manual,First Owner,1498.0,97.9,60.22,5.0
Maruti Ertiga VXI,2013,14242.97,55923.4,Petrol,Individual,Manual,Third Owner,1373.0,93.7,37.68,7.0
Nissan Terrano XV Premium 110 PS,2014,14775.42,49771.8,Diesel,Individual,Manual,Second Owner,1461.0,108.5,44.71,5.0
Honda City i VTEC VX,2014,19301.22,74564.5,Petrol,Individual,Manual,First Owner,1497.0,117.3,40.93,5.0
Renault KWID RXL,2016,6123.12,24854.8,Petrol,Individual,Manual,First Owner,799.0,53.3,59.2,5.0
Toyota Innova 2.5 GX (Diesel) 8 Seater,2013,21297.9,99419.4,Diesel,Individual,Manual,Second Owner,2494.0,100.6,30.55,8.0
Maruti Wagon R VXI BS IV,2017,10915.15,29204.4,Petrol,Individual,Manual,First Owner,998.0,67.04,48.24,5.0
Hyundai Creta 1.4 CRDi S Plus,2018,32213.07,15534.3,Diesel,Individual,Manual,First Owner,1396.0,88.7,50.29,5.0
Tata Tiago 1.2 Revotron XZ,2017,10648.95,16155.6,Petrol,Individual,Manual,First Owner,1199.0,84.0,56.08,5.0
Hyundai Grand i10 1.2 CRDi Sportz,2018,13843.63,18019.8,Diesel,Individual,Manual,First Owner,1186.0,73.97,56.45,5.0
Maruti Baleno Zeta Automatic,2016,17304.54,31068.6,Petrol,Individual,Automatic,First Owner,1197.0,83.1,50.34,5.0
Maruti Swift ZXI ABS,2011,8652.27,36039.5,Petrol,Individual,Manual,Third Owner,1298.0,88.2,37.87,5.0
Maruti Swift Dzire VXi AT,2012,11181.4,74564.5,Petrol,Individual,Automatic,First Owner,1197.0,85.8,40.93,5.0
Maruti Swift LXI Option,2014,10648.95,31068.6,Petrol,Individual,Manual,First Owner,1197.0,81.8,47.98,5.0
Hyundai i20 1.2 Asta,2010,6788.68,49709.7,Petrol,Individual,Manual,Fourth & Above Owner,1197.0,80.0,39.99,5.0
Maruti Zen LXI,2003,1730.45,37282.3,Petrol,Individual,Manual,Fourth & Above Owner,993.0,60.0,40.69,5.0
Maruti Celerio LXI,2017,9344.45,22369.4,Petrol,Individual,Manual,First Owner,998.0,67.04,54.33,5.0
Toyota Innova 2.5 V Diesel 8-seater,2007,10755.44,74564.5,Diesel,Individual,Manual,Third Owner,2494.0,102.0,30.11,8.0
Maruti Ritz LDi,2011,4925.14,114953.6,Diesel,Individual,Manual,Third Owner,1248.0,73.9,49.63,5.0
Nissan Micra Diesel XV,2011,6655.59,31068.6,Diesel,Individual,Manual,First Owner,1461.0,63.1,54.29,5.0
Maruti Zen LXI,2002,1597.34,62137.1,Petrol,Individual,Manual,Fourth & Above Owner,993.0,60.0,40.69,5.0
Hyundai Verna 1.6 SX VTVT (O),2013,13311.18,31068.6,Petrol,Individual,Manual,Second Owner,1591.0,121.3,40.22,5.0
Maruti Zen Estilo LXI BSIII,2007,2262.9,49709.7,Petrol,Individual,Manual,Second Owner,998.0,67.1,42.81,5.0
Maruti Alto LX,2005,2262.9,49709.7,Petrol,Individual,Manual,Fourth & Above Owner,796.0,46.3,46.34,5.0
Maruti Swift Dzire ZDi,2011,7054.93,55923.4,Diesel,Individual,Manual,Fourth & Above Owner,1248.0,73.9,45.4,5.0
Maruti A-Star Vxi,2010,3460.91,100662.1,Petrol,Individual,Manual,Second Owner,998.0,66.1,44.69,5.0
Maruti Ertiga VDI,2013,12778.74,68350.8,Diesel,Individual,Manual,Third Owner,1248.0,88.76,48.85,7.0
Maruti Swift Ldi BSIII,2008,4525.8,74564.5,Diesel,Individual,Manual,Third Owner,1248.0,75.0,41.87,5.0
Nissan Micra Diesel XV,2011,7321.15,27961.7,Diesel,Individual,Manual,First Owner,1461.0,63.1,54.29,5.0
Maruti Wagon R LXI,2005,2369.39,55923.4,Petrol,Individual,Manual,Second Owner,998.0,67.1,44.46,5.0
Ford Figo Diesel Titanium,2010,4525.8,55923.4,Diesel,Individual,Manual,Second Owner,1399.0,68.0,47.04,5.0
Mahindra XUV300 W8 Option BSIV,2019,29018.38,10252.6,Petrol,Dealer,Manual,First Owner,1197.0,110.0,39.99,5.0
Hyundai Creta 1.6 CRDi AT SX Plus,2017,29284.61,41631.9,Diesel,Individual,Automatic,First Owner,1582.0,126.2,40.01,5.0
Maruti Swift VXI BSIV,2018,16239.65,32311.3,Petrol,Dealer,Manual,First Owner,1197.0,81.8,51.75,5.0
Datsun GO T Option BSIV,2016,8918.49,24854.8,Petrol,Dealer,Manual,First Owner,1198.0,67.0,48.52,5.0
Hyundai Grand i10 Asta,2015,11580.7,24854.8,Petrol,Dealer,Manual,First Owner,1197.0,82.0,44.46,5.0
Toyota Fortuner 2.8 2WD MT BSIV,2018,79867.11,21748.0,Diesel,Individual,Manual,First Owner,2755.0,174.5,33.49,7.0
Renault KWID RXL,2018,10382.72,8077.8,Petrol,Dealer,Manual,First Owner,799.0,53.26,48.71,5.0
Honda Brio 1.2 VX MT,2012,8652.27,24854.8,Petrol,Dealer,Manual,First Owner,1198.0,86.8,43.51,5.0
Volkswagen Ameo 1.2 MPI Comfortline Plus,2019,17038.32,6213.7,Petrol,Dealer,Manual,First Owner,1198.0,73.75,39.99,5.0
Nissan Sunny XV Special Edition,2012,11980.07,5592.3,Petrol,Dealer,Manual,First Owner,1498.0,97.7,39.87,5.0
Toyota Etios Liva GD SP,2013,10648.95,43496.0,Diesel,Dealer,Manual,Second Owner,1364.0,67.06,55.49,5.0
Hyundai i10 Sportz,2009,5723.81,37282.3,Petrol,Dealer,Manual,First Owner,1197.0,78.9,47.89,5.0
Renault Duster 85PS Diesel RxL,2014,15174.75,24854.8,Diesel,Dealer,Manual,First Owner,1461.0,83.8,48.1,5.0
Mahindra XUV500 W8 2WD,2012,18103.21,57787.5,Diesel,Dealer,Manual,First Owner,2179.0,140.0,35.52,7.0
Toyota Innova 2.5 V Diesel 7-seater,2008,8652.27,49709.7,Diesel,Individual,Manual,Fourth & Above Owner,2494.0,102.0,30.11,7.0
Tata Indigo CS eGLX BS IV,2011,3993.36,31068.6,Petrol,Individual,Manual,Second Owner,1193.0,64.08,36.79,5.0
Hyundai Elantra SX AT,2013,18369.44,42253.2,Petrol,Dealer,Automatic,First Owner,1797.0,147.5,34.11,5.0
Mercedes-Benz New C-Class 220 CDI AT,2013,41264.67,15534.3,Diesel,Individual,Automatic,First Owner,2143.0,170.0,34.91,5.0
Tata Nano STD,2012,1703.83,11184.7,Petrol,Dealer,Manual,First Owner,624.0,37.5,59.74,4.0
Nissan Micra Diesel XL,2013,6655.59,74564.5,Diesel,Individual,Manual,First Owner,1461.0,63.1,54.29,5.0
Maruti Wagon R LXI,2005,1730.45,21748.0,Petrol,Individual,Manual,First Owner,998.0,67.1,44.46,5.0
Maruti Swift Dzire VDI,2016,14642.3,37282.3,Diesel,Individual,Manual,Second Owner,1248.0,74.0,62.54,5.0
Hyundai i10 Magna,2010,3727.13,43496.0,Petrol,Individual,Manual,Fourth & Above Owner,1197.0,78.9,47.89,5.0
Renault KWID RXT,2016,7986.71,18641.1,Petrol,Individual,Manual,First Owner,799.0,53.3,59.2,5.0
Volkswagen GTI 1.8 TSI,2016,21297.9,43496.0,Petrol,Individual,Automatic,First Owner,1798.0,189.3,38.43,5.0
Tata Safari Storme EX,2015,13391.05,68350.8,Diesel,Individual,Manual,First Owner,2179.0,147.94,33.17,7.0
Volvo XC40 D4 Inscription BSIV,2019,101165.01,12427.4,Diesel,Individual,Automatic,First Owner,1969.0,190.0,42.34,5.0
Toyota Camry 2.5 Hybrid,2016,53244.74,42308.5,Petrol,Trustmark Dealer,Automatic,First Owner,2494.0,157.7,45.07,5.0
Maruti Wagon R LXI,2013,5990.03,36252.6,Petrol,Trustmark Dealer,Manual,First Owner,998.0,67.05,51.25,5.0
Maruti Baleno Alpha 1.3,2018,19700.55,24119.8,Diesel,Dealer,Manual,First Owner,1248.0,74.0,64.43,5.0
Honda Jazz VX,2016,14642.3,35103.7,Petrol,Trustmark Dealer,Manual,First Owner,1199.0,88.7,42.81,5.0
Toyota Innova 2.5 VX (Diesel) 7 Seater,2013,19966.78,49292.1,Diesel,Trustmark Dealer,Manual,Second Owner,2494.0,100.6,30.55,7.0
Maruti Swift AMT VVT VXI,2019,17304.54,3492.7,Petrol,Trustmark Dealer,Automatic,First Owner,1197.0,81.8,51.75,5.0
Toyota Etios VX,2017,16638.98,15868.6,Petrol,Trustmark Dealer,Manual,First Owner,1496.0,88.73,39.47,5.0
Maruti Swift AMT ZXI,2018,15973.42,43358.6,Petrol,Dealer,Automatic,First Owner,1197.0,81.8,51.75,5.0
Hyundai Grand i10 1.2 CRDi Sportz,2017,11980.07,34977.0,Diesel,Dealer,Manual,First Owner,1186.0,73.97,56.45,5.0
BMW X4 M Sport X xDrive20d,2019,143760.8,4660.3,Diesel,Dealer,Automatic,First Owner,1995.0,190.0,39.47,5.0
BMW X4 M Sport X xDrive20d,2019,146423.03,5281.7,Diesel,Dealer,Automatic,First Owner,1995.0,190.0,39.47,5.0
Honda Amaze V CVT Petrol BSIV,2019,20738.83,4369.5,Petrol,Trustmark Dealer,Automatic,First Owner,1199.0,88.76,44.69,5.0
Volvo V40 D3 R-Design,2018,65890.37,1242.7,Diesel,Dealer,Automatic,First Owner,1984.0,150.0,39.52,5.0
Hyundai i10 Magna,2010,3993.36,65865.3,Petrol,Individual,Manual,Third Owner,1197.0,78.9,47.89,5.0
Honda CR-V 2.4L 4WD AT,2009,13311.18,74564.5,Petrol,Individual,Automatic,Second Owner,2354.0,158.8,26.11,5.0
Maruti Swift Dzire VDI,2015,12778.74,55923.4,Diesel,Individual,Manual,First Owner,1248.0,74.0,62.54,5.0
Hyundai Verna 1.6 SX CRDi (O),2014,14242.97,43496.0,Diesel,Individual,Manual,Third Owner,1582.0,126.32,52.5,5.0
Toyota Innova 2.5 G1 Diesel 8-seater,2005,6655.59,149129.0,Diesel,Individual,Manual,Third Owner,2494.0,102.0,30.11,8.0
Maruti SX4 Celebration Diesel,2012,7986.71,62137.1,Diesel,Individual,Manual,Second Owner,1248.0,88.8,50.57,5.0
Hyundai Verna XXi ABS (Petrol),2009,9051.61,132973.4,Petrol,Individual,Manual,Second Owner,1599.0,103.2,32.69,5.0
Hyundai Verna CRDi SX,2009,9051.61,132973.4,Diesel,Individual,Manual,Second Owner,1493.0,110.0,39.52,5.0
Maruti Alto 800 VXI,2016,6389.37,31068.6,Petrol,Individual,Manual,First Owner,796.0,47.3,53.49,5.0
Honda City i-VTEC CVT V,2018,28885.27,621.4,Petrol,Individual,Automatic,First Owner,1497.0,117.6,42.34,5.0
Maruti Swift Dzire AMT VDI,2017,19966.78,11806.0,Diesel,Individual,Automatic,First Owner,1248.0,74.02,66.8,5.0
Tata Indigo LS,2012,2529.13,164663.3,Diesel,Individual,Manual,Second Owner,1405.0,70.0,39.99,5.0
Maruti Alto K10 VXI,2014,5723.81,49709.7,Petrol,Individual,Manual,Second Owner,998.0,67.05,56.33,5.0
Mahindra XUV500 AT W10 AWD,2016,34342.86,31068.6,Diesel,Individual,Automatic,First Owner,2179.0,140.0,37.63,7.0
Maruti Alto K10 LXI,2010,3993.36,49709.7,Petrol,Individual,Manual,First Owner,998.0,67.1,49.21,5.0
Hyundai EON Sportz,2013,5830.3,31068.6,Petrol,Individual,Manual,Second Owner,814.0,55.2,49.63,5.0
Tata Tiago 1.2 Revotron XE,2018,8652.27,62137.1,Petrol,Individual,Manual,First Owner,1199.0,84.0,56.08,5.0
Maruti Eeco Smiles 5 Seater AC,2013,6921.82,74564.5,Petrol,Individual,Manual,Second Owner,1196.0,73.0,35.52,5.0
Honda Amaze S CVT Diesel BSIV,2019,18635.66,24854.8,Diesel,Individual,Automatic,First Owner,1498.0,78.9,55.98,5.0
Hyundai Creta 1.4 CRDi Base,2017,25291.25,27961.7,Diesel,Individual,Manual,First Owner,1396.0,88.7,50.29,5.0
Maruti Alto LXi BSIII,2010,4259.58,49709.7,Petrol,Individual,Manual,Second Owner,796.0,46.3,46.34,5.0
Hyundai Xcent 1.1 CRDi S Option,2015,10915.15,83885.1,Diesel,Individual,Manual,Second Owner,1120.0,71.01,57.39,5.0
Toyota Innova 2.5 G (Diesel) 7 Seater,2015,22362.79,74564.5,Diesel,Individual,Manual,Second Owner,2494.0,100.6,30.55,7.0
Toyota Etios Liva Diesel,2013,11980.07,41631.9,Diesel,Individual,Manual,First Owner,1364.0,67.1,55.49,5.0
Maruti Swift Dzire ZDI Plus,2017,23960.13,31068.6,Diesel,Individual,Manual,First Owner,1248.0,74.02,66.8,5.0
Toyota Innova 2.5 V Diesel 7-seater,2008,15174.75,83263.7,Diesel,Individual,Manual,Second Owner,2494.0,102.0,30.11,7.0
Nissan Micra Diesel XV,2011,6788.68,68350.8,Diesel,Individual,Manual,Second Owner,1461.0,63.1,54.29,5.0
Maruti 800 AC BSIII,2009,3460.91,24854.8,Petrol,Individual,Manual,First Owner,796.0,37.0,37.87,4.0
Maruti Swift Dzire VDI,2013,14109.86,74564.5,Diesel,Individual,Manual,Second Owner,1248.0,74.0,55.04,5.0
Volkswagen Polo 1.5 TDI Highline,2015,13843.63,68350.8,Diesel,Individual,Manual,Second Owner,1498.0,88.8,47.37,5.0
Mahindra Verito 1.5 D2 BSIII,2011,6123.12,105633.1,Diesel,Individual,Manual,Second Owner,1461.0,64.1,49.4,5.0
Maruti 800 AC BSIII,2004,2156.41,49709.7,Petrol,Individual,Manual,Second Owner,796.0,37.0,37.87,4.0
Maruti Swift VDI Optional,2016,15973.42,29204.4,Diesel,Individual,Manual,First Owner,1248.0,74.0,59.27,5.0
Hyundai Xcent 1.2 Kappa S Option,2015,10915.15,57787.5,Petrol,Individual,Manual,First Owner,1197.0,81.86,44.93,5.0
Maruti 800 Std,2010,3194.68,43496.0,Petrol,Individual,Manual,Second Owner,796.0,37.0,37.87,4.0
Maruti Celerio VXI,2014,8519.16,31068.6,Petrol,Individual,Manual,First Owner,998.0,67.04,54.33,5.0
Ford Figo Diesel EXI,2015,7773.73,43496.0,Diesel,Individual,Manual,First Owner,1399.0,68.05,47.04,5.0
Tata Safari DICOR 2.2 LX 4x2,2012,10382.72,49709.7,Diesel,Individual,Manual,First Owner,2179.0,138.03,32.77,7.0
Ford Figo 1.2P Titanium Plus MT,2016,14642.3,27340.3,Petrol,Individual,Manual,First Owner,1196.0,86.8,42.72,5.0
Maruti Celerio ZXI,2014,10249.61,15534.3,Petrol,Individual,Manual,First Owner,998.0,67.04,54.33,5.0
Hyundai Creta 1.6 VTVT S,2016,21297.9,15534.3,Petrol,Individual,Manual,First Owner,1591.0,121.3,35.96,5.0
Maruti Swift Dzire VXI 1.2,2019,17970.1,6213.7,Petrol,Individual,Manual,First Owner,1197.0,81.8,49.89,5.0
Tata Hexa XT,2018,40599.11,31068.6,Diesel,Individual,Manual,First Owner,2179.0,153.86,41.4,7.0
Ford EcoSport 1.5 Diesel Titanium Plus BSIV,2018,25291.25,18641.1,Diesel,Individual,Manual,First Owner,1498.0,98.96,54.1,5.0
Hyundai i20 Active 1.4 SX with AVN,2015,16239.65,31068.6,Diesel,Individual,Manual,Second Owner,1396.0,88.73,49.84,5.0
Hyundai i20 Asta 1.4 CRDi,2012,13976.74,74564.5,Diesel,Individual,Manual,First Owner,1396.0,88.73,53.02,5.0
Mahindra Bolero 2011-2019 SLE,2015,9983.39,49709.7,Diesel,Individual,Manual,First Owner,2523.0,62.1,37.54,7.0
Nissan Terrano XL Plus 85 PS,2015,15440.97,55923.4,Diesel,Individual,Manual,First Owner,1461.0,83.8,48.1,5.0
Maruti Swift VXI Windsong Limited edition,2015,11580.7,31068.6,Petrol,Individual,Manual,Second Owner,1197.0,83.11,47.98,5.0
Datsun RediGO 1.0 S,2020,9317.83,1327.2,Petrol,Individual,Manual,First Owner,999.0,67.0,52.92,5.0
Toyota Innova 2.5 G (Diesel) 7 Seater,2012,19434.33,155342.8,Diesel,Individual,Manual,First Owner,2494.0,100.0,30.55,7.0
Hyundai i20 Magna 1.2,2015,15973.42,21748.0,Petrol,Individual,Manual,First Owner,1197.0,81.83,43.75,5.0
Toyota Innova 2.5 VX (Diesel) 7 Seater,2015,27953.49,74564.5,Diesel,Individual,Manual,First Owner,2494.0,100.6,30.55,7.0
Maruti Baleno Alpha 1.3,2017,19567.44,43496.0,Diesel,Individual,Manual,First Owner,1248.0,74.0,64.43,5.0
Renault Duster 110PS Diesel RxZ,2018,27953.49,11184.7,Diesel,Dealer,Manual,First Owner,1461.0,108.45,46.1,5.0
Chevrolet Enjoy 1.3 TCDi LS 7,2016,11181.4,68350.8,Diesel,Individual,Manual,Second Owner,1248.0,73.74,42.81,7.0
Maruti SX4 S Cross 2015-2017 DDiS 200 Zeta,2017,21297.9,37282.3,Diesel,Individual,Manual,First Owner,1248.0,88.5,55.63,5.0
Toyota Fortuner 4x2 AT,2015,53244.74,37282.3,Diesel,Individual,Automatic,First Owner,2982.0,168.5,29.52,7.0
Maruti Swift Dzire VDI,2016,15973.42,91341.5,Diesel,Individual,Manual,Second Owner,1248.0,74.0,62.54,5.0
Toyota Fortuner 4x2 AT,2015,50582.5,80778.2,Diesel,Individual,Automatic,First Owner,2982.0,168.5,29.52,7.0
Chevrolet Captiva LT,2011,13311.18,61826.4,Diesel,Individual,Manual,Third Owner,1991.0,147.9,27.05,7.0
Tata Indica Vista Aqua 1.4 TDI,2011,5324.47,68350.8,Diesel,Individual,Manual,Second Owner,1405.0,71.0,39.99,5.0
Nissan Micra Active XL Petrol,2016,9850.28,21748.0,Petrol,Individual,Manual,First Owner,1198.0,67.04,45.84,5.0
Hyundai Verna Transform CRDi VGT SX ABS,2010,6921.82,68350.8,Diesel,Individual,Manual,Second Owner,1493.0,110.0,38.1,5.0
Mahindra KUV 100 mFALCON D75 K8,2016,7454.26,62137.1,Diesel,Individual,Manual,First Owner,1198.0,77.0,59.56,6.0
Maruti Ertiga VXI,2014,16239.65,13048.8,Petrol,Individual,Manual,First Owner,1373.0,93.7,37.68,7.0
Ford Fiesta Titanium 1.5 TDCi,2013,7986.71,37282.3,Diesel,Individual,Manual,Second Owner,1498.0,90.0,55.28,5.0
Tata Indigo CS LX DiCOR,2010,3727.13,24854.8,Diesel,Individual,Manual,First Owner,1405.0,70.0,39.05,5.0
Hyundai i10 Magna 1.1L,2008,6123.12,31068.6,Petrol,Individual,Manual,First Owner,1086.0,68.05,46.6,5.0
Maruti A-Star Vxi,2010,5324.47,40389.1,Petrol,Individual,Manual,Second Owner,998.0,66.1,44.69,5.0
Maruti Wagon R VXI BSIII,2011,5324.47,49709.7,Petrol,Individual,Manual,First Owner,998.0,67.1,44.46,5.0
Hyundai Verna 1.6 CRDi S,2015,14908.53,73943.1,Diesel,Individual,Manual,First Owner,1582.0,126.2,56.22,5.0
Maruti Ertiga SHVS VDI,2016,19966.78,49709.7,Diesel,Individual,Manual,First Owner,1248.0,88.5,57.67,7.0
Maruti Swift VDI BSIV,2017,15574.09,55923.4,Diesel,Individual,Manual,First Owner,1248.0,74.0,59.27,5.0
Hyundai Verna 1.6 VTVT S Option,2016,20233.0,12427.4,Petrol,Individual,Manual,First Owner,1591.0,121.4,40.01,5.0
Maruti Swift VDI BSIV,2014,11447.62,49709.7,Diesel,Individual,Manual,Second Owner,1248.0,74.0,59.27,5.0
Mahindra KUV 100 D75 K6 Plus,2020,12778.74,27753.5,Diesel,Individual,Manual,First Owner,1198.0,77.0,59.56,6.0
Kia Seltos HTE D,2019,17118.18,6213.7,Diesel,Individual,Manual,First Owner,1493.0,113.4,48.92,5.0
Hyundai Xcent 1.2 VTVT S,2018,13311.18,37282.3,Petrol,Individual,Manual,First Owner,1197.0,81.86,47.37,5.0
Honda Brio 1.2 S MT,2016,11314.51,13670.2,Petrol,Individual,Manual,First Owner,1198.0,86.8,43.51,5.0
Maruti Alto 800 LXI,2014,6655.59,15534.3,Petrol,Individual,Manual,First Owner,796.0,47.3,53.49,5.0
Maruti Celerio LDi,2016,7587.38,43496.0,Diesel,Individual,Manual,First Owner,793.0,47.0,64.97,5.0
Maruti Swift Dzire VXi,2008,4259.58,76428.6,Petrol,Individual,Manual,Third Owner,1298.0,85.8,41.16,5.0
Volkswagen Vento Diesel Trendline,2011,6655.59,43496.0,Diesel,Individual,Manual,Second Owner,1598.0,103.6,48.31,5.0
Chevrolet Beat LS,2013,4525.8,43496.0,Petrol,Individual,Manual,Second Owner,1199.0,79.4,43.75,5.0
Toyota Etios Liva GD,2013,10915.15,27961.7,Diesel,Individual,Manual,First Owner,1364.0,67.06,55.49,5.0
Hyundai Grand i10 AT Asta,2015,10648.95,24854.8,Petrol,Individual,Automatic,First Owner,1197.0,82.0,44.46,5.0
Maruti Swift Dzire VDI,2019,18635.66,18641.1,Diesel,Individual,Manual,First Owner,1248.0,74.02,66.8,5.0
Honda Civic 1.8 V AT,2007,9317.83,55923.4,Petrol,Individual,Automatic,First Owner,1799.0,130.0,30.34,5.0
Maruti Ertiga BSIV VXI,2016,17570.76,21126.6,Petrol,Individual,Manual,Second Owner,1373.0,91.1,41.16,7.0
Maruti Alto 800 VXI,2017,7134.8,15534.3,Petrol,Individual,Manual,First Owner,796.0,47.3,58.1,5.0
Maruti Alto 800 VXI,2016,7188.04,31068.6,Petrol,Individual,Manual,First Owner,796.0,47.3,53.49,5.0
Chevrolet Beat Diesel LT,2013,7986.71,31068.6,Diesel,Individual,Manual,First Owner,936.0,57.6,59.84,5.0
Tata Tiago 1.2 Revotron XZ,2017,11980.07,55923.4,Petrol,Individual,Manual,First Owner,1199.0,84.0,56.08,5.0
Chevrolet Beat Diesel LT,2012,5856.92,43496.0,Diesel,Individual,Manual,Second Owner,936.0,57.6,59.84,5.0
Tata New Safari DICOR 2.2 VX 4x2,2009,6655.59,90720.2,Diesel,Individual,Manual,Second Owner,2179.0,138.0,32.77,7.0
Ford Figo Petrol EXI,2012,7986.71,52816.5,Petrol,Individual,Manual,Second Owner,1196.0,70.0,36.69,5.0
Tata Indica V2 2001-2011 DLS BSIII,2009,2342.77,125423.7,Diesel,Individual,Manual,Second Owner,1396.0,52.8,42.06,5.0
Maruti Swift Dzire VDI,2016,14935.15,18641.1,Diesel,Individual,Manual,First Owner,1248.0,74.0,62.54,5.0
Maruti Swift Dzire VDI,2018,20099.89,9320.6,Diesel,Individual,Manual,First Owner,1248.0,74.02,66.8,5.0
Datsun RediGO S,2017,6256.26,15534.3,Petrol,Individual,Manual,First Owner,799.0,53.64,53.39,5.0
Maruti Alto K10 LXI,2011,4392.69,55923.4,Petrol,Individual,Manual,First Owner,998.0,67.1,49.21,5.0
Maruti Swift Dzire LDi,2008,5058.25,49709.7,Diesel,Individual,Manual,Second Owner,1248.0,73.9,45.4,5.0
Tata Indica V2 DLX BSII,2011,2928.46,31068.6,Diesel,Individual,Manual,First Owner,1396.0,53.5,40.46,5.0
Mahindra Bolero 2011-2019 DI 4WD NON AC,2012,8519.16,49709.7,Diesel,Individual,Manual,Second Owner,2523.0,63.0,31.99,8.0
Hyundai i20 Asta Option 1.2,2016,14376.08,23612.1,Petrol,Individual,Manual,First Owner,1197.0,81.83,43.75,5.0
Hyundai EON Era Plus,2013,4792.03,37282.3,Petrol,Individual,Manual,First Owner,814.0,55.2,49.63,5.0
Maruti Swift Dzire 1.2 Vxi BSIV,2012,11980.07,18641.1,Petrol,Individual,Manual,First Owner,1197.0,85.8,41.16,5.0
Maruti Swift Dzire VXI,2014,11980.07,18641.1,Petrol,Individual,Manual,First Owner,1197.0,85.8,44.93,5.0
Chevrolet Beat LT,2015,5324.47,31068.6,Petrol,Individual,Manual,First Owner,1199.0,76.8,43.75,5.0
Tata Tiago 1.2 Revotron XZ,2017,11314.51,26097.6,Petrol,Individual,Manual,First Owner,1199.0,84.0,56.08,5.0
Chevrolet Sail 1.2 LS ABS,2016,10648.95,18641.1,Petrol,Individual,Manual,First Owner,1199.0,82.4,42.81,5.0
Maruti Alto LXi BSIII,2009,3327.8,37282.3,Petrol,Individual,Manual,Third Owner,796.0,46.3,46.34,5.0
Jeep Compass 2.0 Longitude Option BSIV,2018,42595.79,8699.2,Diesel,Individual,Manual,First Owner,1956.0,170.0,40.22,5.0
Honda City i VTEC VX,2015,23960.13,13670.2,Petrol,Individual,Manual,First Owner,1497.0,117.3,40.93,5.0
Volkswagen Vento Diesel Highline,2012,11980.07,55923.4,Diesel,Individual,Manual,First Owner,1598.0,103.6,48.31,5.0
Maruti Alto K10 2010-2014 VXI,2011,5590.7,28583.1,Petrol,Individual,Manual,First Owner,998.0,67.1,49.21,5.0
Hyundai i20 1.2 Asta Option,2018,21324.52,12427.4,Petrol,Individual,Manual,First Owner,1197.0,81.83,43.75,5.0
Tata Venture EX 7 Str Captain Seats,2014,8439.29,9320.6,Diesel,Individual,Manual,First Owner,1405.0,70.0,36.27,7.0
Maruti Ertiga VXI,2015,15973.42,24854.8,Petrol,Individual,Manual,Second Owner,1373.0,93.7,37.68,7.0
Hyundai i20 Magna,2014,8785.38,18641.1,Petrol,Individual,Manual,Second Owner,1197.0,82.85,43.51,5.0
Hyundai EON Magna Plus,2017,8519.16,9320.6,Petrol,Individual,Manual,Second Owner,814.0,55.2,49.63,5.0
Hyundai Getz GLX,2007,3194.68,68350.8,Petrol,Individual,Manual,Second Owner,1341.0,83.0,35.99,5.0
Maruti Alto LXi,2009,3460.91,43496.0,Petrol,Individual,Manual,Second Owner,796.0,46.3,46.34,5.0
Chevrolet Sail 1.2 LS,2015,5856.92,49709.7,Petrol,Individual,Manual,First Owner,1199.0,82.4,42.81,5.0
Tata Zest Revotron 1.2T XM,2015,9051.61,68350.8,Petrol,Individual,Manual,First Owner,1193.0,88.7,41.33,5.0
Ford Classic 1.4 Duratorq CLXI,2013,5324.47,43496.0,Diesel,Individual,Manual,Second Owner,1399.0,67.0,46.29,5.0
Maruti Alto LXI,2002,3727.13,31068.6,Petrol,Individual,Manual,Second Owner,796.0,46.3,46.34,5.0
Toyota Innova 2.5 G (Diesel) 8 Seater,2013,26622.37,118060.5,Diesel,Individual,Manual,First Owner,2494.0,100.6,30.55,8.0
Mahindra Bolero SLX,2010,13178.07,62137.1,Diesel,Individual,Manual,Second Owner,2523.0,63.0,31.99,7.0
Maruti Alto 800 LXI,2015,6282.88,37282.3,Petrol,Individual,Manual,First Owner,796.0,47.3,53.49,5.0
Maruti Wagon R VXI BS IV,2015,10382.72,24854.8,Petrol,Individual,Manual,First Owner,998.0,67.04,48.24,5.0
Maruti Swift Dzire VDi,2009,7321.15,55923.4,Diesel,Individual,Manual,Second Owner,1248.0,73.9,45.4,5.0
Maruti Vitara Brezza ZDi Plus Dual Tone,2017,20632.34,19883.9,Diesel,Dealer,Manual,First Owner,1248.0,88.5,57.16,5.0
Toyota Innova Crysta 2.8 ZX AT BSIV,2016,47920.27,18641.1,Diesel,Individual,Automatic,First Owner,2755.0,171.5,26.72,7.0
Hyundai Creta 1.6 CRDi SX,2016,22629.01,36039.5,Diesel,Individual,Manual,First Owner,1582.0,126.2,46.27,5.0
Maruti Vitara Brezza VDi,2018,19966.78,3106.9,Diesel,Individual,Manual,First Owner,1248.0,88.5,57.16,5.0
Hyundai i20 1.2 Spotz,2018,15174.75,15534.3,Petrol,Individual,Manual,First Owner,1197.0,81.83,43.75,5.0
Hyundai Grand i10 1.2 Kappa Sportz BSIV,2018,15440.97,19883.9,Petrol,Individual,Manual,First Owner,1197.0,81.86,44.46,5.0
Honda Jazz 1.2 VX i VTEC,2016,12911.82,18641.1,Petrol,Individual,Manual,First Owner,1199.0,88.7,43.99,5.0
Honda BR-V i-VTEC S MT,2017,18635.66,26719.0,Petrol,Dealer,Manual,First Owner,1497.0,117.3,36.22,7.0
Hyundai Verna S,2012,11048.28,37282.3,Petrol,Dealer,Manual,First Owner,1497.0,113.42,41.63,5.0
Nissan Micra XV CVT,2015,8652.27,31068.6,Petrol,Individual,Automatic,First Owner,1198.0,76.0,45.49,5.0
Ford Figo Aspire 1.2 Ti-VCT Trend,2018,14642.3,8823.5,Petrol,Individual,Manual,First Owner,1196.0,86.8,42.72,5.0
Hyundai EON Sportz,2017,7986.71,6213.7,Petrol,Individual,Manual,First Owner,814.0,55.2,49.63,5.0
Datsun RediGO T Option,2018,5777.05,15534.3,Petrol,Individual,Manual,First Owner,799.0,53.64,53.39,5.0
Ford Freestyle Titanium Petrol BSIV,2018,18635.66,11868.2,Petrol,Individual,Manual,First Owner,1194.0,94.68,44.69,5.0
Hyundai Santro Sportz AMT BSIV,2019,12406.02,15534.3,Petrol,Individual,Automatic,Fourth & Above Owner,1086.0,68.0,47.75,5.0
Ford EcoSport 1.5 Diesel Trend BSIV,2014,12911.82,33554.0,Diesel,Dealer,Manual,First Owner,1498.0,98.96,54.1,5.0
Nissan Sunny XL D,2018,17836.99,21748.0,Diesel,Individual,Manual,First Owner,1461.0,84.8,53.42,5.0
Hyundai Grand i10 1.2 Kappa Sportz BSIV,2018,13311.18,12427.4,Petrol,Individual,Manual,Second Owner,1197.0,81.86,44.46,5.0
Maruti SX4 S Cross 2015-2017 DDiS 200 Zeta,2016,17970.1,32311.3,Diesel,Individual,Manual,First Owner,1248.0,88.5,55.63,5.0
Hyundai i20 1.4 CRDi Asta,2011,5856.92,74564.5,Diesel,Individual,Manual,Second Owner,1396.0,90.0,54.1,5.0
Jeep Compass 2.0 Limited,2017,43926.91,31068.6,Diesel,Individual,Manual,First Owner,1956.0,170.0,40.22,5.0
Maruti Ertiga ZDI,2013,16772.09,74564.5,Diesel,Individual,Manual,Second Owner,1248.0,88.8,48.85,7.0
Tata Manza Aura Quadrajet,2010,6655.59,55923.4,Diesel,Individual,Manual,Second Owner,1248.0,90.0,44.22,5.0
Maruti Wagon R LXI,2004,3194.68,74564.5,Petrol,Individual,Manual,Third Owner,998.0,67.1,44.46,5.0
Skoda Rapid 1.5 TDI Elegance,2015,7986.71,63069.2,Diesel,Individual,Manual,Second Owner,1498.0,103.52,49.72,5.0
Hyundai Verna 1.6 CRDi EX AT,2013,13976.74,46602.8,Diesel,Individual,Automatic,First Owner,1582.0,126.3,52.5,5.0
Mahindra Scorpio 1.99 S10,2016,29284.61,62137.1,Diesel,Individual,Manual,First Owner,1997.0,120.0,36.22,7.0
Renault Duster 110PS Diesel RxZ,2012,12778.74,34632.1,Diesel,Individual,Manual,Second Owner,1461.0,108.45,44.71,5.0
Mahindra XUV500 W4,2014,16106.53,49709.7,Diesel,Individual,Manual,Second Owner,2179.0,140.0,35.52,7.0
Maruti Alto 800 LXI Optional,2016,6655.59,31068.6,Petrol,Individual,Manual,Second Owner,796.0,47.3,58.1,5.0
Ford Figo Diesel Celebration Edition,2013,6522.48,43496.0,Diesel,Individual,Manual,Second Owner,1399.0,68.1,47.04,5.0
Hyundai i10 Magna 1.2 iTech SE,2012,5590.7,47224.2,Petrol,Individual,Manual,Fourth & Above Owner,1197.0,78.9,47.89,5.0
Maruti Swift Dzire VXI 1.2,2020,19434.33,932.1,Petrol,Individual,Manual,First Owner,1197.0,81.8,49.89,5.0
Mahindra Bolero 2011-2019 SLX,2012,13311.18,47224.2,Diesel,Individual,Manual,First Owner,2523.0,62.1,37.54,7.0
Maruti Wagon R VXI Optional,2015,10648.95,24854.8,Petrol,Individual,Manual,First Owner,998.0,67.04,48.24,5.0
Hyundai EON Magna Plus,2015,7454.26,37282.3,Petrol,Individual,Manual,Second Owner,814.0,55.2,49.63,5.0
Toyota Innova 2.5 G (Diesel) 8 Seater BS IV,2009,14935.15,105633.1,Diesel,Individual,Manual,Third Owner,2494.0,102.0,30.11,8.0
Mitsubishi Pajero Sport 4X4,2013,25291.25,112773.2,Diesel,Dealer,Manual,First Owner,2477.0,175.56,31.75,7.0
Chevrolet Beat Diesel LS,2016,9983.39,33130.9,Diesel,Dealer,Manual,First Owner,936.0,56.3,59.84,5.0
Volkswagen Ameo 1.5 TDI Comfortline,2017,18635.66,25417.8,Diesel,Dealer,Manual,First Owner,1498.0,108.62,50.95,5.0
Toyota Etios VX,2012,9983.39,19704.3,Petrol,Dealer,Manual,Second Owner,1496.0,88.7,41.4,5.0
Hyundai EON Era Plus,2012,7188.04,27188.1,Petrol,Dealer,Manual,Second Owner,814.0,55.2,49.63,5.0
Renault KWID RXT,2016,7986.71,41441.1,Petrol,Dealer,Manual,First Owner,799.0,53.3,59.2,5.0
Maruti Zen Estilo VXI BSIV,2010,5990.03,37002.0,Petrol,Dealer,Manual,First Owner,998.0,67.1,44.69,5.0
Toyota Innova 2.5 G (Diesel) 8 Seater,2015,35940.2,58648.1,Diesel,Dealer,Manual,First Owner,2494.0,100.6,30.55,8.0
Maruti Zen Estilo LXI BSIII,2010,5324.47,45813.7,Petrol,Dealer,Manual,First Owner,998.0,67.1,42.81,5.0
Hyundai Verna 1.6 SX,2011,10648.95,137875.4,Diesel,Dealer,Manual,First Owner,1582.0,126.32,52.5,5.0
Honda Amaze VX i-DTEC,2013,13311.18,72143.7,Diesel,Dealer,Manual,First Owner,1498.0,98.6,60.69,5.0
Maruti Swift VXI BSIV,2015,13311.18,93544.9,Petrol,Dealer,Manual,First Owner,1197.0,81.8,51.75,5.0
Toyota Fortuner 2.8 2WD MT,2013,39933.55,92037.5,Diesel,Dealer,Manual,First Owner,2755.0,174.5,33.49,7.0
Ford Ecosport 1.5 Ti VCT MT Titanium,2015,14775.42,12427.4,Petrol,Individual,Manual,Second Owner,1499.0,110.0,37.16,5.0
Hyundai Grand i10 1.2 Kappa Magna AT,2018,15440.97,18641.1,Petrol,Individual,Automatic,First Owner,1197.0,81.86,44.46,5.0
Tata Aria Pride,2011,8971.74,88234.7,Diesel,Individual,Manual,Third Owner,2179.0,138.1,32.22,7.0
Tata Manza Aura Plus Quadrajet,2009,4792.03,74564.5,Diesel,Individual,Manual,Second Owner,1248.0,90.0,44.22,5.0
Hyundai i10 Sportz 1.1L,2011,5324.47,49709.7,Petrol,Individual,Manual,First Owner,1086.0,68.05,46.6,5.0
Tata Indigo CS LX (TDI) BS-III,2016,6921.82,37282.3,Diesel,Individual,Manual,First Owner,1405.0,69.01,44.9,5.0
Renault KWID 1.0 RXT Optional,2016,9317.83,15534.3,Petrol,Individual,Manual,First Owner,999.0,67.0,54.12,5.0
Mahindra Bolero SLX,2011,10915.15,31068.6,Diesel,Individual,Manual,Second Owner,2523.0,63.0,31.99,7.0
Mahindra TUV 300 T8,2017,17437.65,78292.7,Diesel,Individual,Manual,First Owner,1493.0,100.0,43.49,7.0
Maruti Swift Dzire LDI,2015,9850.28,105633.1,Diesel,Individual,Manual,First Owner,1248.0,74.0,62.54,5.0
Maruti Alto 800 LXI,2013,5324.47,14912.9,Petrol,Individual,Manual,First Owner,796.0,47.3,53.49,5.0
Maruti Ertiga SHVS ZDI,2017,21297.9,62137.1,Diesel,Individual,Manual,Second Owner,1248.0,88.5,57.67,7.0
Tata Tiago NRG Petrol,2019,14642.3,6213.7,Petrol,Individual,Manual,First Owner,1199.0,83.81,56.45,5.0
Ford Figo Diesel ZXI,2012,7986.71,43496.0,Diesel,Individual,Manual,Second Owner,1399.0,68.0,47.04,5.0
Maruti Omni E MPI STD BS IV,2017,5856.92,24854.8,Petrol,Individual,Manual,First Owner,796.0,34.2,39.52,8.0
Maruti Wagon R LXI BS IV,2011,5217.98,68350.8,Petrol,Individual,Manual,First Owner,998.0,67.1,44.46,5.0
Hyundai i10 Era,2008,3594.02,49709.7,Petrol,Individual,Manual,Second Owner,1086.0,68.05,46.6,5.0
Tata Bolt Revotron XE,2015,7960.09,10252.6,Petrol,Individual,Manual,First Owner,1193.0,88.7,41.33,5.0
Maruti Alto K10 VXI,2017,7986.71,18641.1,Petrol,Individual,Manual,First Owner,998.0,67.05,56.33,5.0
Maruti Ertiga SHVS VDI,2017,19168.11,49709.7,Diesel,Individual,Manual,First Owner,1248.0,88.5,57.67,7.0
Tata Safari Storme EX,2016,17304.54,31068.6,Diesel,Individual,Manual,Third Owner,2179.0,147.94,33.17,7.0
Maruti Alto K10 VXI,2016,7986.71,15534.3,Petrol,Individual,Manual,First Owner,998.0,67.05,56.33,5.0
Hyundai Grand i10 1.2 CRDi Asta,2019,19966.78,12427.4,Diesel,Individual,Manual,First Owner,1186.0,73.97,56.45,5.0
Renault KWID RXT,2016,6921.82,37282.3,Petrol,Individual,Manual,First Owner,799.0,53.3,59.2,5.0
Maruti Swift VDI,2011,7986.71,43496.0,Diesel,Individual,Manual,Second Owner,1248.0,74.0,53.86,5.0
Mahindra Bolero 2011-2019 SLX,2014,15973.42,31068.6,Diesel,Individual,Manual,Second Owner,2523.0,62.1,37.54,7.0
Honda Accord V6 AT,2004,7321.15,62137.1,Petrol,Individual,Automatic,Second Owner,2997.0,218.0,21.17,5.0
Maruti Alto K10 VXI,2015,6655.59,32311.3,Petrol,Individual,Manual,First Owner,998.0,67.05,56.33,5.0
Maruti Swift Dzire VDI,2014,11181.4,49709.7,Diesel,Individual,Manual,First Owner,1248.0,74.0,55.04,5.0
Hyundai EON Era Plus,2015,6256.26,31068.6,Petrol,Individual,Manual,First Owner,814.0,55.2,49.63,5.0
Mahindra Scorpio S10 7 Seater,2016,29284.61,37282.3,Diesel,Individual,Manual,First Owner,2179.0,120.0,36.22,7.0
Maruti Alto K10 VXI,2019,9584.05,15534.3,Petrol,Individual,Manual,First Owner,998.0,67.05,56.33,5.0
Hyundai Grand i10 CRDi Asta,2014,10116.5,31068.6,Diesel,Individual,Manual,Second Owner,1120.0,70.0,56.45,5.0
Ford EcoSport 1.5 TDCi Titanium BSIV,2016,17304.54,77671.4,Diesel,Individual,Manual,First Owner,1498.0,98.59,53.56,5.0
Maruti Wagon R VXI Optional,2016,9317.83,49709.7,Petrol,Individual,Manual,First Owner,998.0,67.04,48.24,5.0
Hyundai i20 Asta (o) 1.4 CRDi (Diesel),2010,7188.04,55923.4,Diesel,Individual,Manual,Third Owner,1396.0,90.0,54.1,5.0
Tata Bolt Quadrajet XE,2017,11980.07,31068.6,Diesel,Individual,Manual,First Owner,1248.0,74.0,53.98,5.0
Mahindra Thar CRDe,2016,16772.09,62758.5,Diesel,Individual,Manual,First Owner,2498.0,105.0,38.93,6.0
Mahindra Xylo E4 BS IV,2010,6123.12,104390.3,Diesel,Individual,Manual,First Owner,2498.0,112.0,32.93,7.0
Maruti Wagon R VXI BS IV,2011,7188.04,24854.8,Petrol,Individual,Manual,First Owner,998.0,67.1,44.46,5.0
Maruti Wagon R VXI BS IV,2012,7321.15,12427.4,Petrol,Individual,Manual,First Owner,998.0,67.1,44.46,5.0
Mahindra TUV 300 T8,2015,16878.58,102526.2,Diesel,Individual,Manual,First Owner,1493.0,100.0,43.49,7.0
Maruti A-Star Zxi,2012,6256.26,61205.0,Petrol,Individual,Manual,Second Owner,998.0,66.1,44.69,5.0
Hyundai i10 Asta,2008,7321.15,60894.4,Petrol,Individual,Manual,Third Owner,1197.0,78.9,47.89,5.0
Mahindra Thar CRDe AC,2014,18635.66,24854.8,Diesel,Individual,Manual,Second Owner,2498.0,105.0,38.93,6.0
Fiat Grande Punto Sport 90BHP,2013,10648.95,55923.4,Diesel,Individual,Manual,First Owner,1248.0,92.0,47.75,5.0
Maruti Alto LXi,2012,5723.81,55923.4,Petrol,Individual,Manual,Third Owner,796.0,46.3,46.34,5.0
Hyundai Getz 1.5 CRDi GVS,2009,3993.36,68350.8,Diesel,Individual,Manual,Second Owner,1493.0,110.0,40.22,5.0
Maruti S-Cross 2017-2020 Zeta DDiS 200 SH,2018,25291.25,48342.7,Diesel,Individual,Manual,First Owner,1248.0,88.5,59.04,5.0
Mahindra TUV 300 T8,2015,19434.33,62137.1,Diesel,Individual,Manual,First Owner,1493.0,100.0,43.49,7.0
Tata Indica V2 Turbomax DLS BS IV,2012,3594.02,74564.5,Diesel,Individual,Manual,Second Owner,1405.0,71.0,44.69,5.0
Hyundai Xcent 1.2 Kappa Base,2016,9317.83,49709.7,Petrol,Individual,Manual,Second Owner,1197.0,82.0,44.93,5.0
Mahindra KUV 100 G80 K6 Plus,2018,14242.97,13048.8,Petrol,Individual,Manual,Second Owner,1198.0,82.0,42.69,6.0
Maruti Swift Dzire Tour S CNG,2018,12113.18,62137.1,Petrol,Individual,Manual,Second Owner,1197.0,85.8,44.69,5.0
Maruti Swift Dzire VXI 1.2,2019,17437.65,15534.3,Petrol,Individual,Manual,First Owner,1197.0,81.8,49.89,5.0
Ford EcoSport 1.5 Diesel Titanium BSIV,2019,21297.9,18641.1,Diesel,Individual,Manual,Third Owner,1498.0,98.96,54.1,5.0
Toyota Yaris V CVT BSIV,2018,29284.61,15534.3,Petrol,Individual,Automatic,First Owner,1496.0,105.5,41.87,5.0
Mercedes-Benz E-Class E250 CDI Avantgarde,2016,79867.11,24854.8,Diesel,Individual,Automatic,First Owner,2143.0,204.0,30.58,5.0
Toyota Fortuner 4x2 4 Speed AT,2012,32612.4,99419.4,Diesel,Individual,Automatic,First Owner,2982.0,169.0,27.05,7.0
Mahindra KUV 100 G80 K2,2018,9051.61,31995.6,Petrol,Individual,Manual,First Owner,1198.0,82.0,42.69,6.0
Volkswagen Vento Diesel Highline,2011,7986.71,44738.7,Diesel,Individual,Manual,Second Owner,1598.0,103.6,48.31,5.0
Ford Figo 1.2P Titanium Opt MT,2016,9850.28,37282.3,Petrol,Individual,Manual,First Owner,1196.0,86.8,42.72,5.0
Mahindra Bolero 2011-2019 SLE,2013,8785.38,84506.5,Diesel,Individual,Manual,Second Owner,2523.0,62.1,37.54,7.0
Hyundai Santro Xing GLS,2014,6336.12,37282.3,Petrol,Individual,Manual,First Owner,1086.0,62.1,42.15,5.0
Hyundai Santro Xing GLS,2013,5324.47,55923.4,Petrol,Individual,Manual,First Owner,1086.0,62.1,42.15,5.0
Nissan Sunny Diesel XV,2014,8519.16,56544.8,Diesel,Individual,Manual,Fourth & Above Owner,1461.0,84.8,53.42,5.0
Hyundai Santro Xing GL Plus,2009,3061.55,55923.4,Petrol,Individual,Manual,Fourth & Above Owner,1086.0,62.1,42.15,5.0
Maruti Wagon R LXI BS IV,2015,8519.16,31068.6,Petrol,Individual,Manual,Second Owner,998.0,67.04,48.24,5.0
Hyundai i10 Era,2010,5590.7,12427.4,Petrol,Individual,Manual,First Owner,1086.0,68.05,46.6,5.0
Mahindra Xylo D2 BS IV,2011,5324.47,74564.5,Diesel,Individual,Manual,First Owner,2489.0,95.0,32.93,8.0
Maruti Wagon R LXI Minor,2009,3594.02,93205.6,Petrol,Individual,Manual,Second Owner,1061.0,67.0,44.46,5.0
Tata Indigo CS LS (TDI) BS-III,2015,9317.83,32311.3,Diesel,Individual,Manual,First Owner,1405.0,69.01,44.9,5.0
Mahindra Bolero 2011-2019 DI BSIII,2014,9317.83,103769.0,Diesel,Individual,Manual,Second Owner,2523.0,63.0,31.99,8.0
Maruti Swift Dzire VDI,2017,18103.21,24854.8,Diesel,Individual,Manual,First Owner,1248.0,74.02,66.8,5.0
Maruti Swift Vdi BSIII,2010,5324.47,118060.5,Diesel,Individual,Manual,Second Owner,1248.0,75.0,41.87,5.0
Renault KWID 1.0 RXT Optional,2016,7986.71,31068.6,Petrol,Individual,Manual,First Owner,999.0,67.0,54.12,5.0
Mahindra Xylo E6,2011,7188.04,43496.0,Diesel,Individual,Manual,Second Owner,2498.0,112.0,32.93,7.0
Maruti Wagon R LXI BSIII,2012,5990.03,49709.7,Petrol,Individual,Manual,Second Owner,998.0,67.1,44.46,5.0
Mahindra Bolero DI DX 8 Seater,2008,6655.59,74564.5,Diesel,Individual,Manual,First Owner,2523.0,63.0,31.99,8.0
Mahindra TUV 300 T8,2015,15707.2,24854.8,Diesel,Individual,Manual,Second Owner,1493.0,100.0,43.49,7.0
Hyundai EON Era Plus,2015,7720.49,10563.3,Petrol,Individual,Manual,First Owner,814.0,55.2,49.63,5.0
Maruti Zen Estilo LXI BS IV,2010,2662.24,111846.8,Petrol,Individual,Manual,Second Owner,998.0,67.1,44.69,5.0
Maruti Celerio VXI,2016,10515.84,31068.6,Petrol,Individual,Manual,First Owner,998.0,67.04,54.33,5.0
Hyundai EON Era Plus,2014,5191.36,40389.1,Petrol,Individual,Manual,Second Owner,814.0,55.2,49.63,5.0
Tata Nano Cx,2011,1198.01,6213.7,Petrol,Individual,Manual,Third Owner,624.0,35.0,61.16,4.0
Mahindra Bolero DI DX 8 Seater,2009,7188.04,43496.0,Diesel,Individual,Manual,Second Owner,2523.0,63.0,31.99,8.0
Hyundai i20 Asta 1.4 CRDi,2015,19034.99,31068.6,Diesel,Individual,Manual,First Owner,1396.0,88.73,53.02,5.0
Hyundai Elite i20 Magna Plus BSIV,2019,15973.42,6213.7,Petrol,Individual,Manual,First Owner,1197.0,81.86,43.75,5.0
Mahindra TUV 300 T6 Plus,2019,23294.57,15534.3,Diesel,Individual,Manual,First Owner,1493.0,100.0,43.49,7.0
Mahindra Scorpio M2DI,2011,11181.4,62137.1,Diesel,Individual,Manual,Second Owner,2179.0,115.0,31.75,5.0
Honda CR-V 2.4 4WD AT,2007,8652.27,43496.0,Petrol,Individual,Automatic,Second Owner,2354.0,152.0,23.76,5.0
Datsun GO Anniversary Edition,2017,10249.61,18641.1,Petrol,Individual,Manual,First Owner,1198.0,67.06,48.52,5.0
Mahindra KUV 100 mFALCON G80 K2,2016,7986.71,24854.8,Petrol,Individual,Manual,First Owner,1198.0,82.0,42.69,6.0
Hyundai i20 Sportz 1.4 CRDi,2012,8918.49,83885.1,Diesel,Individual,Manual,First Owner,1396.0,88.76,51.51,5.0
Maruti Celerio LXI,2014,7986.71,21748.0,Petrol,Individual,Manual,First Owner,998.0,67.04,54.33,5.0
Hyundai Accent GLE,2004,2129.79,74564.5,Petrol,Individual,Manual,Second Owner,1495.0,94.0,31.05,5.0
Mahindra Bolero 2011-2019 SLE,2012,10648.95,74564.5,Diesel,Individual,Manual,First Owner,2523.0,62.1,37.54,7.0
Tata Indigo CS LS (TDI) BS III,2012,4472.56,118060.5,Diesel,Individual,Manual,Second Owner,1396.0,69.0,44.9,5.0
Mahindra Bolero PLUS AC BSIII,2011,8519.16,108739.9,Diesel,Individual,Manual,Third Owner,2523.0,63.0,31.99,7.0
Nissan Sunny XE,2011,9317.83,15534.3,Petrol,Individual,Manual,Second Owner,1498.0,97.7,39.87,5.0
Tata Manza Club Class Quadrajet90 VX,2013,7454.26,49709.7,Diesel,Individual,Manual,First Owner,1248.0,88.76,49.44,5.0
Hyundai Xcent 1.1 CRDi SX Option,2017,14642.3,43496.0,Diesel,Individual,Manual,Second Owner,1120.0,71.0,57.39,5.0
Hyundai Xcent 1.2 VTVT E Plus,2018,13311.18,6213.7,Petrol,Individual,Manual,First Owner,1197.0,81.86,47.37,5.0
Ford Freestyle Titanium Plus Petrol BSIV,2019,18635.66,3728.2,Petrol,Individual,Manual,First Owner,1194.0,94.68,44.69,5.0
Skoda Rapid Ultima 1.6 TDI Elegance,2013,10116.5,55923.4,Diesel,Individual,Manual,Second Owner,1598.0,103.5,48.22,5.0
Toyota Innova 2.5 G (Diesel) 7 Seater,2014,19966.78,31068.6,Diesel,Individual,Manual,First Owner,2494.0,100.6,30.55,7.0
Hyundai Grand i10 1.2 Kappa Magna AT,2018,14136.48,12427.4,Petrol,Individual,Automatic,First Owner,1197.0,81.86,44.46,5.0
Renault KWID 1.0 RXT Optional,2017,7986.71,21748.0,Petrol,Individual,Manual,First Owner,999.0,67.0,54.12,5.0
Volkswagen Polo 1.5 TDI Comfortline,2014,9317.83,37282.3,Diesel,Individual,Manual,Second Owner,1498.0,88.8,47.37,5.0
Chevrolet Beat LT,2010,3993.36,42253.2,Petrol,Individual,Manual,Fourth & Above Owner,1199.0,79.4,43.75,5.0
Maruti Swift VXI Optional,2015,11980.07,18641.1,Petrol,Individual,Manual,First Owner,1197.0,81.8,47.98,5.0
Mahindra XUV500 W10 2WD,2017,43261.35,33554.0,Diesel,Individual,Manual,First Owner,2179.0,140.0,37.63,7.0
Tata Indica V2 DLX TC,2006,2262.9,74564.5,Diesel,Individual,Manual,Third Owner,1405.0,68.0,39.52,5.0
Hyundai Grand i10 1.2 Kappa Magna BSIV,2018,11980.07,18641.1,Petrol,Individual,Manual,First Owner,1197.0,81.86,44.46,5.0
Tata Tiago 1.05 Revotorq XM,2017,9584.05,31068.6,Diesel,Individual,Manual,First Owner,1047.0,69.0,64.17,5.0
Maruti Alto K10 VXI,2020,10382.72,3728.2,Petrol,Individual,Manual,First Owner,998.0,67.05,56.33,5.0
Maruti Eeco 7 Seater Standard BSIV,2011,3860.24,31068.6,Petrol,Individual,Manual,Second Owner,1196.0,73.0,36.15,7.0
Mahindra Scorpio VLX 2WD AIRBAG SE BSIV,2012,14376.08,55923.4,Diesel,Individual,Manual,Third Owner,2179.0,120.0,28.34,8.0
Toyota Innova 2.5 E Diesel MS 8-seater,2008,7720.49,78292.7,Diesel,Individual,Manual,Third Owner,2494.0,102.0,30.11,8.0
Tata Indigo eCS VX BSIV,2013,7986.71,55923.4,Diesel,Individual,Manual,First Owner,1396.0,69.0,58.8,5.0
Ford Figo Aspire 1.2 Ti-VCT Titanium,2017,15041.64,49709.7,Petrol,Individual,Manual,First Owner,1196.0,86.8,42.72,5.0
Mahindra Scorpio 2.6 CRDe SLE,2011,11740.47,43496.0,Diesel,Individual,Manual,Second Owner,2609.0,120.0,24.7,7.0
Hyundai EON Era Plus,2011,4792.03,49709.7,Petrol,Individual,Manual,Second Owner,814.0,55.2,49.63,5.0
Hyundai EON D Lite,2013,5324.47,49709.7,Petrol,Individual,Manual,Second Owner,814.0,55.2,49.63,5.0
Maruti Alto LX,2005,2262.9,93205.6,Petrol,Individual,Manual,Second Owner,796.0,46.3,46.34,5.0
Tata Indica V2 DL BSIII,2006,1797.01,68350.8,Diesel,Individual,Manual,Fourth & Above Owner,1396.0,52.8,42.06,5.0
Maruti Vitara Brezza ZDi Plus Dual Tone,2016,18635.66,68350.8,Diesel,Individual,Manual,Second Owner,1248.0,88.5,57.16,5.0
Volkswagen Polo Diesel Highline 1.2L,2010,7321.15,49709.7,Diesel,Individual,Manual,Fourth & Above Owner,1199.0,73.9,51.91,5.0
Hyundai Grand i10 1.2 Kappa Sportz BSIV,2019,15973.42,12427.4,Petrol,Individual,Manual,First Owner,1197.0,81.86,44.46,5.0
Mahindra Xylo D2,2011,6655.59,74564.5,Diesel,Individual,Manual,First Owner,2489.0,95.0,30.58,8.0
Fiat Linea 1.3 Active,2010,5324.47,49709.7,Diesel,Individual,Manual,Second Owner,1248.0,91.2,47.98,5.0
Hyundai Grand i10 CRDi Sportz,2015,11314.51,56855.4,Diesel,Individual,Manual,Second Owner,1120.0,70.0,56.45,5.0
Maruti Swift Dzire VDi,2012,11181.4,74564.5,Diesel,Individual,Manual,Second Owner,1248.0,73.9,45.4,5.0
Hyundai i20 1.4 CRDi Era,2012,8545.78,62137.1,Diesel,Individual,Manual,Second Owner,1396.0,90.0,54.1,5.0
Mahindra Xylo D4 BSIV,2012,9317.83,74564.5,Diesel,Individual,Manual,Fourth & Above Owner,2498.0,112.0,32.93,8.0
Honda Amaze i-VTEC Privilege Edition,2017,13044.96,49709.7,Petrol,Individual,Manual,First Owner,1198.0,86.7,41.87,5.0
Mahindra Scorpio S2 7 Seater,2015,18103.21,55923.4,Diesel,Individual,Manual,First Owner,2523.0,75.0,36.22,7.0
Maruti Alto K10 VXI,2016,7933.47,43496.0,Petrol,Individual,Manual,First Owner,998.0,67.05,56.33,5.0
Mahindra Scorpio M2DI,2011,11980.07,93205.6,Diesel,Individual,Manual,Fourth & Above Owner,2179.0,115.0,31.75,5.0
Tata Indica Vista Quadrajet ZX,2012,6655.59,24854.8,Diesel,Individual,Manual,First Owner,1248.0,74.0,52.45,5.0
Ford Endeavour Hurricane Limited Edition,2013,28619.05,68350.8,Diesel,Individual,Automatic,Third Owner,2953.0,156.0,30.11,7.0
Hyundai Grand i10 Sportz,2017,13311.18,12427.4,Petrol,Individual,Manual,First Owner,1197.0,82.0,44.46,5.0
Ford Freestyle Trend Petrol BSIV,2019,18129.83,6213.7,Petrol,Individual,Manual,First Owner,1194.0,94.68,44.69,5.0
Mahindra XUV500 W8 2WD,2014,17304.54,55923.4,Diesel,Individual,Manual,Second Owner,2179.0,140.0,35.52,7.0
Chevrolet Aveo U-VA 1.2 LS,2008,2129.79,43496.0,Petrol,Individual,Manual,Second Owner,1150.0,74.9,35.89,5.0
Mahindra Bolero SLX 2WD BSIII,2009,7720.49,74564.5,Diesel,Individual,Manual,First Owner,2523.0,63.0,31.99,7.0
Mahindra Scorpio 2.6 SPORTZ CRDe,2006,5856.92,74564.5,Diesel,Individual,Manual,Second Owner,2179.0,120.0,24.7,8.0
Datsun RediGO Sport,2017,6123.12,49709.7,Petrol,Individual,Manual,First Owner,799.0,53.0,53.39,5.0
Mahindra Bolero ZLX BSIII,2003,3993.36,82318.0,Diesel,Individual,Manual,Second Owner,2523.0,63.0,31.99,7.0
Maruti Swift Dzire VXI,2014,13311.18,27961.7,Petrol,Individual,Manual,First Owner,1197.0,85.8,44.93,5.0
Tata Indigo CS LS (TDI) BS III,2013,4658.91,74564.5,Diesel,Individual,Manual,First Owner,1396.0,69.0,44.9,5.0
Ford Freestyle Titanium Petrol BSIV,2019,19168.11,6213.7,Petrol,Individual,Manual,First Owner,1194.0,94.68,44.69,5.0
Maruti 800 AC,2012,2662.24,31689.9,Petrol,Individual,Manual,First Owner,796.0,37.0,37.87,4.0
Honda Civic 1.8 V AT,2009,6655.59,65244.0,Petrol,Individual,Automatic,Second Owner,1799.0,130.0,30.34,5.0
Mahindra XUV500 W6 2WD,2014,21564.12,62137.1,Diesel,Individual,Manual,First Owner,2179.0,140.0,35.52,7.0
Maruti Alto LXi,2010,4392.69,18641.1,Petrol,Individual,Manual,Third Owner,796.0,46.3,46.34,5.0
Maruti Swift VDI,2013,11447.62,53437.9,Diesel,Individual,Manual,Second Owner,1248.0,74.0,53.86,5.0
Datsun GO Plus D1,2015,7986.71,9320.6,Petrol,Individual,Manual,First Owner,1198.0,67.0,48.5,7.0
Maruti Swift Dzire VDi,2011,9317.83,85438.5,Diesel,Individual,Manual,Third Owner,1248.0,73.9,45.4,5.0
Renault KWID 1.0 RXT Optional,2018,10648.95,37282.3,Petrol,Individual,Manual,First Owner,999.0,67.0,54.12,5.0
Chevrolet Enjoy 1.3 TCDi LS 7,2016,11181.4,43496.0,Diesel,Individual,Manual,First Owner,1248.0,73.74,42.81,7.0
Maruti Wagon R VXI BS IV,2015,11447.62,3106.9,Petrol,Individual,Manual,First Owner,998.0,67.04,48.24,5.0
Maruti Swift VXI Optional,2017,15254.62,18641.1,Petrol,Individual,Manual,First Owner,1197.0,81.8,47.98,5.0
Hyundai EON D Lite Plus,2015,5590.7,24854.8,Petrol,Individual,Manual,First Owner,814.0,55.2,49.63,5.0
Renault Duster 110PS Diesel RxZ,2015,15973.42,37282.3,Diesel,Individual,Manual,First Owner,1461.0,108.45,44.71,5.0
Honda City 2017-2020 GXi,2008,3993.36,43496.0,Petrol,Individual,Manual,Third Owner,1497.0,78.0,41.63,5.0
Tata Tigor 1.2 Revotron XT,2019,14642.3,9320.6,Petrol,Individual,Manual,First Owner,1199.0,84.0,47.75,5.0
Maruti Swift Dzire ZDi,2011,8519.16,68350.8,Diesel,Individual,Manual,Second Owner,1248.0,73.9,45.4,5.0
Maruti 800 AC,2000,2129.79,43496.0,Petrol,Individual,Manual,Fourth & Above Owner,796.0,37.0,37.87,4.0
Honda Amaze VX Diesel BSIV,2019,21297.9,6213.7,Diesel,Individual,Manual,First Owner,1498.0,98.63,64.45,5.0
Maruti Ertiga ZXI,2013,13311.18,37282.3,Petrol,Individual,Manual,First Owner,1373.0,93.7,37.68,7.0
Tata Manza Aura Quadrajet,2011,6123.12,68350.8,Diesel,Individual,Manual,Second Owner,1248.0,90.0,44.22,5.0
Hyundai i20 Asta 1.2,2015,16772.09,21748.0,Petrol,Individual,Manual,First Owner,1197.0,81.83,43.75,5.0
Maruti Omni E MPI STD BS IV,2016,5058.25,43496.0,Petrol,Individual,Manual,Second Owner,796.0,34.2,39.52,8.0
Mahindra Bolero VLX CRDe,2011,11980.07,62137.1,Diesel,Individual,Manual,Second Owner,2523.0,63.0,31.99,7.0
Maruti Alto Std,2008,2529.13,74564.5,Petrol,Individual,Manual,First Owner,796.0,46.3,46.34,5.0
Maruti Omni 8 Seater BSII,2009,2688.86,55923.4,Petrol,Individual,Manual,Fourth & Above Owner,796.0,35.0,46.34,8.0
Honda Amaze E i-Dtech,2016,13311.18,43496.0,Diesel,Individual,Manual,Second Owner,1498.0,98.6,60.69,5.0
Toyota Innova 2.5 VX (Diesel) 7 Seater,2014,27154.79,54680.6,Diesel,Individual,Manual,Second Owner,2494.0,100.6,30.55,7.0
Hyundai EON Era Plus,2012,6495.86,23612.1,Petrol,Individual,Manual,First Owner,814.0,55.2,49.63,5.0
Maruti Wagon R LXI BS IV,2013,6655.59,55923.4,Petrol,Individual,Manual,Second Owner,998.0,67.04,48.24,5.0
Maruti Baleno Alpha 1.2,2016,17570.76,37282.3,Petrol,Individual,Manual,First Owner,1197.0,83.1,50.34,5.0
Hyundai i20 Magna,2010,7188.04,37282.3,Petrol,Individual,Manual,First Owner,1197.0,80.0,43.51,5.0
Maruti Ritz VDi,2012,7454.26,96971.2,Diesel,Individual,Manual,First Owner,1248.0,73.94,54.57,5.0
Hyundai Creta 1.6 CRDi SX,2017,27953.49,37282.3,Diesel,Individual,Manual,First Owner,1582.0,126.2,46.27,5.0
Maruti Swift Dzire VXI,2017,13976.74,43496.0,Petrol,Individual,Manual,First Owner,1197.0,83.14,49.04,5.0
Hyundai Verna 1.6 CRDi S,2017,22629.01,21748.0,Diesel,Individual,Manual,First Owner,1582.0,126.2,56.22,5.0
Mahindra XUV500 W10 1.99 mHawk,2016,31015.06,31068.6,Diesel,Individual,Manual,First Owner,1997.0,140.0,37.63,7.0
Maruti Swift ZXI,2012,9184.72,31068.6,Petrol,Individual,Manual,Second Owner,1197.0,85.8,43.75,5.0
Hyundai Santro Xing XS,2007,2529.13,62137.1,Petrol,Individual,Manual,Second Owner,1086.0,63.0,41.87,5.0
Maruti Alto 800 LXI,2015,6415.99,9320.6,Petrol,Individual,Manual,First Owner,796.0,47.3,53.49,5.0
Maruti Alto 800 LXI,2015,6256.26,12427.4,Petrol,Individual,Manual,First Owner,796.0,47.3,53.49,5.0
Ford EcoSport 1.5 TDCi Titanium Plus BSIV,2015,16372.76,49709.7,Diesel,Individual,Manual,First Owner,1498.0,98.59,53.56,5.0
Mahindra Verito Vibe 1.5 dCi D4,2014,9317.83,68350.8,Diesel,Individual,Manual,Second Owner,1461.0,64.1,48.92,5.0
Maruti Wagon R Stingray VXI,2014,9317.83,21748.0,Petrol,Individual,Manual,First Owner,998.0,67.04,48.24,5.0
Maruti Wagon R Stingray VXI,2014,10116.5,21748.0,Petrol,Individual,Manual,First Owner,998.0,67.04,48.24,5.0
Tata Sumo Gold EX BSIII,2017,10648.95,86991.9,Diesel,Individual,Manual,First Owner,2956.0,69.01,33.09,7.0
Maruti Zen Estilo LXI BS IV,2010,5856.92,24854.8,Petrol,Individual,Manual,First Owner,998.0,67.1,44.69,5.0
Tata Sumo GX,2008,7188.04,68350.8,Diesel,Individual,Manual,Third Owner,2179.0,120.0,33.87,7.0
Maruti Ritz ZXi,2012,7321.15,43496.0,Petrol,Individual,Manual,Second Owner,1197.0,85.8,43.51,5.0
Tata Indica Vista Terra 1.4 TDI,2009,3327.8,62137.1,Diesel,Individual,Manual,Second Owner,1405.0,71.0,39.99,5.0
Hyundai i10 Sportz 1.1L,2015,9584.05,12427.4,Petrol,Individual,Manual,First Owner,1086.0,68.05,46.6,5.0
Hyundai Grand i10 1.2 Kappa Sportz BSIV,2019,14642.3,9320.6,Petrol,Individual,Manual,First Owner,1197.0,81.86,44.46,5.0
Ford Fiesta 1.4 ZXi Duratec,2011,5324.47,43496.0,Petrol,Individual,Manual,Second Owner,1388.0,68.0,39.05,5.0
Mahindra KUV 100 mFALCON G80 K2,2016,8705.51,12427.4,Petrol,Individual,Manual,First Owner,1198.0,82.0,42.69,6.0
Hyundai i10 Sportz 1.1L,2016,11314.51,9320.6,Petrol,Individual,Manual,First Owner,1086.0,68.05,46.6,5.0
Maruti Swift Dzire VDI,2017,16505.87,66486.7,Diesel,Individual,Manual,First Owner,1248.0,74.02,66.8,5.0
Tata Indica Vista Aqua 1.3 Quadrajet BSIV,2011,3460.91,33554.0,Diesel,Individual,Manual,Second Owner,1248.0,75.0,43.28,5.0
Maruti Alto LX,2009,3194.68,36039.5,Petrol,Individual,Manual,First Owner,796.0,46.3,46.34,5.0
Mahindra Scorpio SLE BSIV,2011,10648.95,68350.8,Diesel,Individual,Manual,Second Owner,2179.0,120.0,28.34,8.0
Hyundai Verna CRDi SX,2007,4925.14,55923.4,Diesel,Individual,Manual,Fourth & Above Owner,1493.0,110.0,39.52,5.0
Hyundai EON 1.0 Kappa Magna Plus,2015,5457.56,26719.0,Petrol,Individual,Manual,Second Owner,998.0,68.05,47.75,5.0
Maruti Swift Dzire VDI,2017,16638.98,26719.0,Diesel,Individual,Manual,First Owner,1248.0,74.02,66.8,5.0
Maruti Ertiga ZDI,2013,15973.42,37282.3,Diesel,Individual,Manual,First Owner,1248.0,88.8,48.85,7.0
Tata Indigo GLX,2011,3993.36,93205.6,Petrol,Individual,Manual,First Owner,1396.0,85.0,30.11,5.0
Chevrolet Sail Hatchback Petrol,2013,6123.12,28583.1,Petrol,Individual,Manual,First Owner,1199.0,84.8,42.81,5.0
Maruti Omni E MPI STD BS IV,2018,5856.92,6213.7,Petrol,Individual,Manual,First Owner,796.0,34.2,39.52,8.0
Hyundai i20 Asta Option 1.2,2016,15334.49,21748.0,Petrol,Individual,Manual,First Owner,1197.0,81.83,43.75,5.0
Renault KWID RXT,2016,7054.93,31068.6,Petrol,Individual,Manual,First Owner,799.0,53.3,59.2,5.0
Hyundai Verna 1.6 VGT CRDi,2011,7986.71,49709.7,Diesel,Individual,Manual,First Owner,1582.0,126.32,52.5,5.0
Tata Tigor 1.05 Revotorq XZ,2017,11181.4,68350.8,Diesel,Individual,Manual,First Owner,1047.0,69.0,58.1,5.0
Maruti Ertiga VDI,2015,19966.78,8699.2,Diesel,Individual,Manual,First Owner,1248.0,88.76,48.85,7.0
Renault KWID RXT,2017,7720.49,17398.4,Petrol,Individual,Manual,First Owner,799.0,53.3,59.2,5.0
Hyundai EON Era,2011,4259.58,35418.1,Petrol,Individual,Manual,First Owner,814.0,55.2,49.63,5.0
Maruti Swift Dzire ZDI,2017,18502.55,31068.6,Diesel,Individual,Manual,First Owner,1248.0,74.0,62.54,5.0
Toyota Corolla Altis D-4D J,2015,27953.49,37282.3,Diesel,Individual,Manual,First Owner,1364.0,87.2,50.41,5.0
Hyundai i20 Sportz 1.2,2013,10648.95,43496.0,Petrol,Individual,Manual,First Owner,1197.0,82.85,43.51,5.0
Hyundai i20 2015-2017 Sportz 1.2,2016,13311.18,24854.8,Petrol,Individual,Manual,First Owner,1197.0,81.83,43.75,5.0
Tata Manza Aqua Quadrajet BS IV,2010,3993.36,74564.5,Diesel,Individual,Manual,Second Owner,1248.0,88.8,49.68,5.0
Mahindra Xylo H4,2016,10648.95,86991.9,Diesel,Individual,Manual,Second Owner,2179.0,118.3,32.98,7.0
Tata Indigo LS,2010,3194.68,62137.1,Diesel,Individual,Manual,Second Owner,1405.0,70.0,39.99,5.0
Mahindra Xylo H4,2014,12778.74,74564.5,Diesel,Individual,Manual,Second Owner,2179.0,118.3,32.98,7.0
Tata Indigo CS LX (TDI) BS-III,2013,5324.47,74564.5,Diesel,Individual,Manual,Second Owner,1405.0,69.01,44.9,5.0
Ford Fiesta Classic 1.4 Duratorq CLXI,2012,7986.71,39767.7,Diesel,Individual,Manual,Second Owner,1399.0,67.0,41.87,5.0
Maruti Celerio VXI,2015,9317.83,15534.3,Petrol,Individual,Manual,First Owner,998.0,67.04,54.33,5.0
Renault Triber RXT BSIV,2019,15440.97,7456.5,Petrol,Individual,Manual,First Owner,999.0,72.0,47.04,7.0
Chevrolet Beat Diesel LT,2012,5324.47,43496.0,Diesel,Individual,Manual,Second Owner,936.0,57.6,59.84,5.0
Mahindra Scorpio Getaway,2016,19966.78,74564.5,Diesel,Individual,Manual,First Owner,2179.0,120.0,25.87,5.0
Renault KWID RXT,2016,6948.44,55923.4,Petrol,Individual,Manual,First Owner,799.0,53.3,59.2,5.0
Chevrolet Sail 1.2 LS ABS,2015,9876.9,24854.8,Petrol,Individual,Manual,First Owner,1199.0,82.4,42.81,5.0
Mahindra Bolero DI Non AC BSIII,2010,8519.16,186411.3,Diesel,Individual,Manual,Third Owner,2523.0,63.0,31.99,7.0
Tata Indigo CS LX (TDI) BS III,2012,5457.56,74564.5,Diesel,Individual,Manual,Second Owner,1396.0,69.0,44.9,5.0
Hyundai Accent GLX,2003,2928.46,55923.4,Petrol,Individual,Manual,Second Owner,1495.0,94.0,31.05,5.0
Ford Fusion 1.4 TDCi Diesel,2009,3993.36,62137.1,Diesel,Individual,Manual,Fourth & Above Owner,1399.0,68.0,41.63,5.0
Mahindra Bolero 2011-2019 SLX,2016,16638.98,55923.4,Diesel,Individual,Manual,Second Owner,2523.0,62.1,37.54,7.0
Mahindra Scorpio 1.99 S10,2017,34609.08,31068.6,Diesel,Individual,Manual,Second Owner,1997.0,120.0,36.22,7.0
Skoda Octavia Ambition 2.0 TDI MT,2015,23960.13,104390.3,Diesel,Individual,Manual,First Owner,1968.0,141.0,48.45,5.0
Ford Figo Diesel Titanium,2010,4792.03,68350.8,Diesel,Individual,Manual,Second Owner,1399.0,68.0,47.04,5.0
Mahindra Bolero SLX,2010,11208.02,74564.5,Diesel,Individual,Manual,Second Owner,2523.0,63.0,31.99,7.0
Honda WR-V i-DTEC VX,2017,23960.13,24854.8,Diesel,Individual,Manual,First Owner,1498.0,98.6,59.98,5.0
Honda City 2017-2020 GXi,2006,4392.69,68350.8,Petrol,Individual,Manual,Second Owner,1497.0,78.0,41.63,5.0
Hyundai i20 Magna 1.4 CRDi,2010,7188.04,62137.1,Diesel,Individual,Manual,Fourth & Above Owner,1396.0,90.0,51.51,5.0
Maruti Vitara Brezza VDi,2017,19966.78,24854.8,Diesel,Individual,Manual,First Owner,1248.0,88.5,57.16,5.0
Hyundai Elite i20 Petrol Asta Option,2019,19966.78,18641.1,Petrol,Individual,Manual,First Owner,1197.0,81.86,43.75,5.0
Maruti 800 Std,2002,1064.89,49709.7,Petrol,Individual,Manual,Third Owner,796.0,37.0,37.87,4.0
Ford Figo Diesel Titanium,2011,5058.25,55923.4,Diesel,Individual,Manual,Second Owner,1399.0,68.0,47.04,5.0
Toyota Innova 2.5 G4 Diesel 7-seater,2009,10515.84,124274.2,Diesel,Individual,Manual,Third Owner,2494.0,102.0,30.11,7.0
Toyota Fortuner 3.0 Diesel,2010,21297.9,77671.4,Diesel,Individual,Manual,Second Owner,2982.0,171.0,27.05,7.0
Hyundai i20 1.2 Sportz,2011,8386.05,49709.7,Petrol,Individual,Manual,First Owner,1197.0,80.0,39.99,5.0
Audi A4 2.0 TDI,2014,42595.79,27340.3,Diesel,Individual,Automatic,Second Owner,1968.0,147.51,38.93,5.0
Toyota Etios GD,2013,10915.15,55923.4,Diesel,Individual,Manual,First Owner,1364.0,67.04,55.49,5.0
Hyundai i20 Sportz 1.2,2013,9051.61,43496.0,Petrol,Individual,Manual,First Owner,1197.0,82.85,43.51,5.0
Hyundai EON Magna Plus,2015,7188.04,26719.0,Petrol,Individual,Manual,First Owner,814.0,55.2,49.63,5.0
Tata Zest Quadrajet 1.3 75PS XE,2017,7454.26,49709.7,Diesel,Individual,Manual,First Owner,1248.0,74.0,53.98,5.0
Tata Indica Vista Quadrajet VX,2012,3460.91,37282.3,Diesel,Individual,Manual,First Owner,1248.0,74.0,52.45,5.0
Hyundai EON Era Plus,2014,6921.82,11771.9,Petrol,Individual,Manual,First Owner,814.0,55.2,49.63,5.0
Hyundai Grand i10 1.2 CRDi Asta,2018,18901.88,43496.0,Diesel,Individual,Manual,First Owner,1186.0,73.97,56.45,5.0
Maruti Eeco Smiles 7 Seater Standard,2013,5457.56,62137.1,Petrol,Individual,Manual,Third Owner,1196.0,73.0,35.52,7.0
Datsun GO Plus Anniversary Edition,2017,7986.71,37282.3,Petrol,Individual,Manual,First Owner,1198.0,67.0,48.5,7.0
Maruti Swift Dzire VDi,2009,4792.03,89477.4,Diesel,Individual,Manual,Second Owner,1248.0,73.9,45.4,5.0
Mahindra TUV 300 T6 Plus,2016,18635.66,74564.5,Diesel,Individual,Manual,First Owner,1493.0,100.0,43.49,7.0
Hyundai i20 1.4 CRDi Magna,2012,8519.16,66999.3,Diesel,Individual,Manual,Second Owner,1396.0,90.0,51.51,5.0
Maruti Alto 800 VXI Plus,2020,9850.28,9320.6,Petrol,Individual,Manual,First Owner,796.0,47.3,51.86,5.0
Renault KWID RXT Optional,2018,9051.61,6213.7,Petrol,Individual,Manual,First Owner,799.0,53.3,59.2,5.0
Maruti XL6 Alpha,2019,27687.26,1006.6,Petrol,Individual,Manual,First Owner,1462.0,103.2,44.71,6.0
Hyundai i20 Active SX Diesel,2018,19966.78,18641.1,Diesel,Individual,Manual,First Owner,1396.0,88.76,49.84,5.0
Toyota Innova 2.5 EV (Diesel) PS 7 Seater BS IV,2013,15973.42,59030.2,Diesel,Individual,Manual,Second Owner,2494.0,100.57,30.55,7.0
Tata Tigor 1.05 Revotorq XZ Option,2017,14642.3,31068.6,Diesel,Individual,Manual,First Owner,1047.0,69.0,58.1,5.0
Honda City i DTEC VX Option,2015,19966.78,99419.4,Diesel,Individual,Manual,First Owner,1498.0,98.6,59.04,5.0
Hyundai Santro Magna BSIV,2019,11980.07,6213.7,Petrol,Individual,Manual,First Owner,1086.0,68.0,47.75,5.0
Maruti Ertiga VDI,2012,10648.95,62137.1,Diesel,Individual,Manual,Third Owner,1248.0,88.76,48.85,7.0
Maruti Swift VDI Optional,2016,13843.63,31068.6,Diesel,Individual,Manual,Second Owner,1248.0,74.0,59.27,5.0
Maruti Alto K10 Knightracer,2013,5297.85,37282.3,Petrol,Individual,Manual,Second Owner,998.0,67.1,47.51,5.0
Chevrolet Beat Diesel LT,2012,3993.36,68350.8,Diesel,Individual,Manual,First Owner,936.0,57.6,59.84,5.0
Hyundai i20 Active 1.4 SX with AVN,2016,14376.08,49709.7,Diesel,Individual,Manual,Third Owner,1396.0,88.73,49.84,5.0
Maruti SX4 ZDI,2011,6655.59,52816.5,Diesel,Individual,Manual,Second Owner,1248.0,88.8,50.57,5.0
Maruti Wagon R LXI Minor,2010,5324.47,55923.4,Petrol,Individual,Manual,Second Owner,1061.0,67.0,44.46,5.0
Tata Indica V2 2001-2011 eLX,2011,3460.91,55923.4,Diesel,Individual,Manual,Second Owner,1396.0,69.0,58.8,5.0
Maruti 800 AC,2007,2396.01,55923.4,Petrol,Individual,Manual,First Owner,796.0,37.0,37.87,4.0
Hyundai Verna 1.6 SX,2012,11980.07,74564.5,Diesel,Individual,Manual,Second Owner,1582.0,126.32,52.5,5.0
Hyundai Verna CRDi SX ABS,2009,7454.26,74564.5,Diesel,Individual,Manual,First Owner,1493.0,110.0,42.57,5.0
Tata New Safari 3L Dicor LX 4x2,2007,7454.26,99419.4,Diesel,Individual,Manual,Second Owner,2956.0,138.1,32.77,7.0
Maruti Zen LXI,2006,3194.68,87613.3,Petrol,Individual,Manual,Second Owner,993.0,60.0,40.69,5.0
Maruti Swift Ldi BSIII,2008,7720.49,62137.1,Diesel,Individual,Manual,Second Owner,1248.0,75.0,41.87,5.0
Hyundai Creta 1.4 EX Diesel,2019,26622.37,9320.6,Diesel,Individual,Manual,First Owner,1396.0,88.7,51.98,5.0
Maruti Swift Dzire VDi,2012,11048.28,67108.1,Diesel,Individual,Manual,First Owner,1248.0,73.9,45.4,5.0
Maruti Swift Dzire VDI,2012,11048.28,67108.1,Diesel,Individual,Manual,First Owner,1248.0,74.0,55.04,5.0
Chevrolet Beat Diesel LT,2015,6389.37,34175.4,Diesel,Individual,Manual,First Owner,936.0,56.3,59.84,5.0
Tata Indica Vista Aura 1.3 Quadrajet (ABS) BS IV,2010,6655.59,23577.3,Diesel,Individual,Manual,First Owner,1248.0,75.0,43.28,5.0
Ford Figo Diesel EXI,2011,4658.91,56171.9,Diesel,Individual,Manual,First Owner,1399.0,68.0,47.04,5.0
Hyundai Verna CRDi SX,2008,5856.92,52816.5,Diesel,Individual,Manual,Second Owner,1493.0,110.0,39.52,5.0
Maruti Zen D,2003,2262.9,74564.5,Diesel,Individual,Manual,Third Owner,1527.0,58.0,48.92,5.0
Maruti Swift Dzire VXI 1.2,2019,17970.1,3106.9,Petrol,Individual,Manual,First Owner,1197.0,81.8,49.89,5.0
Renault Duster 85PS Diesel RxL,2016,14242.97,31068.6,Diesel,Individual,Manual,First Owner,1461.0,83.8,46.74,5.0
Renault Triber RXZ BSIV,2019,17970.1,3106.9,Petrol,Individual,Manual,First Owner,999.0,72.0,47.04,7.0
Maruti Vitara Brezza ZDi Plus Dual Tone,2016,21297.9,55923.4,Diesel,Individual,Manual,First Owner,1248.0,88.5,57.16,5.0
Maruti Ertiga ZDI,2012,11314.51,59651.6,Diesel,Individual,Manual,Second Owner,1248.0,88.8,48.85,7.0
Maruti Eeco 5 Seater AC BSIV,2011,3993.36,49709.7,Petrol,Individual,Manual,Third Owner,1196.0,73.0,36.15,5.0
Maruti Zen Estilo 1.1 LXI BSIII,2007,2396.01,37282.3,Petrol,Individual,Manual,Second Owner,1061.0,64.0,42.81,5.0
Mahindra XUV500 W6 2WD,2015,22629.01,55923.4,Diesel,Individual,Manual,First Owner,2179.0,140.0,35.52,7.0
Toyota Innova 2.5 G (Diesel) 7 Seater BS IV,2008,8785.38,120311.7,Diesel,Individual,Manual,Second Owner,2494.0,102.0,30.11,8.0
Hyundai i20 1.4 Asta Option,2017,22629.01,39261.9,Diesel,Individual,Manual,First Owner,1396.0,88.73,53.02,5.0
Mahindra Bolero SLX,2008,8119.82,136080.2,Diesel,Individual,Manual,Second Owner,2523.0,63.0,31.99,7.0
Toyota Innova 2.5 VX (Diesel) 7 Seater,2013,24226.36,68350.8,Diesel,Individual,Manual,Second Owner,2494.0,100.0,30.55,7.0
Toyota Innova 2.5 VX 8 STR,2012,29284.61,93827.0,Diesel,Individual,Manual,First Owner,2494.0,102.0,30.11,8.0
Maruti Baleno Zeta Automatic,2019,17970.1,3106.9,Petrol,Individual,Automatic,First Owner,1197.0,83.1,50.34,5.0
Maruti Alto LXi BSIII,2010,3993.36,56855.4,Petrol,Individual,Manual,First Owner,796.0,46.3,46.34,5.0
Maruti Swift VDI BSIV,2015,14642.3,14291.5,Diesel,Individual,Manual,First Owner,1248.0,74.0,59.27,5.0
Volkswagen Vento Diesel Highline,2012,9317.83,24854.8,Diesel,Individual,Manual,First Owner,1598.0,103.6,48.31,5.0
Maruti Ritz VDi,2012,7986.71,43496.0,Diesel,Individual,Manual,First Owner,1248.0,73.94,54.57,5.0
Toyota Innova Crysta 2.8 GX AT BSIV,2018,46456.04,6213.7,Diesel,Individual,Automatic,First Owner,2755.0,171.5,26.72,7.0
Mahindra Scorpio 2009-2014 EX 2WD 7S,2014,16266.27,55923.4,Diesel,Individual,Manual,Second Owner,2523.0,75.0,32.93,7.0
Honda Brio S MT,2016,10648.95,42253.2,Petrol,Individual,Manual,First Owner,1198.0,86.8,45.63,5.0
Hyundai Elantra CRDi SX,2013,18635.66,74564.5,Diesel,Individual,Manual,First Owner,1582.0,126.24,53.39,5.0
Chevrolet Sail Hatchback LS ABS,2013,7986.71,40389.1,Diesel,Individual,Manual,First Owner,1248.0,76.9,51.98,5.0
Hyundai Getz GLS,2005,1730.45,52816.5,Petrol,Individual,Manual,First Owner,1341.0,83.0,35.99,5.0
Maruti Wagon R VXI BS IV,2011,5324.47,58408.9,Petrol,Individual,Manual,Third Owner,998.0,67.1,44.46,5.0
Hyundai i20 Asta Option 1.4 CRDi,2015,17304.54,62137.1,Diesel,Individual,Manual,First Owner,1396.0,88.73,53.02,5.0
Hyundai i20 Asta Option 1.4 CRDi,2015,17304.54,49709.7,Diesel,Individual,Manual,First Owner,1396.0,88.73,53.02,5.0
Volkswagen Polo Diesel Trendline 1.2L,2013,9317.83,49709.7,Diesel,Individual,Manual,Third Owner,1199.0,73.9,51.91,5.0
Tata Indica V2 DL BSIII,2011,1996.68,87302.6,Diesel,Individual,Manual,Third Owner,1396.0,52.8,42.06,5.0
Maruti Swift Dzire VXi,2010,6389.37,88856.1,Petrol,Individual,Manual,First Owner,1298.0,85.8,41.16,5.0
Maruti Alto K10 2010-2014 VXI,2013,6389.37,37282.3,Petrol,Individual,Manual,First Owner,998.0,67.1,49.21,5.0
Tata Indica Vista Aura 1.3 Quadrajet (ABS) BS IV,2011,4792.03,74564.5,Diesel,Individual,Manual,Second Owner,1248.0,75.0,43.28,5.0
Hyundai Santa Fe 4WD AT,2014,23960.13,49709.7,Diesel,Individual,Automatic,Second Owner,2199.0,194.3,30.6,7.0
Mahindra Thar DI 4X4,2014,11314.51,39146.4,Diesel,Individual,Manual,Second Owner,2523.0,63.0,42.48,7.0
Chevrolet Spark 1.0 LT,2009,2529.13,74564.5,Petrol,Individual,Manual,Third Owner,995.0,62.0,42.34,5.0
Maruti Swift Dzire VDI,2018,21590.74,62137.1,Diesel,Individual,Manual,First Owner,1248.0,74.02,66.8,5.0
Hyundai Verna VTVT 1.6 SX Option,2018,29284.61,37282.3,Petrol,Individual,Manual,First Owner,1591.0,121.3,39.99,5.0
Maruti Ertiga VDI,2014,14642.3,31068.6,Diesel,Individual,Manual,Second Owner,1248.0,88.76,48.85,7.0
Mahindra Scorpio S4 Plus 4WD,2015,19034.99,43496.0,Diesel,Individual,Manual,First Owner,2179.0,120.0,36.22,7.0
Tata Indigo LS BSII,2006,2662.24,74564.5,Diesel,Individual,Manual,Third Owner,1405.0,70.0,37.87,5.0
Mahindra Scorpio EX,2013,13311.18,121167.3,Diesel,Individual,Manual,First Owner,2523.0,75.0,32.93,8.0
Maruti Wagon R Stingray VXI,2013,9317.83,24854.8,Petrol,Individual,Manual,First Owner,998.0,67.04,48.24,5.0
Tata Indica V2 DLS TC,2008,2662.24,24854.8,Diesel,Individual,Manual,First Owner,1405.0,62.0,39.52,5.0
Tata Safari DICOR 2.2 EX 4x2,2012,8652.27,74564.5,Diesel,Individual,Manual,First Owner,2179.0,138.03,32.77,7.0
Maruti Wagon R LXI BS IV,2012,5856.92,223695.4,Petrol,Individual,Manual,Second Owner,998.0,67.1,44.46,5.0
Maruti 800 AC,1999,1464.23,37282.3,Petrol,Individual,Manual,Second Owner,796.0,37.0,37.87,4.0
Renault KWID RXT,2016,8785.38,12427.4,Petrol,Individual,Manual,First Owner,799.0,53.3,59.2,5.0
Mahindra Bolero 2011-2019 EX NON AC,2014,12778.74,22990.7,Diesel,Individual,Manual,First Owner,2523.0,62.1,37.54,7.0
Maruti S-Cross 2017-2020 Zeta DDiS 200 SH,2018,25291.25,35418.1,Diesel,Individual,Manual,Second Owner,1248.0,88.5,59.04,5.0
Hyundai Verna Transform SX VGT CRDi,2011,7986.71,68350.8,Diesel,Individual,Manual,Second Owner,1493.0,110.0,38.1,5.0
Hyundai Verna Xi (Petrol),2006,4525.8,68350.8,Petrol,Individual,Manual,Fourth & Above Owner,1599.0,103.2,32.69,5.0
Toyota Innova 2.5 EV (Diesel) PS 8 Seater BS IV,2013,22629.01,74564.5,Diesel,Individual,Manual,Second Owner,2494.0,100.57,30.55,8.0
Tata Tigor 2017-2020 XZ Plus Diesel,2019,23960.13,5020.1,Diesel,Dealer,Manual,First Owner,1047.0,69.0,58.1,5.0
Toyota Innova 2.5 Z Diesel 7 Seater BS IV,2015,35274.64,71065.0,Diesel,Dealer,Manual,Second Owner,2494.0,100.6,30.55,7.0
Ford Fiesta Classic 1.4 Duratorq CLXI,2012,9317.83,49703.5,Diesel,Dealer,Manual,Second Owner,1399.0,67.0,41.87,5.0
Ford Figo Diesel Titanium,2012,11314.51,50723.8,Diesel,Dealer,Manual,First Owner,1399.0,68.0,47.04,5.0
Ford Aspire Titanium Diesel BSIV,2016,15973.42,96437.4,Diesel,Dealer,Manual,First Owner,1498.0,99.23,61.39,5.0
Ford Ecosport 1.5 DV5 MT Titanium,2014,19966.78,63071.6,Diesel,Dealer,Manual,First Owner,1498.0,89.84,53.39,5.0
Ford Fiesta Classic 1.4 Duratorq CLXI,2012,11980.07,56025.9,Diesel,Dealer,Manual,First Owner,1399.0,67.0,41.87,5.0
Ford Figo Titanium Diesel BSIV,2010,8652.27,53448.5,Diesel,Dealer,Manual,Second Owner,1498.0,99.23,59.98,5.0
Mahindra XUV500 W8 2WD,2013,23960.13,52838.9,Diesel,Dealer,Manual,Second Owner,2179.0,140.0,35.52,7.0
Ford EcoSport 1.5 TDCi Titanium BSIV,2013,15973.42,78001.3,Diesel,Dealer,Manual,Second Owner,1498.0,98.59,53.56,5.0
Hyundai Verna VTVT 1.6 SX Option,2019,29284.61,6213.7,Petrol,Individual,Manual,First Owner,1591.0,121.3,39.99,5.0
Tata Tiago 1.2 Revotron XZ,2017,13843.63,12427.4,Petrol,Individual,Manual,First Owner,1199.0,84.0,56.08,5.0
Mahindra Scorpio S10 7 Seater,2015,23560.8,105633.1,Diesel,Individual,Manual,First Owner,2179.0,120.0,36.22,7.0
Tata Nexon 1.5 Revotorq XZA Plus DualTone,2018,25291.25,24854.8,Diesel,Individual,Automatic,First Owner,1497.0,108.5,50.57,5.0
Honda City 1.5 E MT,2008,6123.12,74564.5,Petrol,Individual,Manual,Second Owner,1497.0,118.0,39.99,5.0
Maruti Ritz VDi,2013,10915.15,62137.1,Diesel,Individual,Manual,Third Owner,1248.0,73.94,54.57,5.0
Ford Fiesta EXi 1.4 TDCi Ltd,2011,7986.71,68350.8,Diesel,Individual,Manual,Third Owner,1399.0,68.0,41.87,5.0
Tata Indica V2 DLG TC,2008,4658.91,74564.5,Diesel,Individual,Manual,Third Owner,1405.0,68.0,39.52,5.0
Maruti Alto LX,2000,2875.22,128002.4,Petrol,Individual,Manual,Fourth & Above Owner,796.0,46.3,46.34,5.0
Maruti Celerio ZXI,2017,11314.51,24854.8,Petrol,Individual,Manual,Second Owner,998.0,67.04,54.33,5.0
Chevrolet Optra Magnum 2.0 LS,2011,7241.28,105633.1,Diesel,Individual,Manual,Fourth & Above Owner,1991.0,123.7,38.86,5.0
Hyundai i10 Magna 1.1L,2013,8252.93,43496.0,Petrol,Individual,Manual,First Owner,1086.0,68.05,46.6,5.0
Hyundai Creta 1.4 CRDi S Plus,2017,29950.17,65244.0,Diesel,Individual,Manual,First Owner,1396.0,88.7,50.29,5.0
Hyundai Xcent 1.2 Kappa S Option,2014,11980.07,28583.1,Petrol,Individual,Manual,Second Owner,1197.0,81.86,44.93,5.0
Volkswagen Polo Diesel Highline 1.2L,2011,10329.48,49709.7,Diesel,Individual,Manual,Second Owner,1199.0,73.9,51.91,5.0
Hyundai Verna Transform SX VTVT,2011,10648.95,37282.3,Petrol,Individual,Manual,First Owner,1599.0,103.2,38.1,5.0
Honda City i DTEC VX,2015,20233.0,43496.0,Diesel,Individual,Manual,Third Owner,1498.0,98.6,59.04,5.0
Maruti Alto LXi,2009,3194.68,55923.4,Petrol,Individual,Manual,First Owner,796.0,46.3,46.34,5.0
Maruti Swift Dzire VDI,2019,20153.13,15534.3,Diesel,Individual,Manual,First Owner,1248.0,74.02,66.8,5.0
Maruti Alto 800 VXI,2015,7188.04,32932.7,Petrol,Individual,Manual,Second Owner,796.0,47.3,53.49,5.0
Tata Sumo MKII GX BS IV,2011,6655.59,55923.4,Diesel,Individual,Manual,Second Owner,2179.0,118.35,31.87,7.0
Toyota Innova Crysta 2.5 VX BS IV,2011,21297.9,37282.3,Diesel,Individual,Manual,First Owner,2494.0,102.0,30.11,7.0
Toyota Fortuner 4x2 Manual,2014,36738.87,93205.6,Diesel,Individual,Manual,First Owner,2982.0,168.5,30.58,7.0
Mahindra Thar CRDe AC,2014,18635.66,14912.9,Diesel,Individual,Manual,First Owner,2498.0,105.0,38.93,6.0
Honda Mobilio S i DTEC,2016,11980.07,62137.1,Diesel,Individual,Manual,Second Owner,1498.0,98.6,56.92,7.0
Mahindra KUV 100 G80 K8,2018,17304.54,3728.2,Petrol,Individual,Manual,First Owner,1198.0,82.0,42.69,6.0
Mahindra XUV500 W8 2WD,2013,25291.25,30882.1,Diesel,Individual,Manual,First Owner,2179.0,140.0,35.52,7.0
Toyota Innova 2.5 E Diesel MS 7-seater,2007,16665.6,49709.7,Diesel,Individual,Manual,Second Owner,2494.0,102.0,30.11,7.0
Maruti Swift Dzire AMT VXI,2019,15973.42,6213.7,Petrol,Individual,Automatic,First Owner,1197.0,81.8,49.89,5.0
Renault KWID RXT Optional,2019,7720.49,13048.8,Petrol,Individual,Manual,First Owner,799.0,53.3,59.2,5.0
Maruti Alto K10 2010-2014 VXI,2013,5723.81,15534.3,Petrol,Individual,Manual,First Owner,998.0,67.1,49.21,5.0
Renault KWID RXT Optional,2016,6655.59,13670.2,Petrol,Individual,Manual,First Owner,799.0,53.3,59.2,5.0
Maruti Ertiga SHVS ZDI Plus,2017,19966.78,31068.6,Diesel,Individual,Manual,First Owner,1248.0,88.5,57.67,7.0
Maruti Alto K10 VXI,2016,6655.59,12427.4,Petrol,Individual,Manual,Second Owner,998.0,67.05,56.33,5.0
Honda BRV i-VTEC V CVT,2017,25291.25,9320.6,Petrol,Individual,Automatic,First Owner,1497.0,117.3,36.22,7.0
Ford Figo Aspire 1.5 TDCi Titanium,2018,21111.54,18641.1,Diesel,Individual,Manual,First Owner,1498.0,99.0,60.76,5.0
Hyundai Creta 1.6 CRDi SX Option,2015,19966.78,45981.5,Diesel,Individual,Manual,First Owner,1582.0,126.2,46.27,5.0
Honda Jazz V CVT,2017,19301.22,4070.0,Petrol,Individual,Automatic,First Owner,1199.0,88.7,42.81,5.0
Hyundai Grand i10 CRDi Sportz,2016,12778.74,18641.1,Diesel,Individual,Manual,First Owner,1120.0,70.0,56.45,5.0
BMW X6 xDrive30d,2013,99833.89,34796.8,Diesel,Dealer,Automatic,First Owner,2993.0,241.0,26.34,4.0
Maruti Swift Dzire ZXI Plus,2018,21164.78,25960.3,Petrol,Dealer,Manual,First Owner,1197.0,81.8,49.89,5.0
Honda Jazz 1.2 V i VTEC,2016,16638.98,33554.0,Petrol,Dealer,Manual,First Owner,1199.0,88.7,43.99,5.0
Mercedes-Benz E-Class E250 CDI Avantgarde,2016,77204.87,19262.5,Diesel,Dealer,Automatic,First Owner,2143.0,204.0,30.58,5.0
Maruti Ignis 1.3 AMT Zeta,2017,16638.98,22990.7,Diesel,Individual,Automatic,First Owner,1248.0,74.0,63.04,5.0
Chevrolet Cruze LTZ AT,2011,11713.84,55923.4,Diesel,Individual,Automatic,Second Owner,1991.0,147.9,42.57,4.0
Toyota Corolla Altis 1.8 G,2018,37271.32,8409.6,Petrol,Dealer,Manual,First Owner,1798.0,138.03,33.59,5.0
Toyota Corolla Altis 1.8 VL AT,2017,38602.44,4349.6,Petrol,Dealer,Automatic,Second Owner,1794.0,138.1,34.18,5.0
Mercedes-Benz GLA Class 200 CDI SPORT,2017,71880.4,14291.5,Diesel,Dealer,Automatic,First Owner,2143.0,136.0,42.1,5.0
Toyota Innova Crysta 2.8 GX AT 8S BSIV,2019,51248.06,26719.0,Diesel,Dealer,Automatic,First Owner,2755.0,171.5,26.72,8.0
Kia Seltos HTX Plus AT D,2020,50582.5,3106.9,Diesel,Dealer,Automatic,First Owner,1493.0,113.4,41.87,5.0
Maruti Ciaz RS ZDi Plus SHVS,2017,22495.88,43496.0,Diesel,Dealer,Manual,First Owner,1248.0,88.5,66.07,5.0
Skoda Rapid 1.5 TDI AT Style Plus,2016,17304.54,61515.7,Diesel,Dealer,Automatic,First Owner,1498.0,103.52,50.95,5.0
Maruti Swift ZXI 2018,2018,19966.78,9320.6,Petrol,Dealer,Manual,First Owner,1197.0,81.8,51.75,5.0
BMW 6 Series GT 630d Luxury Line,2018,159734.22,17495.3,Diesel,Dealer,Automatic,First Owner,2993.0,261.4,40.2,4.0
Honda Jazz 1.2 SV i VTEC,2015,16239.65,18641.1,Petrol,Dealer,Manual,First Owner,1199.0,88.7,43.99,5.0
Toyota Fortuner 2.8 2WD AT BSIV,2018,78269.77,62137.1,Diesel,Dealer,Automatic,First Owner,2755.0,174.5,30.34,7.0
Hyundai Creta 1.6 CRDi SX,2017,30615.73,39338.4,Diesel,Dealer,Manual,First Owner,1582.0,126.2,46.27,5.0
Toyota Innova Crysta 2.8 ZX AT BSIV,2016,48585.83,58408.9,Diesel,Dealer,Automatic,First Owner,2755.0,171.5,26.72,7.0
Hyundai Elite i20 Asta Option CVT BSIV,2018,23693.91,18019.8,Petrol,Dealer,Automatic,First Owner,1197.0,81.86,40.93,5.0
Tata Indigo CS eLX BS IV,2017,10249.61,96312.5,Diesel,Individual,Manual,First Owner,1396.0,69.01,58.8,5.0
Maruti Celerio ZXI AT,2016,10648.95,21748.0,Petrol,Individual,Automatic,First Owner,998.0,67.04,54.33,5.0
Hyundai Grand i10 1.2 CRDi Sportz Option,2018,14642.3,31068.6,Diesel,Individual,Manual,First Owner,1186.0,73.97,56.45,5.0
Chevrolet Tavera Neo LS B3 - 7(C) seats BSIII,2010,7188.04,114953.6,Diesel,Individual,Manual,First Owner,2499.0,80.0,34.81,7.0
Tata Indigo CS LS (TDI) BS III,2013,5324.47,108739.9,Diesel,Individual,Manual,Second Owner,1396.0,69.0,44.9,5.0
Renault KWID RXT Optional,2016,8252.93,7145.8,Petrol,Individual,Manual,First Owner,799.0,53.3,59.2,5.0
Hyundai Xcent 1.2 CRDi S,2019,18635.66,1864.1,Diesel,Individual,Manual,First Owner,1186.0,73.97,59.74,5.0
Chevrolet Sail LT ABS,2015,12778.74,49709.7,Diesel,Individual,Manual,Second Owner,1248.0,74.0,51.98,5.0
Maruti Alto LXI,2005,2396.01,24854.8,Petrol,Individual,Manual,Second Owner,796.0,46.3,46.34,5.0
Maruti Alto LXI,2005,2129.79,24854.8,Petrol,Individual,Manual,Second Owner,796.0,46.3,46.34,5.0
Maruti Ritz VDi,2015,9317.83,55923.4,Diesel,Individual,Manual,First Owner,1248.0,73.94,54.57,5.0
Maruti SX4 S Cross 2015-2017 DDiS 200 Zeta,2017,15973.42,62137.1,Diesel,Individual,Manual,First Owner,1248.0,88.5,55.63,5.0
Mahindra Scorpio M2DI,2011,9317.83,74564.5,Diesel,Individual,Manual,Third Owner,2179.0,115.0,31.75,5.0
Maruti Vitara Brezza VDi Option,2018,20499.22,31068.6,Diesel,Individual,Manual,First Owner,1248.0,88.5,57.16,5.0
Mahindra Verito 1.5 D6 BSIV,2012,9317.83,15534.3,Diesel,Individual,Manual,First Owner,1461.0,65.0,49.47,5.0
Mahindra Scorpio VLX 2WD AIRBAG BSIV,2011,15973.42,31068.6,Diesel,Individual,Manual,Third Owner,2179.0,120.0,28.34,8.0
Mahindra TUV 300 T8,2016,19966.78,44117.3,Diesel,Individual,Manual,First Owner,1493.0,100.0,43.49,7.0
Maruti Wagon R VXI BS IV,2016,9051.61,24854.8,Petrol,Individual,Manual,First Owner,998.0,67.04,48.24,5.0
Hyundai Elite i20 Petrol Sportz,2018,17304.54,19759.6,Petrol,Individual,Manual,First Owner,1197.0,81.86,43.75,5.0
Hyundai i10 Sportz,2014,7986.71,40389.1,Petrol,Individual,Manual,First Owner,1197.0,78.9,47.89,5.0
Maruti Alto 800 LXI,2014,5457.56,9320.6,Petrol,Individual,Manual,Second Owner,796.0,47.3,53.49,5.0
Mahindra Verito 1.5 D4 BSIII,2012,6788.68,43496.0,Diesel,Individual,Manual,Second Owner,1461.0,65.0,48.92,5.0
Ford Figo Aspire 1.2 Ti-VCT Titanium,2017,17304.54,3106.9,Petrol,Individual,Manual,First Owner,1196.0,86.8,42.72,5.0
Hyundai EON Magna Plus,2017,7454.26,31068.6,Petrol,Individual,Manual,Second Owner,814.0,55.2,49.63,5.0
Tata Indica V2 DLS,2011,2662.24,49709.7,Diesel,Individual,Manual,First Owner,1396.0,53.5,40.46,5.0
Maruti Vitara Brezza VDi,2017,20765.45,24854.8,Diesel,Individual,Manual,First Owner,1248.0,88.5,57.16,5.0
Mahindra Bolero 2011-2019 ZLX,2013,12432.65,97555.2,Diesel,Individual,Manual,First Owner,2523.0,62.1,37.54,7.0
Mahindra Scorpio S10 7 Seater,2015,27953.49,55923.4,Diesel,Individual,Manual,First Owner,2179.0,120.0,36.22,7.0
Hyundai i10 Magna 1.1L,2011,5990.03,49709.7,Petrol,Individual,Manual,Second Owner,1086.0,68.05,46.6,5.0
Mahindra Verito 1.5 D4 BSIV,2012,6921.82,43496.0,Diesel,Individual,Manual,Second Owner,1461.0,65.0,49.47,5.0
Chevrolet Spark 1.0 E,2009,2396.01,31068.6,Petrol,Individual,Manual,Second Owner,995.0,63.0,37.63,5.0
Ford Figo Diesel ZXI,2012,7454.26,37282.3,Diesel,Individual,Manual,First Owner,1399.0,68.0,47.04,5.0
Mahindra Verito 1.5 D4 BSIII,2014,9317.83,65865.3,Diesel,Individual,Manual,Second Owner,1461.0,65.0,48.92,5.0
Mahindra Scorpio 2.6 SLX Turbo 7 Seater,2006,6123.12,49709.7,Diesel,Individual,Manual,Second Owner,2179.0,120.0,24.7,7.0
Toyota Innova 2.5 VX (Diesel) 8 Seater BS IV,2013,22629.01,68350.8,Diesel,Individual,Manual,Second Owner,2494.0,100.0,30.55,8.0
Mahindra Bolero DI,2011,9850.28,74564.5,Diesel,Individual,Manual,Third Owner,2523.0,63.0,31.99,7.0
Maruti Alto K10 LXI,2013,6655.59,16777.0,Petrol,Individual,Manual,First Owner,998.0,67.1,49.21,5.0
Maruti Alto LXi,2007,2529.13,43496.0,Petrol,Individual,Manual,Second Owner,796.0,46.3,46.34,5.0
Maruti Wagon R LXI Minor,2010,4792.03,43496.0,Petrol,Individual,Manual,Second Owner,1061.0,67.0,44.46,5.0
Mahindra NuvoSport N8 AMT,2016,17304.54,31068.6,Diesel,Individual,Automatic,First Owner,1493.0,100.0,41.05,7.0
Hyundai Xcent 1.2 CRDi E,2018,14109.86,37282.3,Diesel,Individual,Manual,First Owner,1186.0,73.97,59.74,5.0
Maruti Swift VVT ZXI,2017,16239.65,9320.6,Petrol,Individual,Manual,First Owner,1197.0,81.8,51.75,5.0
Mahindra Xylo E4 8S,2010,7054.93,83885.1,Diesel,Individual,Manual,First Owner,2498.0,112.0,32.93,8.0
Tata Tiago 1.2 Revotron XZ WO Alloy,2018,14908.53,16342.1,Petrol,Individual,Manual,First Owner,1199.0,84.0,56.08,5.0
Mahindra Bolero 2011-2019 SLE,2014,11447.62,74564.5,Diesel,Individual,Manual,First Owner,2523.0,62.1,37.54,7.0
Maruti Swift Dzire VDI,2017,18928.5,21748.0,Diesel,Individual,Manual,First Owner,1248.0,74.02,66.8,5.0
Maruti Swift Dzire VXI,2015,13604.03,18641.1,Petrol,Individual,Manual,First Owner,1197.0,83.14,49.04,5.0
Mahindra Bolero 2011-2019 ZLX,2012,11980.07,102526.2,Diesel,Individual,Manual,First Owner,2523.0,62.1,37.54,7.0
Tata Zest Revotron 1.2 XT,2015,8652.27,31068.6,Petrol,Individual,Manual,First Owner,1193.0,88.7,41.33,5.0
Renault Scala Diesel RxZ,2013,11580.7,74564.5,Diesel,Individual,Manual,First Owner,1461.0,84.8,50.9,5.0
Ford Figo Diesel LXI,2010,5590.7,62137.1,Diesel,Individual,Manual,Second Owner,1399.0,68.0,47.04,5.0
Maruti SX4 Vxi BSIII,2007,4259.58,74564.5,Petrol,Individual,Manual,Second Owner,1586.0,104.68,35.28,5.0
Maruti Ertiga VXI Limited Edition,2017,17304.54,43496.0,Petrol,Individual,Manual,Second Owner,1373.0,91.1,41.16,7.0
Hyundai i20 Sportz 1.2,2014,8519.16,44738.7,Petrol,Individual,Manual,First Owner,1197.0,81.83,43.75,5.0
Renault KWID Climber 1.0 MT,2017,7720.49,31068.6,Petrol,Individual,Manual,First Owner,999.0,67.0,54.12,5.0
Tata Nano CX,2013,2129.79,18641.1,Petrol,Individual,Manual,First Owner,624.0,37.48,59.74,4.0
Tata Safari Storme EX,2017,29284.61,12427.4,Diesel,Individual,Manual,First Owner,2179.0,147.94,33.17,7.0
Maruti Ciaz ZDi Plus,2015,15973.42,68350.8,Diesel,Individual,Manual,First Owner,1248.0,88.5,61.65,5.0
Renault KWID RXT,2017,9051.61,15534.3,Petrol,Individual,Manual,First Owner,799.0,53.3,59.2,5.0
Toyota Innova 2.5 G (Diesel) 7 Seater,2014,19966.78,74564.5,Diesel,Individual,Manual,First Owner,2494.0,100.6,30.55,7.0
Maruti Alto LX,2006,2662.24,24854.8,Petrol,Individual,Manual,First Owner,796.0,46.3,46.34,5.0
Renault KWID RXT Optional,2019,10515.84,6213.7,Petrol,Individual,Manual,First Owner,799.0,53.3,59.2,5.0
Maruti Wagon R VXI Minor,2010,5324.47,40389.1,Petrol,Individual,Manual,First Owner,1061.0,67.0,44.46,5.0
Mahindra Verito 1.4 G4 BSIV,2012,4792.03,68350.8,Petrol,Individual,Manual,Second Owner,1390.0,75.0,32.62,5.0
Mahindra Bolero DI,2008,5058.25,74564.5,Diesel,Individual,Manual,Second Owner,2523.0,63.0,31.99,7.0
Maruti Eeco 5 Seater AC BSIV,2015,8252.93,44738.7,Petrol,Individual,Manual,First Owner,1196.0,73.0,36.15,5.0
Maruti Ritz VDi,2014,9344.45,55364.2,Diesel,Individual,Manual,Second Owner,1248.0,73.94,54.57,5.0
Chevrolet Optra 1.6 LT Royale,2006,5058.25,58408.9,Petrol,Individual,Manual,Second Owner,1599.0,104.0,40.93,5.0
Hyundai EON Magna Plus,2015,5990.03,74564.5,Petrol,Individual,Manual,Second Owner,814.0,55.2,49.63,5.0
Chevrolet Spark 1.0 LT,2012,3460.91,68350.8,Petrol,Individual,Manual,First Owner,995.0,62.1,38.1,5.0
Maruti Ciaz Alpha Diesel,2018,26622.37,31068.6,Diesel,Individual,Manual,First Owner,1248.0,88.5,66.07,5.0
Tata Indica V2 DLS TC,2004,1464.23,55923.4,Diesel,Individual,Manual,Third Owner,1405.0,62.0,39.52,5.0
Chevrolet Sail 1.2 LT ABS,2014,8785.38,14291.5,Petrol,Individual,Manual,First Owner,1199.0,82.4,42.81,5.0
Maruti Omni MPI STD BSIV,2013,4419.31,31068.6,Petrol,Individual,Manual,First Owner,796.0,34.2,39.52,5.0
Mahindra Xylo D4 BSIII,2013,5324.47,186411.3,Diesel,Individual,Manual,First Owner,2498.0,112.0,32.93,8.0
Maruti Alto K10 2010-2014 VXI,2011,3727.13,31068.6,Petrol,Individual,Manual,Third Owner,998.0,67.1,49.21,5.0
Hyundai Elite i20 Sportz Plus CVT BSIV,2019,19168.11,9941.9,Petrol,Individual,Automatic,First Owner,1197.0,81.86,40.93,5.0
Hyundai i20 Active 1.4,2015,13311.18,78292.7,Diesel,Individual,Manual,First Owner,1396.0,88.73,49.84,5.0
Hyundai Xcent 1.2 VTVT SX,2019,15174.75,9320.6,Petrol,Individual,Manual,First Owner,1197.0,81.86,47.37,5.0
Maruti Swift Dzire 1.2 Vxi BSIV,2010,5590.7,124274.2,Petrol,Individual,Manual,First Owner,1197.0,85.8,41.16,5.0
Maruti Alto LXi,2009,3194.68,74564.5,Petrol,Individual,Manual,First Owner,796.0,46.3,46.34,5.0
Hyundai Getz GLX,2005,2529.13,74564.5,Petrol,Individual,Manual,Fourth & Above Owner,1341.0,83.0,35.99,5.0
Hyundai i10 Sportz AT,2010,5217.98,68350.8,Petrol,Individual,Automatic,Third Owner,1197.0,78.9,39.87,5.0
Maruti Eeco 5 Seater AC BSIV,2016,10435.97,23612.1,Petrol,Individual,Manual,First Owner,1196.0,73.0,36.15,5.0
Tata Manza Aura Plus Safire,2010,3993.36,64622.6,Petrol,Individual,Manual,First Owner,1368.0,90.0,35.28,5.0
Honda BR-V i-VTEC E MT,2017,15840.31,74564.5,Petrol,Individual,Manual,First Owner,1497.0,117.3,36.22,7.0
Maruti Vitara Brezza ZDi Plus AMT Dual Tone,2018,22176.43,21748.0,Diesel,Individual,Automatic,First Owner,1248.0,88.5,57.16,5.0
Maruti Swift VDI,2011,7454.26,130487.9,Diesel,Individual,Manual,First Owner,1248.0,74.0,53.86,5.0
Maruti 800 Std BSII,2003,931.78,21748.0,Petrol,Individual,Manual,Second Owner,796.0,37.0,37.87,4.0
Maruti Ritz VDi,2009,4792.03,52816.5,Diesel,Individual,Manual,Third Owner,1248.0,73.9,49.63,5.0
Maruti Wagon R VXi BSII,2012,5990.03,49709.7,Petrol,Individual,Manual,First Owner,998.0,67.1,44.46,5.0
Mercedes-Benz New C-Class 220 CDI AT,2012,37271.32,31068.6,Diesel,Individual,Automatic,First Owner,2143.0,170.0,34.91,5.0
Hyundai i20 Era Diesel,2009,9051.61,24854.8,Diesel,Individual,Manual,First Owner,1396.0,90.0,54.1,5.0
Toyota Innova 2.5 GX 8 STR,2010,14642.3,134216.1,Diesel,Individual,Manual,First Owner,2494.0,102.0,30.11,8.0
Maruti Wagon R VXI BS IV,2017,10648.95,40389.1,Petrol,Individual,Manual,Second Owner,998.0,67.04,48.24,5.0
Hyundai Getz GLE,2006,2396.01,62137.1,Petrol,Individual,Manual,Third Owner,1341.0,83.0,35.99,5.0
Maruti Ciaz VDi Plus SHVS,2015,17304.54,52195.2,Diesel,Individual,Manual,First Owner,1248.0,88.5,66.07,5.0
Toyota Innova 2.5 G (Diesel) 7 Seater BS IV,2012,19434.33,130487.9,Diesel,Individual,Manual,First Owner,2494.0,100.0,30.55,7.0
Chevrolet Aveo U-VA 1.2 LS,2010,3327.8,37282.3,Petrol,Individual,Manual,First Owner,1150.0,74.9,35.89,5.0
Hyundai Getz GLE,2006,2156.41,62137.1,Petrol,Individual,Manual,Fourth & Above Owner,1341.0,83.0,35.99,5.0
Maruti Swift Glam,2007,4525.8,48466.9,Petrol,Individual,Manual,Second Owner,1298.0,88.2,37.87,5.0
Honda City 1.5 EXI,2002,2156.41,100040.7,Petrol,Individual,Manual,Fourth & Above Owner,1493.0,100.0,30.58,5.0
Maruti Alto LX,2005,2529.13,43496.0,Petrol,Individual,Manual,Third Owner,796.0,46.3,46.34,5.0
Tata Nano Cx BSIV,2010,1464.23,31068.6,Petrol,Individual,Manual,Third Owner,624.0,35.0,61.16,4.0
Renault Lodgy World Edition 110PS,2017,23427.69,40389.1,Diesel,Individual,Manual,First Owner,1461.0,108.5,47.0,8.0
Renault KWID RXL,2015,5324.47,31068.6,Petrol,Individual,Manual,First Owner,799.0,53.3,59.2,5.0
Maruti Wagon R VXI 1.2,2019,12778.74,15534.3,Petrol,Individual,Manual,First Owner,1197.0,81.8,48.27,5.0
Hyundai i20 1.2 Asta,2018,18635.66,3728.2,Petrol,Individual,Manual,First Owner,1197.0,81.83,43.75,5.0
Honda BRV i-DTEC V MT,2016,22629.01,44808.9,Diesel,Individual,Manual,First Owner,1498.0,98.6,51.51,7.0
Tata Indigo CR4,2012,7986.71,24854.8,Diesel,Individual,Manual,First Owner,1396.0,70.0,55.44,5.0
Hyundai i20 1.2 Asta Option,2017,17304.54,4971.0,Petrol,Individual,Manual,First Owner,1197.0,81.83,43.75,5.0
Maruti Ritz VXI,2010,5856.92,12427.4,Petrol,Individual,Manual,First Owner,1197.0,85.8,49.63,5.0
Tata Indigo CS LS (TDI) BS-III,2014,7986.71,27961.7,Diesel,Individual,Manual,First Owner,1405.0,69.01,44.9,5.0
Maruti Swift Dzire VDI,2014,11980.07,49709.7,Diesel,Individual,Manual,First Owner,1248.0,74.0,55.04,5.0
Maruti Swift VDI BSIV,2014,10648.95,55923.4,Diesel,Individual,Manual,First Owner,1248.0,74.0,59.27,5.0
Maruti S-Cross 2017-2020 Alpha DDiS 200 SH,2018,27421.04,15534.3,Diesel,Individual,Manual,First Owner,1248.0,88.5,59.04,5.0
Tata Manza Aura Quadrajet,2010,5058.25,62137.1,Diesel,Individual,Manual,Second Owner,1248.0,90.0,44.22,5.0
Ford Fiesta 1.4 Duratec EXI,2006,3727.13,37282.3,Petrol,Individual,Manual,Second Owner,1388.0,68.0,39.05,5.0
Hyundai i20 Active S Diesel,2018,21297.9,18641.1,Diesel,Individual,Manual,First Owner,1396.0,88.76,49.84,5.0
Mahindra Scorpio LX 2.6 Turbo,2007,6123.12,74564.5,Diesel,Individual,Manual,Third Owner,2609.0,120.0,24.7,7.0
Tata Safari DICOR 2.2 EX 4x2,2011,7986.71,49709.7,Diesel,Individual,Manual,Second Owner,2179.0,138.03,32.77,7.0
Volkswagen Vento Diesel Highline,2011,9983.39,42874.6,Diesel,Individual,Manual,Second Owner,1598.0,103.6,48.31,5.0
Chevrolet Beat LT,2010,3727.13,46602.8,Petrol,Individual,Manual,First Owner,1199.0,79.4,43.75,5.0
Maruti Alto LX,2004,1597.34,70214.9,Petrol,Individual,Manual,Second Owner,796.0,46.3,46.34,5.0
Hyundai Xcent 1.1 CRDi S Option,2014,11181.4,55923.4,Diesel,Individual,Manual,Second Owner,1120.0,71.01,57.39,5.0
Renault Pulse RxZ,2012,7986.71,62137.1,Diesel,Individual,Manual,Third Owner,1461.0,63.12,54.29,5.0
Tata Indica Vista Quadrajet VX,2012,3993.36,68350.8,Diesel,Individual,Manual,First Owner,1248.0,74.0,52.45,5.0
Ford EcoSport 1.5 TDCi Titanium Plus BSIV,2015,15973.42,55923.4,Diesel,Individual,Manual,First Owner,1498.0,98.59,53.56,5.0
Ford Figo Diesel Titanium,2011,5457.56,62137.1,Diesel,Individual,Manual,Second Owner,1399.0,68.0,47.04,5.0
Hyundai Xcent 1.2 CRDi SX,2017,16638.98,31068.6,Diesel,Individual,Manual,First Owner,1186.0,73.97,59.74,5.0
Fiat Grande Punto 1.3 Emotion Pack 90HP (Diesel),2011,7454.26,124274.2,Diesel,Individual,Manual,First Owner,1248.0,91.7,48.22,5.0
Hyundai Santa Fe 2WD AT,2014,27953.49,90720.2,Diesel,Individual,Automatic,Second Owner,2199.0,194.3,30.6,7.0
Chevrolet Optra Magnum 1.6 LT Petrol,2009,6655.59,49709.7,Petrol,Individual,Manual,Second Owner,1598.0,102.5,30.34,5.0
Tata New Safari DICOR 2.2 EX 4x2,2010,14242.97,59926.9,Diesel,Individual,Manual,Second Owner,2179.0,138.1,27.21,7.0
Honda Accord 2.4 AT,2009,10648.95,62137.1,Petrol,Individual,Automatic,Second Owner,2354.0,177.6,27.52,5.0
Maruti Swift AMT VXI,2019,16239.65,6213.7,Petrol,Individual,Automatic,First Owner,1197.0,81.8,49.89,5.0
Maruti Swift Dzire VDI,2014,13577.38,68350.8,Diesel,Individual,Manual,First Owner,1248.0,74.0,55.04,5.0
Tata Safari Storme VX,2014,13870.25,53437.9,Diesel,Individual,Manual,Second Owner,2179.0,138.1,32.93,7.0
Maruti Swift Dzire VDI,2014,13604.03,62137.1,Diesel,Individual,Manual,First Owner,1248.0,74.0,55.04,5.0
Hyundai i20 Sportz 1.4 CRDi,2014,12006.69,56544.8,Diesel,Individual,Manual,First Owner,1396.0,88.73,53.02,5.0
Hyundai i10 Sportz,2009,4525.8,62137.1,Petrol,Individual,Manual,First Owner,1197.0,78.9,47.89,5.0
Maruti Swift Dzire VDI,2013,11980.07,74564.5,Diesel,Individual,Manual,Second Owner,1248.0,74.0,55.04,5.0
Honda City 1.5 V Elegance,2011,9983.39,55923.4,Petrol,Individual,Manual,Second Owner,1497.0,118.0,39.99,5.0
Maruti Alto 800 LXI,2016,8119.82,37282.3,Petrol,Individual,Manual,Second Owner,796.0,47.3,53.49,5.0
Renault KWID RXT,2016,8386.05,32000.6,Petrol,Individual,Manual,First Owner,799.0,53.3,59.2,5.0
Chevrolet Sail 1.3 LS,2016,6655.59,37282.3,Diesel,Individual,Manual,Second Owner,1248.0,74.0,51.98,5.0
Ford Figo Diesel EXI,2012,5324.47,64933.3,Diesel,Individual,Manual,Second Owner,1399.0,68.0,47.04,5.0
Renault Duster 110PS Diesel RxL,2012,10648.95,74564.5,Diesel,Individual,Manual,Third Owner,1461.0,108.45,44.71,5.0
Maruti Swift ZDi,2014,13577.38,62137.1,Diesel,Individual,Manual,Second Owner,1248.0,74.0,53.86,5.0
Honda Civic 1.8 V MT,2008,9983.39,55923.4,Petrol,Individual,Manual,Third Owner,1799.0,130.0,31.75,5.0
Maruti Wagon R LXI,2005,3993.36,93205.6,Petrol,Individual,Manual,Third Owner,998.0,67.1,44.46,5.0
Maruti Wagon R AX,2006,1996.68,37282.3,Petrol,Individual,Automatic,First Owner,998.0,67.1,44.46,5.0
Hyundai Verna 1.4 VTVT,2015,12379.4,31068.6,Petrol,Individual,Manual,Second Owner,1396.0,105.5,41.0,5.0
Hyundai Grand i10 1.2 CRDi Asta,2019,18635.66,6213.7,Diesel,Individual,Manual,First Owner,1186.0,73.97,56.45,5.0
Mahindra Scorpio 1.99 S10,2015,25291.25,74564.5,Diesel,Individual,Manual,Third Owner,1997.0,120.0,36.22,7.0
Hyundai i20 1.2 Asta,2017,16239.65,24854.8,Petrol,Individual,Manual,First Owner,1197.0,81.83,43.75,5.0
Maruti Alto 800 LXI,2014,6256.26,31068.6,Petrol,Individual,Manual,First Owner,796.0,47.3,53.49,5.0
Maruti Eeco 5 Seater AC BSIV,2017,8785.38,55923.4,Petrol,Individual,Manual,First Owner,1196.0,73.0,36.15,5.0
Nissan Terrano XE 85 PS,2014,12565.76,55923.4,Diesel,Individual,Manual,First Owner,1461.0,83.8,48.1,5.0
Maruti Swift VXI,2019,15574.09,6213.7,Petrol,Individual,Manual,First Owner,1197.0,81.8,49.89,5.0
Mahindra Supro LX 8 Str,2018,13311.18,6213.7,Diesel,Individual,Manual,First Owner,909.0,45.0,55.28,8.0
Maruti Alto K10 VXI,2019,9584.05,16777.0,Petrol,Individual,Manual,First Owner,998.0,67.05,56.33,5.0
Maruti Swift Dzire VDI,2016,17277.92,43496.0,Diesel,Individual,Manual,First Owner,1248.0,74.0,62.54,5.0
Maruti Omni MPI CARGO BSIV,2017,5324.47,31068.6,Petrol,Individual,Manual,First Owner,796.0,34.2,39.52,5.0
Hyundai Grand i10 CRDi Magna,2014,10648.95,68350.8,Diesel,Individual,Manual,First Owner,1120.0,70.0,56.45,5.0
Maruti Celerio VDi,2015,6655.59,62137.1,Diesel,Individual,Manual,Second Owner,793.0,47.0,64.97,5.0
Mahindra Marazzo M6,2018,31946.84,31068.6,Diesel,Individual,Manual,First Owner,1497.0,121.0,40.69,7.0
Maruti Swift Vdi BSIII,2009,6655.59,65244.0,Diesel,Individual,Manual,Second Owner,1248.0,75.0,41.87,5.0
Toyota Innova 2.5 GX (Diesel) 8 Seater,2013,21830.32,68350.8,Diesel,Individual,Manual,First Owner,2494.0,100.6,30.55,8.0
Mahindra XUV500 W8 2WD,2014,21297.9,37282.3,Diesel,Individual,Manual,Second Owner,2179.0,140.0,35.52,7.0
Ford Ecosport 1.0 Ecoboost Titanium Optional,2013,11421.0,30510.6,Petrol,Dealer,Manual,Second Owner,999.0,123.37,44.41,5.0
Hyundai Santro Xing GLS,2010,3993.36,37282.3,Petrol,Individual,Manual,Third Owner,1086.0,62.1,42.15,5.0
Chevrolet Beat Diesel LT,2012,4525.8,55923.4,Diesel,Individual,Manual,First Owner,936.0,57.6,59.84,5.0
Renault Duster 110PS Diesel RxL,2013,9584.05,50331.1,Diesel,Individual,Manual,Second Owner,1461.0,108.45,44.71,5.0
Hyundai Xcent 1.2 CRDi SX,2018,15174.75,49709.7,Diesel,Individual,Manual,First Owner,1186.0,73.97,59.74,5.0
Renault Duster 110PS Diesel RxZ,2012,9317.83,65244.0,Diesel,Individual,Manual,Second Owner,1461.0,108.45,44.71,5.0
Maruti Ertiga BSIV VXI,2017,18635.66,141051.2,Petrol,Individual,Manual,First Owner,1373.0,91.1,41.16,7.0
Renault Duster 110PS Diesel RxZ,2012,9983.39,62137.1,Diesel,Individual,Manual,Second Owner,1461.0,108.45,44.71,5.0
Hyundai i20 Magna 1.4 CRDi (Diesel),2013,8652.27,43496.0,Diesel,Individual,Manual,Third Owner,1396.0,88.76,51.51,5.0
Volkswagen Vento Diesel Comfortline,2011,6921.82,74564.5,Diesel,Individual,Manual,Third Owner,1598.0,103.6,48.31,5.0
Maruti Alto LXi BSIII,2009,3460.91,49709.7,Petrol,Individual,Manual,Third Owner,796.0,46.3,46.34,5.0
Tata New Safari DICOR 2.2 EX 4x2,2008,3993.36,74564.5,Diesel,Individual,Manual,Fourth & Above Owner,2179.0,138.1,27.21,7.0
Hyundai Santro Xing GLS,2014,5856.92,24854.8,Petrol,Individual,Manual,First Owner,1086.0,62.1,42.15,5.0
Hyundai i10 Magna 1.2 iTech SE,2014,7321.15,32932.7,Petrol,Individual,Manual,First Owner,1197.0,78.9,47.89,5.0
Maruti Swift LDI Optional,2017,12113.18,37282.3,Diesel,Individual,Manual,First Owner,1248.0,74.0,59.27,5.0
Hyundai i20 1.2 Magna Executive,2017,15174.75,18641.1,Petrol,Individual,Manual,First Owner,1197.0,81.83,43.75,5.0
Volkswagen Vento Diesel Highline,2013,8785.38,62137.1,Diesel,Individual,Manual,Third Owner,1598.0,103.6,48.31,5.0
Toyota Innova Crysta 2.4 VX MT BSIV,2018,41956.85,43496.0,Diesel,Individual,Manual,First Owner,2393.0,147.8,32.18,7.0
Maruti Ertiga ZDI,2012,11980.07,60894.4,Diesel,Individual,Manual,Fourth & Above Owner,1248.0,88.8,48.85,7.0
Hyundai EON Magna Plus,2014,6655.59,37282.3,Petrol,Individual,Manual,First Owner,814.0,55.2,49.63,5.0
Hyundai i10 Sportz,2010,4392.69,49709.7,Petrol,Individual,Manual,Third Owner,1197.0,78.9,47.89,5.0
Mahindra Ssangyong Rexton RX7,2013,21297.9,72700.4,Diesel,Dealer,Automatic,First Owner,2696.0,184.0,26.3,7.0
Honda Jazz 1.2 V i VTEC,2018,18103.21,5328.9,Petrol,Dealer,Manual,First Owner,1199.0,88.7,43.99,5.0
Tata Tigor 1.2 Revotron XZA,2017,13976.74,12255.3,Petrol,Dealer,Automatic,First Owner,1199.0,84.0,47.75,5.0
Honda City 1.5 V MT Sunroof,2016,21963.46,13325.9,Petrol,Dealer,Manual,First Owner,1497.0,116.3,39.52,5.0
Maruti S-Cross 2017-2020 Sigma DDiS 200 SH,2017,19966.78,32490.9,Diesel,Dealer,Manual,First Owner,1248.0,88.5,59.04,5.0
Mahindra Scorpio S4 Plus,2017,25291.25,32457.9,Diesel,Dealer,Manual,First Owner,2179.0,120.0,36.22,7.0
Mahindra Scorpio S4 Plus 4WD,2017,25291.25,33846.1,Diesel,Dealer,Manual,First Owner,2179.0,120.0,36.22,7.0
Hyundai i20 1.4 CRDi Magna,2017,17970.1,15826.9,Diesel,Dealer,Manual,First Owner,1396.0,90.0,51.51,5.0
Tata Tiago XT,2019,13044.96,21081.9,Petrol,Dealer,Manual,First Owner,1199.0,84.48,56.08,5.0
Mahindra TUV 300 T4 Plus,2018,20632.34,37118.2,Diesel,Dealer,Manual,First Owner,1493.0,100.0,43.49,7.0
Honda City 1.5 V MT,2009,9317.83,33734.2,Petrol,Dealer,Manual,First Owner,1497.0,118.0,39.99,5.0
Honda Brio S MT,2016,12645.63,1316.1,Petrol,Dealer,Manual,First Owner,1198.0,86.8,45.63,5.0
Mahindra Scorpio S4 7 Seater,2017,25291.25,38139.1,Diesel,Dealer,Manual,First Owner,2179.0,120.0,36.22,7.0
Honda City i-VTEC S,2010,9317.83,36377.5,Petrol,Dealer,Manual,Second Owner,1497.0,117.3,40.93,5.0
Maruti Wagon R VXI,2016,10648.95,46218.2,Petrol,Dealer,Manual,First Owner,998.0,67.05,51.25,5.0
Maruti 800 DX 5 Speed,2001,1996.68,21748.0,Petrol,Individual,Manual,Third Owner,796.0,37.0,37.87,4.0
Ford Ecosport 1.5 DV5 MT Titanium,2017,22629.01,39756.6,Diesel,Dealer,Manual,First Owner,1498.0,89.84,53.39,5.0
Maruti Wagon R VXI,2008,4658.91,40389.1,Petrol,Dealer,Manual,Second Owner,998.0,67.1,44.46,5.0
Mahindra Bolero 2011-2019 SLE,2014,15174.75,45981.5,Diesel,Dealer,Manual,First Owner,2523.0,62.1,37.54,7.0
Renault Duster 110PS Diesel RxZ,2013,13976.74,35063.3,Diesel,Dealer,Manual,Second Owner,1461.0,108.45,44.71,5.0
Hyundai i10 Magna 1.2 iTech SE,2012,7188.04,34796.8,Petrol,Individual,Manual,First Owner,1197.0,78.9,47.89,5.0
Hyundai Santro Magna,2019,11580.7,12116.7,Petrol,Dealer,Manual,First Owner,1086.0,68.07,47.75,5.0
Hyundai i20 Asta Option 1.2,2015,13178.07,18641.1,Petrol,Dealer,Manual,First Owner,1197.0,81.83,43.75,5.0
Hyundai i20 Asta Option 1.4 CRDi,2016,15307.86,32932.7,Diesel,Dealer,Manual,First Owner,1396.0,88.73,53.02,5.0
Hyundai Xcent 1.2 VTVT S,2017,15973.42,3106.9,Petrol,Individual,Manual,First Owner,1197.0,81.86,47.37,5.0
Hyundai Verna 1.6 VTVT S Option,2015,18635.66,15534.3,Petrol,Individual,Manual,First Owner,1591.0,121.4,40.01,5.0
Honda City i DTec V,2014,14908.53,44738.7,Diesel,Dealer,Manual,First Owner,1498.0,98.6,61.16,5.0
Mahindra Bolero DI AC BSIII,2005,6655.59,49709.7,Diesel,Individual,Manual,First Owner,2523.0,63.0,31.99,7.0
Skoda Rapid 1.6 MPI Ambition Plus,2013,10915.15,18019.8,Petrol,Individual,Manual,Second Owner,1598.0,103.5,35.28,5.0
Nissan Terrano XL D Option,2016,13178.07,35313.8,Diesel,Dealer,Manual,First Owner,1461.0,83.14,46.74,5.0
Hyundai Elite i20 Petrol Asta,2014,12512.51,18969.2,Petrol,Dealer,Manual,First Owner,1197.0,81.86,43.75,5.0
Honda Amaze S Diesel,2013,9317.83,40566.2,Diesel,Dealer,Manual,First Owner,1498.0,98.63,58.1,5.0
Toyota Innova Crysta 2.4 G MT 8 STR,2020,41530.9,12490.8,Diesel,Dealer,Manual,First Owner,2393.0,147.51,32.18,8.0
Honda Jazz 1.2 S i VTEC,2015,12778.74,26719.0,Petrol,Dealer,Manual,First Owner,1199.0,88.7,43.99,5.0
Toyota Etios Liva 1.4 GD,2013,7188.04,32547.4,Diesel,Dealer,Manual,First Owner,1364.0,67.04,55.49,5.0
Mahindra Bolero B2,2018,17570.76,46136.8,Diesel,Dealer,Manual,First Owner,1498.0,74.96,49.4,7.0
Maruti Ignis 1.2 AMT Alpha BSIV,2017,13044.96,35571.6,Petrol,Dealer,Automatic,First Owner,1197.0,81.8,49.14,5.0
Maruti Vitara Brezza ZDi Plus,2017,21297.9,32311.3,Diesel,Individual,Manual,First Owner,1248.0,88.5,57.16,5.0
Nissan Sunny XV,2011,9317.83,29204.4,Petrol,Individual,Manual,Second Owner,1498.0,97.7,39.87,5.0
Ford Fiesta EXi 1.4 TDCi Ltd,2011,4525.8,49709.7,Diesel,Individual,Manual,Third Owner,1399.0,68.0,41.87,5.0
Tata Indica Vista Aqua 1.3 Quadrajet,2011,3327.8,52816.5,Diesel,Individual,Manual,Second Owner,1248.0,75.0,42.34,5.0
Maruti Swift Dzire VDi,2012,10648.95,62137.1,Diesel,Individual,Manual,First Owner,1248.0,73.9,45.4,5.0
Nissan Sunny XV,2011,6655.59,68350.8,Petrol,Individual,Manual,First Owner,1498.0,97.7,39.87,5.0
Fiat Linea Emotion (Diesel),2010,5058.25,110604.0,Diesel,Individual,Manual,Second Owner,1248.0,91.7,47.98,5.0
Maruti Alto LX,2010,3327.8,74564.5,Petrol,Individual,Manual,Third Owner,796.0,46.3,46.34,5.0
Jeep Compass 2.0 Limited 4X4,2017,51913.62,43496.0,Diesel,Individual,Manual,First Owner,1956.0,170.0,38.34,5.0
Audi Q5 2.0 TDI,2011,34609.08,74564.5,Diesel,Individual,Automatic,First Owner,1968.0,167.6,30.11,5.0
Toyota Innova 2.5 G4 Diesel 8-seater,2010,20925.18,96312.5,Diesel,Individual,Manual,Third Owner,2494.0,102.0,30.11,8.0
Maruti Wagon R VXI BS IV,2015,8918.49,18641.1,Petrol,Individual,Manual,First Owner,998.0,67.04,48.24,5.0
Maruti Wagon R LXI Minor,2009,3061.55,37282.3,Petrol,Individual,Manual,Third Owner,1061.0,67.0,44.46,5.0
Volkswagen Polo Diesel Comfortline 1.2L,2012,6123.12,43496.0,Diesel,Individual,Manual,Fourth & Above Owner,1199.0,73.9,51.91,5.0
Hyundai i20 2015-2017 Asta 1.4 CRDi,2017,19460.95,24854.8,Diesel,Individual,Manual,First Owner,1396.0,88.73,53.02,5.0
Hyundai Verna 1.6 SX,2012,10515.84,74564.5,Diesel,Individual,Manual,First Owner,1582.0,126.32,52.5,5.0
Maruti Swift Dzire VDI,2015,13311.18,74564.5,Diesel,Individual,Manual,First Owner,1248.0,74.0,62.54,5.0
Hyundai EON Era Plus,2014,5856.92,31068.6,Petrol,Individual,Manual,Third Owner,814.0,55.2,49.63,5.0
Ford Figo Diesel Celebration Edition,2013,6389.37,62137.1,Diesel,Individual,Manual,First Owner,1399.0,68.1,47.04,5.0
Hyundai i20 1.4 CRDi Asta,2010,5723.81,74564.5,Diesel,Individual,Manual,Third Owner,1396.0,90.0,54.1,5.0
Maruti Swift VDI,2012,10648.95,55923.4,Diesel,Individual,Manual,Second Owner,1248.0,74.0,53.86,5.0
Maruti Zen Estilo VXI BSIV,2012,5084.87,55923.4,Petrol,Individual,Manual,First Owner,998.0,67.1,44.69,5.0
Mahindra Xylo D4 BSIII,2013,9344.45,62137.1,Diesel,Individual,Manual,Second Owner,2498.0,112.0,32.93,8.0
Tata Nano XTA,2015,6655.59,12427.4,Petrol,Individual,Automatic,First Owner,624.0,37.48,51.51,4.0
Hyundai Verna CRDi SX ABS,2009,5590.7,55923.4,Diesel,Individual,Manual,Second Owner,1493.0,110.0,42.57,5.0
Toyota Etios VX,2011,7986.71,74564.5,Petrol,Individual,Manual,Third Owner,1496.0,88.7,41.4,5.0
Ford Figo Aspire 1.5 TDCi Trend,2017,18635.66,21748.0,Diesel,Individual,Manual,First Owner,1498.0,99.0,60.76,5.0
Hyundai Sonata CRDi M/T,2010,13311.18,74564.5,Diesel,Individual,Manual,Second Owner,1991.0,150.0,27.76,5.0
Maruti 800 AC BSIII,2002,3194.68,74564.5,Petrol,Individual,Manual,First Owner,796.0,37.0,37.87,4.0
Hyundai Elite i20 Asta Option Diesel,2019,22629.01,6213.7,Diesel,Individual,Manual,First Owner,1396.0,88.76,53.02,5.0
Honda WR-V i-DTEC VX,2017,20499.22,40389.1,Diesel,Individual,Manual,Second Owner,1498.0,98.6,59.98,5.0
Honda Civic 1.8 S MT,2007,6522.48,55923.4,Petrol,Individual,Manual,Third Owner,1799.0,130.0,31.75,5.0
Maruti Alto K10 2010-2014 VXI,2012,6655.59,55923.4,Petrol,Individual,Manual,First Owner,998.0,67.1,49.21,5.0
Hyundai i20 Active SX Diesel,2016,17331.16,26298.3,Diesel,Dealer,Manual,First Owner,1396.0,88.76,49.84,5.0
Honda City V MT,2013,12778.74,26384.7,Petrol,Dealer,Manual,First Owner,1497.0,116.3,39.52,5.0
Maruti Swift VDI BSIV,2015,12512.51,34003.3,Diesel,Dealer,Manual,First Owner,1248.0,74.0,59.27,5.0
Honda Jazz 1.5 V i DTEC,2016,13311.18,18641.1,Diesel,Individual,Manual,First Owner,1498.0,98.6,64.21,5.0
BMW X1 sDrive20d M Sport,2011,28619.05,26436.2,Diesel,Dealer,Automatic,First Owner,1998.0,190.0,46.15,5.0
Maruti S-Cross 2017-2020 Delta DDiS 200 SH,2016,18369.44,19883.9,Diesel,Dealer,Manual,First Owner,1248.0,88.5,59.04,5.0
Maruti Ignis 1.2 Delta BSIV,2018,12778.74,12660.4,Petrol,Dealer,Manual,First Owner,1197.0,81.8,49.14,5.0
Maruti Swift ZDI Plus,2013,11980.07,27326.7,Diesel,Dealer,Manual,Second Owner,1248.0,74.0,66.8,5.0
Mahindra Bolero B4,2015,11846.95,24979.1,Diesel,Dealer,Manual,First Owner,1498.0,74.96,49.4,7.0
Hyundai i20 1.2 Asta Option,2018,18635.66,18641.1,Petrol,Individual,Manual,First Owner,1197.0,81.83,43.75,5.0
Maruti Ertiga ZDI,2014,14908.53,55923.4,Diesel,Individual,Manual,First Owner,1248.0,88.8,48.85,7.0
Ford Ecosport Sports Diesel,2013,12645.63,29825.8,Diesel,Dealer,Manual,Second Owner,1498.0,98.96,51.04,5.0
Honda Amaze E Diesel BSIV,2014,12379.4,16921.8,Diesel,Dealer,Manual,First Owner,1498.0,98.63,64.45,5.0
Maruti Swift Dzire Tour LDI,2017,13843.63,17915.4,Diesel,Dealer,Manual,First Owner,1248.0,74.0,55.04,5.0
Tata Manza Aura Safire,2011,5990.03,21748.0,Petrol,Individual,Manual,First Owner,1368.0,90.0,35.28,5.0
Maruti Ertiga ZXI,2015,18635.66,21748.0,Petrol,Individual,Manual,First Owner,1373.0,93.7,37.68,7.0
Honda City 2017-2020 GXi,2006,2479.87,49709.7,Petrol,Individual,Manual,Second Owner,1497.0,78.0,41.63,5.0
Mahindra Quanto C4,2016,10728.82,18641.1,Diesel,Individual,Manual,Second Owner,1493.0,100.0,40.48,7.0
Hyundai i10 Era,2009,6123.12,31068.6,Petrol,Individual,Manual,Second Owner,1086.0,68.05,46.6,5.0
Maruti Swift Dzire VDI,2016,13976.74,24854.8,Diesel,Individual,Manual,Second Owner,1248.0,74.0,62.54,5.0
Maruti Ertiga VXI,2014,14908.53,15534.3,Petrol,Individual,Manual,First Owner,1373.0,93.7,37.68,7.0
Mahindra XUV500 W7,2020,22096.57,74564.5,Diesel,Individual,Manual,First Owner,2179.0,152.87,35.52,7.0
Maruti Ritz VDi,2011,6655.59,37282.3,Diesel,Individual,Manual,Second Owner,1248.0,73.9,49.63,5.0
Mahindra Scorpio 1.99 S4,2016,19833.67,41631.9,Diesel,Individual,Manual,First Owner,1997.0,120.0,36.22,7.0
Ford Figo Diesel Titanium,2010,3833.62,31068.6,Diesel,Individual,Manual,Second Owner,1399.0,68.0,47.04,5.0
Maruti Zen Estilo 1.1 VXI BSIII,2008,3194.68,24854.8,Petrol,Individual,Manual,First Owner,1061.0,64.0,42.81,5.0
Tata New Safari DICOR 2.2 EX 4x2,2008,7986.71,74564.5,Diesel,Individual,Manual,Second Owner,2179.0,138.1,27.21,7.0
Maruti 800 DX,1999,1384.36,62137.1,Petrol,Individual,Manual,First Owner,796.0,37.0,37.87,4.0
Mahindra Scorpio 2.6 CRDe,2003,7986.71,60894.4,Diesel,Individual,Manual,First Owner,2179.0,120.0,24.7,8.0
Mahindra Bolero DI DX 7 Seater,2009,7188.04,93205.6,Diesel,Individual,Manual,Second Owner,2523.0,63.0,31.99,7.0
Chevrolet Sail LT ABS,2014,6921.82,23612.1,Diesel,Individual,Manual,First Owner,1248.0,74.0,51.98,5.0
Toyota Etios GD,2015,12645.63,74564.5,Diesel,Individual,Manual,First Owner,1364.0,67.05,55.49,5.0
Ford Figo Diesel Titanium,2011,8039.96,64001.2,Diesel,Individual,Manual,Third Owner,1399.0,68.0,47.04,5.0
Maruti 800 AC,1994,1198.01,37282.3,Petrol,Individual,Manual,First Owner,796.0,37.0,37.87,4.0
Maruti Vitara Brezza VDi Option,2017,20632.34,49709.7,Diesel,Individual,Manual,First Owner,1248.0,88.5,57.16,5.0
Maruti Ertiga VDI,2015,18635.66,31068.6,Diesel,Individual,Manual,First Owner,1248.0,88.76,48.85,7.0
Maruti Swift VDI BSIV,2014,14109.86,55923.4,Diesel,Individual,Manual,First Owner,1248.0,74.0,59.27,5.0
Tata Nexon 1.5 Revotorq XZ Plus,2017,23161.44,43496.0,Diesel,Individual,Manual,First Owner,1497.0,108.5,50.57,5.0
Hyundai Elantra CRDi,2006,4126.47,68350.8,Diesel,Individual,Manual,Fourth & Above Owner,1991.0,112.2,35.05,5.0
Tata Tiago 1.2 Revotron XZA,2019,14642.3,18641.1,Petrol,Individual,Automatic,First Owner,1199.0,83.83,56.08,5.0
Maruti Swift Dzire VDI,2016,15973.42,49709.7,Diesel,Individual,Manual,Second Owner,1248.0,74.0,62.54,5.0
Maruti Swift Dzire VDi,2012,11447.62,68350.8,Diesel,Individual,Manual,Second Owner,1248.0,73.9,45.4,5.0
Tata Manza Aura (ABS) Quadrajet,2010,6549.1,74564.5,Diesel,Individual,Manual,First Owner,1248.0,90.0,44.22,5.0
Maruti Zen VXi - BS III,2003,3194.68,74564.5,Petrol,Individual,Manual,Third Owner,993.0,60.0,40.69,5.0
Hyundai i20 Asta 1.2,2014,15041.64,43496.0,Petrol,Individual,Manual,Second Owner,1197.0,81.83,43.75,5.0
Hyundai Elite i20 Asta Option Diesel,2018,22629.01,37282.3,Diesel,Individual,Manual,First Owner,1396.0,88.76,53.02,5.0
Maruti Alto LXi BSIII,2006,4259.58,55923.4,Petrol,Individual,Manual,First Owner,796.0,46.3,46.34,5.0
Fiat Linea Classic Plus 1.3 Multijet,2014,8652.27,88545.4,Diesel,Individual,Manual,First Owner,1248.0,75.0,45.87,5.0
Mahindra Scorpio VLX 2WD AIRBAG BSIV,2011,11980.07,55923.4,Diesel,Individual,Manual,Third Owner,2179.0,120.0,28.34,8.0
Hyundai i10 Sportz 1.1L,2015,8252.93,31068.6,Petrol,Individual,Manual,First Owner,1086.0,68.05,46.6,5.0
Honda Amaze S i-Dtech,2013,6655.59,55923.4,Diesel,Individual,Manual,Third Owner,1498.0,98.6,60.69,5.0
Maruti Swift Dzire LDI,2015,11181.4,71457.7,Diesel,Individual,Manual,Second Owner,1248.0,74.0,62.54,5.0
Hyundai i20 Sportz AT 1.4,2013,8785.38,93205.6,Petrol,Individual,Automatic,Second Owner,1396.0,98.6,35.28,5.0
Maruti Swift VXI Optional,2015,10782.06,42253.2,Petrol,Individual,Manual,Second Owner,1197.0,81.8,47.98,5.0
Mahindra Bolero 2011-2019 ZLX,2013,10648.95,55923.4,Diesel,Individual,Manual,Second Owner,2523.0,62.1,37.54,7.0
Honda City V AT,2010,10915.15,68350.8,Petrol,Individual,Automatic,Third Owner,1497.0,116.3,36.69,5.0
Mahindra Bolero 2011-2019 SLX 2WD BSIII,2013,13311.18,43496.0,Diesel,Individual,Manual,Second Owner,2523.0,62.1,37.54,7.0
Mahindra XUV500 W8 4WD,2011,15707.2,49709.7,Diesel,Individual,Manual,Third Owner,2179.0,140.0,35.52,7.0
Hyundai i10 Era,2007,3594.02,62137.1,Petrol,Individual,Manual,Second Owner,1086.0,68.05,46.6,5.0
Maruti Wagon R LXI,2004,1863.57,43496.0,Petrol,Individual,Manual,Second Owner,998.0,67.1,44.46,5.0
Maruti 800 Std BSII,2004,1198.01,47845.6,Petrol,Individual,Manual,Third Owner,796.0,37.0,37.87,4.0
Maruti Swift Dzire VDI,2018,17304.54,22058.7,Diesel,Individual,Manual,First Owner,1248.0,74.02,66.8,5.0
Maruti Wagon R VXI Optional,2018,10648.95,10874.0,Petrol,Individual,Manual,First Owner,998.0,67.04,48.24,5.0
Maruti Alto K10 VXI,2017,9317.83,16777.0,Petrol,Individual,Manual,First Owner,998.0,67.05,56.33,5.0
Hyundai Grand i10 1.2 CRDi Asta,2017,14642.3,37282.3,Diesel,Individual,Manual,First Owner,1186.0,73.97,56.45,5.0
Maruti Wagon R LXI Optional,2016,9317.83,15534.3,Petrol,Individual,Manual,First Owner,998.0,67.04,48.24,5.0
Maruti Swift Dzire LDI Optional,2015,12246.26,49709.7,Diesel,Individual,Manual,First Owner,1248.0,74.0,62.54,5.0
Maruti Alto LXi,2012,4925.14,37282.3,Petrol,Individual,Manual,Second Owner,796.0,46.3,46.34,5.0
Volkswagen Polo Diesel Highline 1.2L,2013,14642.3,23612.1,Diesel,Individual,Manual,First Owner,1199.0,73.9,51.91,5.0
Toyota Innova 2.5 G (Diesel) 8 Seater BS IV,2011,23960.13,68350.8,Diesel,Individual,Manual,First Owner,2494.0,102.0,30.11,8.0
Honda BR-V i-DTEC S MT,2016,23960.13,57166.1,Diesel,Individual,Manual,First Owner,1498.0,98.6,51.51,7.0
Maruti Baleno Zeta 1.2,2018,16638.98,6213.7,Petrol,Individual,Manual,First Owner,1197.0,83.1,50.34,5.0
Maruti Alto 800 VXI,2017,8252.93,21748.0,Petrol,Individual,Manual,Second Owner,796.0,47.3,58.1,5.0
Maruti Swift DDiS LDI,2017,13311.18,21748.0,Diesel,Individual,Manual,First Owner,1248.0,74.0,66.8,5.0
Hyundai Grand i10 CRDi Sportz,2016,16239.65,14291.5,Diesel,Individual,Manual,First Owner,1120.0,70.0,56.45,5.0
Tata Indigo CS LX (TDI) BS III,2012,3993.36,93205.6,Diesel,Individual,Manual,Third Owner,1396.0,69.0,44.9,5.0
Hyundai Xcent 1.1 CRDi SX Option,2015,12778.74,43496.0,Diesel,Individual,Manual,First Owner,1120.0,71.0,57.39,5.0
Hyundai i20 1.2 Asta Option,2017,17304.54,24854.8,Petrol,Individual,Manual,First Owner,1197.0,81.83,43.75,5.0
Hyundai i20 1.4 CRDi Magna,2012,7720.49,62137.1,Diesel,Individual,Manual,Second Owner,1396.0,90.0,51.51,5.0
Maruti Alto 800 LXI,2017,7986.71,31068.6,Petrol,Individual,Manual,Second Owner,796.0,47.3,58.1,5.0
Maruti Swift Dzire VDi,2010,7188.04,74564.5,Diesel,Individual,Manual,Fourth & Above Owner,1248.0,73.9,45.4,5.0
Hyundai Xcent 1.1 CRDi S,2015,10648.95,37282.3,Diesel,Individual,Manual,Second Owner,1120.0,71.0,57.39,5.0
Maruti Alto 800 LX,2015,7454.26,17398.4,Petrol,Individual,Manual,Second Owner,796.0,47.3,53.49,5.0
Maruti Swift Dzire VXi,2009,6655.59,37282.3,Petrol,Individual,Manual,Third Owner,1298.0,85.8,41.16,5.0
Maruti Swift Dzire VDi,2012,13178.07,49709.7,Diesel,Individual,Manual,Second Owner,1248.0,73.9,45.4,5.0
Ford Endeavour 3.2 Titanium AT 4X4,2018,86522.7,7456.5,Diesel,Individual,Automatic,First Owner,3198.0,197.0,25.66,7.0
Honda Amaze V Petrol BSIV,2019,18635.66,2796.2,Petrol,Individual,Manual,First Owner,1199.0,88.76,45.87,5.0
Tata Indigo eCS VX BSIV,2013,8252.93,43496.0,Diesel,Individual,Manual,First Owner,1396.0,69.0,58.8,5.0
Renault Duster 85PS Diesel RxE,2017,17304.54,74564.5,Diesel,Individual,Manual,First Owner,1461.0,83.8,46.74,5.0
Honda Jazz 1.2 V AT i VTEC,2015,15973.42,49709.7,Petrol,Individual,Automatic,First Owner,1199.0,88.7,44.69,5.0
Tata New Safari DICOR 2.2 EX 4x2,2009,3993.36,93205.6,Diesel,Individual,Manual,Fourth & Above Owner,2179.0,138.1,27.21,7.0
Mahindra Renault Logan 1.4 GLX Petrol,2009,3594.02,74564.5,Petrol,Individual,Manual,First Owner,1390.0,75.0,36.93,5.0
Maruti Swift Dzire VDI,2014,17304.54,31068.6,Diesel,Individual,Manual,First Owner,1248.0,74.0,55.04,5.0
Honda City V MT,2012,14642.3,51573.8,Petrol,Individual,Manual,First Owner,1497.0,116.3,39.52,5.0
Maruti Swift Dzire VDI,2017,17304.54,12427.4,Diesel,Individual,Manual,First Owner,1248.0,74.02,66.8,5.0
Toyota Fortuner 2.8 2WD AT BSIV,2018,77204.87,30447.2,Diesel,Individual,Automatic,First Owner,2755.0,174.5,30.34,7.0
Honda Brio 1.2 VX MT,2017,11980.07,4194.3,Petrol,Individual,Manual,First Owner,1198.0,86.8,43.51,5.0
Maruti Ciaz VXi Plus,2015,17304.54,16155.6,Petrol,Individual,Manual,First Owner,1373.0,91.1,48.76,5.0
Hyundai Grand i10 1.2 Kappa Era,2017,11447.62,32311.3,Petrol,Individual,Manual,First Owner,1197.0,81.86,39.99,5.0
Hyundai Creta 1.6 CRDi AT S Plus,2017,30429.37,31689.9,Diesel,Individual,Automatic,First Owner,1582.0,126.2,40.01,5.0
Maruti Swift AMT ZXI Plus BSIV,2019,18635.66,12427.4,Petrol,Individual,Automatic,First Owner,1197.0,81.8,51.75,5.0
Maruti Ritz VXi,2011,6123.12,11495.4,Petrol,Individual,Manual,First Owner,1197.0,85.8,43.51,5.0
Mahindra TUV 300 T4,2017,13577.38,88234.7,Diesel,Individual,Manual,First Owner,1493.0,100.0,43.49,7.0
Ford EcoSport 1.5 Ti VCT MT Trend BSIV,2016,17836.99,31365.6,Petrol,Individual,Manual,First Owner,1499.0,110.4,37.28,5.0
Tata Tiago 1.2 Revotron XZA,2019,13976.74,5716.6,Petrol,Individual,Automatic,First Owner,1199.0,83.83,56.08,5.0
Renault Duster 85PS Diesel RxE,2016,13710.52,24854.8,Diesel,Individual,Manual,First Owner,1461.0,83.8,46.74,5.0
Maruti Baleno Delta,2020,16772.09,3106.9,Petrol,Individual,Manual,First Owner,1197.0,81.8,49.42,5.0
Datsun RediGO A,2019,7188.04,1429.2,Petrol,Individual,Manual,First Owner,799.0,53.64,53.39,5.0
Maruti Alto 800 LXI,2016,7986.71,24854.8,Petrol,Individual,Manual,First Owner,796.0,47.3,53.49,5.0
Mahindra Xylo D2 BSIV,2012,6655.59,73943.1,Diesel,Individual,Manual,First Owner,2489.0,95.0,32.93,8.0
Maruti Alto LX,2005,2396.01,62137.1,Petrol,Individual,Manual,Fourth & Above Owner,796.0,46.3,46.34,5.0
Maruti Ertiga SHVS ZDI Plus,2017,19966.78,62137.1,Diesel,Individual,Manual,First Owner,1248.0,88.5,57.67,7.0
Maruti Wagon R LXI Minor,2009,3594.02,31068.6,Petrol,Individual,Manual,Second Owner,1061.0,67.0,44.46,5.0
Maruti Eeco Smiles 5 Seater AC,2013,7321.15,49709.7,Petrol,Individual,Manual,Second Owner,1196.0,73.0,35.52,5.0
Tata Nexon 1.2 Revotron XM,2018,19700.55,9320.6,Petrol,Individual,Manual,First Owner,1198.0,108.5,39.99,5.0
Toyota Yaris V BSIV,2018,26622.37,2668.8,Petrol,Trustmark Dealer,Manual,First Owner,1496.0,105.5,40.22,5.0
Toyota Yaris V BSIV,2018,26622.37,3249.1,Petrol,Trustmark Dealer,Manual,First Owner,1496.0,105.5,40.22,5.0
Hyundai Grand i10 Nios Sportz,2019,14642.3,2921.1,Petrol,Trustmark Dealer,Manual,First Owner,1197.0,81.86,48.69,5.0
Maruti Baleno Alpha,2016,15973.42,4198.6,Petrol,Trustmark Dealer,Manual,First Owner,1197.0,81.8,49.42,5.0
Skoda Rapid 1.6 MPI AT Style Plus,2016,17970.1,17511.5,Petrol,Trustmark Dealer,Automatic,First Owner,1598.0,103.52,33.64,5.0
Nissan Kicks XV BSIV,2019,25291.25,7166.3,Petrol,Trustmark Dealer,Manual,First Owner,1498.0,104.55,33.47,5.0
Honda City i VTEC V,2017,22629.01,7262.6,Petrol,Trustmark Dealer,Manual,First Owner,1497.0,117.3,41.87,5.0
Toyota Corolla Altis 1.8 VL AT,2012,14642.3,35870.5,Petrol,Trustmark Dealer,Automatic,First Owner,1794.0,138.1,34.18,5.0
Maruti Ciaz 1.3 Alpha,2018,24625.69,14733.9,Diesel,Trustmark Dealer,Manual,First Owner,1248.0,88.5,66.07,5.0
Ford Ecosport 1.5 Ti VCT AT Titanium,2015,16638.98,43912.3,Petrol,Trustmark Dealer,Automatic,First Owner,1499.0,110.0,38.81,5.0
Maruti Alto 800 LXI,2014,5324.47,26955.7,Petrol,Dealer,Manual,Second Owner,796.0,47.3,53.49,5.0
Honda City i VTEC CVT VX,2014,16905.2,49095.1,Petrol,Trustmark Dealer,Automatic,First Owner,1497.0,117.3,42.34,5.0
Maruti SX4 VDI,2014,11314.51,31068.6,Diesel,Individual,Manual,Second Owner,1248.0,88.73,51.25,5.0
Maruti Wagon R VXI BS IV,2011,5856.92,24854.8,Petrol,Individual,Manual,First Owner,998.0,67.1,44.46,5.0
Hyundai Grand i10 1.2 Kappa Asta,2018,15707.2,6213.7,Petrol,Individual,Manual,First Owner,1197.0,81.86,44.46,5.0
Mahindra Thar CRDe,2017,20632.34,21748.0,Diesel,Individual,Manual,First Owner,2498.0,105.0,38.93,6.0
Maruti Ritz VXi,2015,9317.83,36350.2,Petrol,Individual,Manual,First Owner,1197.0,85.8,43.51,5.0
Maruti Baleno Delta 1.2,2018,15307.86,12427.4,Petrol,Individual,Manual,First Owner,1197.0,83.1,50.34,5.0
Nissan Micra XL,2011,5324.47,27029.6,Petrol,Individual,Manual,Second Owner,1198.0,75.0,42.48,5.0
Tata Hexa XT,2018,41930.23,18641.1,Diesel,Individual,Manual,First Owner,2179.0,153.86,41.4,7.0
Ford EcoSport 1.5 TDCi Titanium BSIV,2015,15973.42,39146.4,Diesel,Individual,Manual,First Owner,1498.0,98.59,53.56,5.0
Mahindra Bolero 2011-2019 ZLX BSIII,2016,19168.11,21748.0,Diesel,Individual,Manual,First Owner,2523.0,62.1,37.54,7.0
Tata Indigo eCS LS TDI BSIII,2012,4206.33,68350.8,Diesel,Individual,Manual,Second Owner,1396.0,69.0,44.9,5.0
Tata Hexa XT,2018,41930.23,15534.3,Diesel,Individual,Manual,First Owner,2179.0,153.86,41.4,7.0
Hyundai Xcent 1.2 VTVT S AT,2017,15440.97,18641.1,Petrol,Individual,Automatic,First Owner,1197.0,81.86,40.83,5.0
Mahindra Bolero 2011-2019 SLX,2012,11181.4,31068.6,Diesel,Individual,Manual,First Owner,2523.0,62.1,37.54,7.0
Mahindra Marazzo M6 8Str,2018,31946.84,21748.0,Diesel,Individual,Manual,First Owner,1497.0,121.0,40.69,8.0
Renault KWID 1.0 RXT Optional,2018,9317.83,18641.1,Petrol,Individual,Manual,First Owner,999.0,67.0,54.12,5.0
Honda City i VTEC VX,2014,17304.54,34796.8,Petrol,Individual,Manual,First Owner,1497.0,117.3,40.93,5.0
Maruti Wagon R VXI BS IV,2017,10648.95,7891.4,Petrol,Individual,Manual,First Owner,998.0,67.04,48.24,5.0
Tata Nexon 1.5 Revotorq XM,2018,18635.66,21748.0,Diesel,Individual,Manual,First Owner,1497.0,108.5,50.57,5.0
Hyundai Xcent 1.2 Kappa SX,2017,13843.63,18641.1,Petrol,Individual,Manual,First Owner,1197.0,82.0,44.93,5.0
Tata Safari Storme EX,2017,22629.01,62137.1,Diesel,Individual,Manual,First Owner,2179.0,147.94,33.17,7.0
Renault KWID RXT,2017,9317.83,21126.6,Petrol,Individual,Manual,First Owner,799.0,53.3,59.2,5.0
Mahindra Xylo D2,2011,11980.07,34796.8,Diesel,Individual,Manual,First Owner,2489.0,95.0,30.58,8.0
Hyundai i10 Era,2008,4392.69,55923.4,Petrol,Individual,Manual,First Owner,1086.0,68.05,46.6,5.0
Hyundai Santro Xing GLS,2010,4259.58,40389.1,Petrol,Individual,Manual,Second Owner,1086.0,62.1,42.15,5.0
Tata New Safari DICOR 2.2 EX 4x4,2011,7986.71,49709.7,Diesel,Individual,Manual,First Owner,2179.0,138.0,32.77,7.0
Mahindra Scorpio VLX 2WD BSIV,2012,14642.3,55923.4,Diesel,Individual,Manual,Third Owner,2179.0,120.0,28.34,8.0
Maruti Alto K10 VXI,2015,7587.38,24854.8,Petrol,Individual,Manual,First Owner,998.0,67.05,56.33,5.0
Maruti Ertiga ZXI Plus Petrol,2018,23960.13,15534.3,Petrol,Individual,Manual,First Owner,1462.0,103.0,45.49,7.0
Maruti Alto LXi BSIII,2005,4792.03,30729.9,Petrol,Individual,Manual,First Owner,796.0,46.3,46.34,5.0
Hyundai EON D Lite Plus Option,2016,5856.92,62137.1,Petrol,Individual,Manual,First Owner,814.0,55.2,49.63,5.0
Tata Indica Vista Quadrajet LS,2013,3194.68,74564.5,Diesel,Individual,Manual,First Owner,1248.0,74.0,52.45,5.0
Hyundai i20 Asta Optional With Sunroof 1.2,2010,5856.92,55923.4,Petrol,Individual,Manual,Fourth & Above Owner,1197.0,80.0,39.99,5.0
Chevrolet Sail Hatchback LS ABS,2013,11181.4,29089.5,Diesel,Individual,Manual,Second Owner,1248.0,76.9,51.98,5.0
Tata Indica Vista TDI LS,2013,4259.58,68350.8,Diesel,Individual,Manual,First Owner,1405.0,70.0,45.63,5.0
Hyundai EON Era Plus,2015,6655.59,49709.7,Petrol,Individual,Manual,First Owner,814.0,55.2,49.63,5.0
Maruti Ertiga ZDI,2013,10249.61,62137.1,Diesel,Individual,Manual,Third Owner,1248.0,88.8,48.85,7.0
Maruti Wagon R VXI BS IV with ABS,2014,8465.91,49709.7,Petrol,Individual,Manual,First Owner,998.0,67.06,48.24,5.0
Hyundai Xcent 1.2 VTVT S,2018,12778.74,24854.8,Petrol,Individual,Manual,First Owner,1197.0,81.86,47.37,5.0
Maruti Celerio VXI,2015,8785.38,43496.0,Petrol,Individual,Manual,Third Owner,998.0,67.04,54.33,5.0
Tata Indica Vista Aqua 1.4 TDI,2011,4046.6,49709.7,Diesel,Individual,Manual,First Owner,1405.0,71.0,39.99,5.0
Maruti Alto 800 LXI,2014,6655.59,24854.8,Petrol,Individual,Manual,First Owner,796.0,47.3,53.49,5.0
Tata Indica Vista Aqua 1.4 TDI,2011,6602.35,49709.7,Diesel,Individual,Manual,First Owner,1405.0,71.0,39.99,5.0
Nissan Micra XV,2011,7986.71,37282.3,Petrol,Individual,Manual,Second Owner,1198.0,75.0,42.48,5.0
Hyundai i20 1.2 Spotz,2017,14642.3,31068.6,Petrol,Individual,Manual,First Owner,1197.0,81.83,43.75,5.0
Hyundai i20 Sportz 1.4 CRDi,2016,17304.54,18641.1,Diesel,Individual,Manual,First Owner,1396.0,88.73,53.02,5.0
Hyundai Grand i10 Magna,2017,11846.95,15534.3,Petrol,Individual,Manual,First Owner,1197.0,82.0,44.46,5.0
Toyota Innova 2.5 V Diesel 7-seater,2010,11980.07,207537.9,Diesel,Individual,Manual,First Owner,2494.0,102.0,30.11,7.0
Mahindra NuvoSport N8,2016,15973.42,62137.1,Diesel,Individual,Manual,First Owner,1493.0,100.0,41.05,7.0
Renault Duster Adventure Edition,2014,13178.07,108739.9,Diesel,Individual,Manual,First Owner,1461.0,108.45,44.71,5.0
Maruti SX4 ZXI AT,2011,5856.92,40389.1,Petrol,Individual,Automatic,Third Owner,1586.0,103.3,29.64,5.0
Maruti SX4 ZXI AT,2011,6921.82,40389.1,Petrol,Individual,Automatic,Third Owner,1586.0,103.3,29.64,5.0
Hyundai Santro Xing GLS,2009,3993.36,55923.4,Petrol,Individual,Manual,First Owner,1086.0,62.1,42.15,5.0
Ford Figo Diesel Titanium,2011,5324.47,49709.7,Diesel,Individual,Manual,Second Owner,1399.0,68.0,47.04,5.0
Mahindra Scorpio S11 BSIV,2018,39001.77,68350.8,Diesel,Individual,Manual,First Owner,2179.0,140.0,38.48,7.0
Honda Civic Hybrid,2008,6655.59,37282.3,Petrol,Individual,Automatic,Third Owner,1339.0,108.5,47.04,5.0
Mahindra Xylo D4,2014,8252.93,99419.4,Diesel,Individual,Manual,First Owner,2489.0,93.7,35.16,7.0
Mahindra Scorpio VLX 4WD AIRBAG AT BSIV,2010,15973.42,62680.8,Diesel,Individual,Automatic,First Owner,2179.0,120.0,27.73,8.0
Maruti Baleno Delta 1.2,2018,14908.53,12427.4,Petrol,Individual,Manual,First Owner,1197.0,83.1,50.34,5.0
Maruti Swift Dzire VXI,2016,13311.18,18641.1,Petrol,Individual,Manual,First Owner,1197.0,83.14,49.04,5.0
Hyundai Grand i10 CRDi Asta Option,2013,7188.04,73321.8,Diesel,Individual,Manual,First Owner,1120.0,70.0,56.45,5.0
Hyundai Verna 1.6 SX,2013,11181.4,42874.6,Diesel,Individual,Manual,Third Owner,1582.0,126.32,52.5,5.0
Maruti Swift Dzire LXI,2015,11580.7,15534.3,Petrol,Individual,Manual,Second Owner,1197.0,83.14,49.04,5.0
Hyundai Xcent 1.2 Kappa AT S Option,2015,10648.95,62137.1,Petrol,Individual,Automatic,First Owner,1197.0,81.86,39.75,5.0
Maruti Swift Dzire VDI,2015,12512.51,68350.8,Diesel,Individual,Manual,First Owner,1248.0,74.0,62.54,5.0
Nissan Terrano XL 85 PS,2015,12778.74,37282.3,Diesel,Individual,Manual,Third Owner,1461.0,83.8,48.1,5.0
Tata Tiago 1.05 Revotorq XE,2017,8652.27,74564.5,Diesel,Individual,Manual,First Owner,1047.0,69.0,64.17,5.0
Hyundai Grand i10 Nios AMT Sportz,2020,17970.1,3106.9,Petrol,Individual,Automatic,First Owner,1197.0,81.86,48.69,5.0
Hyundai i10 Sportz Option,2009,4525.8,55923.4,Petrol,Individual,Manual,Second Owner,1197.0,78.9,47.89,5.0
Hyundai Creta 1.6 CRDi SX Option,2017,33277.96,55923.4,Diesel,Individual,Manual,First Owner,1582.0,126.2,46.27,5.0
Honda Accord 2.4 M/T,2012,15973.42,89496.1,Petrol,Individual,Manual,First Owner,2354.0,177.6,30.11,5.0
Honda City i DTEC VX,2014,21830.32,124274.2,Diesel,Individual,Manual,First Owner,1498.0,98.6,59.04,5.0
Hyundai i20 2015-2017 Asta Option 1.2,2016,17304.54,18019.8,Petrol,Individual,Manual,First Owner,1197.0,81.83,43.75,5.0
Mahindra Renault Logan 1.5 Diesel DLSX,2009,5324.47,109361.3,Diesel,Individual,Manual,Second Owner,1461.0,66.0,39.99,5.0
Tata Indigo CS LX (TDI) BS III,2013,5324.47,93205.6,Diesel,Individual,Manual,First Owner,1396.0,69.0,44.9,5.0
Maruti Omni E MPI STD BS IV,2016,5856.92,55923.4,Petrol,Individual,Manual,First Owner,796.0,34.2,39.52,8.0
Volkswagen Vento 1.6 Highline,2014,13311.18,43496.0,Petrol,Individual,Manual,Second Owner,1598.0,103.2,35.38,5.0
Mahindra Renault Logan 1.5 DLX Diesel,2007,4658.91,61515.7,Diesel,Individual,Manual,Second Owner,1461.0,65.0,45.16,5.0
Tata Tiago 1.2 Revotron XZ,2018,11980.07,3106.9,Petrol,Individual,Manual,First Owner,1199.0,84.0,56.08,5.0
Chevrolet Optra Magnum 2.0 LT,2008,5590.7,55923.4,Diesel,Individual,Manual,Fourth & Above Owner,1991.0,123.7,38.86,5.0
Maruti Ritz VDi,2011,7188.04,55302.0,Diesel,Individual,Manual,Second Owner,1248.0,73.9,49.63,5.0
Tata Indica V2 DLS TC,2006,2928.46,54680.6,Diesel,Individual,Manual,Second Owner,1405.0,62.0,39.52,5.0
Maruti Swift Dzire VDI,2015,12778.74,18641.1,Diesel,Individual,Manual,First Owner,1248.0,74.0,62.54,5.0
Maruti Swift Dzire AMT ZDI,2016,17304.54,31068.6,Diesel,Individual,Automatic,Second Owner,1248.0,74.0,62.54,5.0
Maruti Swift Dzire VDI,2013,12778.74,49709.7,Diesel,Individual,Manual,First Owner,1248.0,74.0,55.04,5.0
Hyundai i20 Asta Option 1.4 CRDi,2016,18635.66,24854.8,Diesel,Individual,Manual,First Owner,1396.0,88.73,53.02,5.0
Maruti Ertiga VDI,2015,17304.54,68350.8,Diesel,Individual,Manual,Third Owner,1248.0,88.76,48.85,7.0
Hyundai Creta 1.6 CRDi SX Plus Dual Tone,2015,34609.08,29825.8,Diesel,Individual,Manual,Second Owner,1582.0,126.2,46.27,5.0
Volkswagen Jetta 2.0L TDI Highline AT,2016,35940.2,60273.0,Diesel,Individual,Automatic,First Owner,1968.0,138.03,39.89,5.0
Volkswagen Vento 1.5 TDI Highline AT,2016,26622.37,37282.3,Diesel,Individual,Automatic,First Owner,1498.0,108.6,52.1,5.0
Toyota Yaris V CVT BSIV,2018,28752.16,7953.5,Petrol,Individual,Automatic,First Owner,1496.0,105.5,41.87,5.0
Hyundai EON D Lite,2012,4525.8,24854.8,Petrol,Individual,Manual,First Owner,814.0,55.2,49.63,5.0
Maruti Swift DDiS VDI,2017,16239.65,30447.2,Diesel,Individual,Manual,First Owner,1248.0,74.0,66.8,5.0
Maruti Ritz VXi,2014,9317.83,15534.3,Petrol,Individual,Manual,First Owner,1197.0,85.8,43.51,5.0
Maruti Alto 800 LXI,2016,6921.82,40389.1,Petrol,Individual,Manual,Second Owner,796.0,47.3,53.49,5.0
Fiat Linea 1.3 Multijet Emotion,2015,18635.66,12427.4,Diesel,Individual,Manual,First Owner,1248.0,91.7,47.98,5.0
Volkswagen Polo 2015-2019 1.0 MPI Highline Plus,2018,18049.97,10563.3,Petrol,Individual,Manual,First Owner,999.0,75.0,44.17,5.0
Maruti SX4 S Cross 2015-2017 DDiS 200 Zeta,2015,21297.9,9320.6,Diesel,Individual,Manual,First Owner,1248.0,88.5,55.63,5.0
Toyota Etios GD,2014,10648.95,74564.5,Diesel,Individual,Manual,Second Owner,1364.0,67.04,55.49,5.0
Hyundai i20 Magna,2010,7986.71,30447.2,Petrol,Individual,Manual,First Owner,1197.0,80.0,43.51,5.0
Hyundai i20 2015-2017 Magna 1.2,2016,13843.63,18019.8,Petrol,Individual,Manual,First Owner,1197.0,81.83,43.75,5.0
Nissan Terrano XV D Premium AMT,2017,22629.01,34175.4,Diesel,Individual,Automatic,First Owner,1461.0,108.5,46.13,5.0
Mahindra Marazzo M8,2019,38868.66,3106.9,Diesel,Individual,Manual,First Owner,1497.0,121.0,40.69,7.0
Tata Nexon 1.5 Revotorq XZ Plus,2017,22096.57,21748.0,Diesel,Individual,Manual,First Owner,1497.0,108.5,50.57,5.0
Datsun GO T Option BSIV,2018,11447.62,3106.9,Petrol,Individual,Manual,Second Owner,1198.0,67.0,48.52,5.0
Ford EcoSport 1.5 TDCi Platinum Edition BSIV,2017,22629.01,37282.3,Diesel,Individual,Manual,First Owner,1498.0,98.59,53.56,5.0
Maruti Swift Dzire ZXI,2017,17304.54,43496.0,Petrol,Individual,Manual,First Owner,1197.0,83.14,49.04,5.0
Hyundai Verna CRDi,2008,3194.68,74564.5,Diesel,Individual,Manual,Second Owner,1493.0,110.0,39.52,5.0
Mahindra TUV 300 T8,2016,19434.33,40451.3,Diesel,Individual,Manual,Second Owner,1493.0,100.0,43.49,7.0
Maruti Ignis 1.2 AMT Delta BSIV,2019,13976.74,12427.4,Petrol,Individual,Automatic,First Owner,1197.0,81.8,49.14,5.0
Hyundai i20 Active 1.4 SX,2015,15973.42,67108.1,Diesel,Individual,Manual,First Owner,1396.0,88.73,49.84,5.0
Maruti Swift LXI,2019,13311.18,9320.6,Petrol,Individual,Manual,First Owner,1197.0,81.8,49.89,5.0
Hyundai Santro Xing GLS,2009,3993.36,47845.6,Petrol,Individual,Manual,First Owner,1086.0,62.1,42.15,5.0
Maruti Wagon R VXI BS IV,2015,10915.15,11495.4,Petrol,Individual,Manual,First Owner,998.0,67.04,48.24,5.0
Mahindra TUV 300 T8,2016,16638.98,74564.5,Diesel,Individual,Manual,First Owner,1493.0,100.0,43.49,7.0
Renault KWID RXT,2015,7720.49,9444.8,Petrol,Individual,Manual,First Owner,799.0,53.3,59.2,5.0
Honda Mobilio V i VTEC,2015,13311.18,21748.0,Petrol,Individual,Manual,First Owner,1497.0,117.3,40.69,7.0
Hyundai Verna 1.6 SX,2011,12645.63,49709.7,Diesel,Individual,Manual,First Owner,1582.0,126.32,52.5,5.0
Hyundai EON Era Plus,2013,5058.25,43496.0,Petrol,Individual,Manual,First Owner,814.0,55.2,49.63,5.0
Mahindra XUV500 W6 2WD,2014,19966.78,49709.7,Diesel,Individual,Manual,Second Owner,2179.0,140.0,35.52,7.0
Nissan Terrano XV 110 PS,2014,13976.74,74564.5,Diesel,Individual,Manual,Second Owner,1461.0,108.5,44.71,5.0
Chevrolet Cruze LTZ,2012,13178.07,50952.4,Diesel,Individual,Manual,Third Owner,1998.0,163.7,40.69,5.0
Honda City 1.5 V AT,2010,8545.78,37282.3,Petrol,Individual,Automatic,Second Owner,1497.0,118.0,39.52,5.0
Toyota Etios Liva 1.2 V Dual Tone,2017,15574.09,31068.6,Petrol,Individual,Manual,First Owner,1197.0,78.9,41.66,5.0
Ford Figo Diesel EXI,2011,5990.03,43496.0,Diesel,Individual,Manual,First Owner,1399.0,68.0,47.04,5.0
Honda Amaze E i-DTEC,2017,13311.18,43496.0,Diesel,Individual,Manual,First Owner,1498.0,98.6,60.69,5.0
Hyundai i20 1.4 CRDi Asta,2011,9317.83,55923.4,Diesel,Individual,Manual,Third Owner,1396.0,90.0,54.1,5.0
Maruti Ertiga SHVS LDI Option,2016,20126.51,43496.0,Diesel,Individual,Manual,Second Owner,1248.0,88.5,57.67,7.0
Maruti Alto 800 VXI,2014,6389.37,31068.6,Petrol,Individual,Manual,First Owner,796.0,47.3,53.49,5.0
Maruti Omni 8 Seater BSII,2012,2129.79,74564.5,Petrol,Individual,Manual,Second Owner,796.0,35.0,46.34,8.0
Hyundai i20 Active S Petrol,2019,21297.9,3106.9,Petrol,Individual,Manual,First Owner,1197.0,81.86,40.43,5.0
Tata Hexa XE,2018,33277.96,15534.3,Diesel,Individual,Manual,First Owner,2179.0,147.94,41.4,7.0
Mahindra Scorpio VLS 2.2 mHawk,2009,8519.16,49709.7,Diesel,Individual,Manual,Third Owner,2179.0,120.0,28.34,7.0
Hyundai Grand i10 Sportz,2017,13577.38,15534.3,Petrol,Individual,Manual,First Owner,1197.0,82.0,44.46,5.0
Tata Zest Quadrajet 1.3 75PS XE,2019,17304.54,9320.6,Diesel,Individual,Manual,First Owner,1248.0,74.0,53.98,5.0
Maruti Alto K10 2010-2014 VXI,2011,5590.7,21748.0,Petrol,Individual,Manual,Second Owner,998.0,67.1,49.21,5.0
Maruti Alto LXi,2008,2928.46,49709.7,Petrol,Individual,Manual,Second Owner,796.0,46.3,46.34,5.0
Tata Nexon 1.5 Revotorq XE,2017,17703.88,15534.3,Diesel,Individual,Manual,First Owner,1497.0,108.5,50.57,5.0
Volkswagen Ameo 1.5 TDI Comfortline,2017,14775.42,32311.3,Diesel,Individual,Manual,First Owner,1498.0,108.62,50.95,5.0
Volkswagen Ameo 1.5 TDI Comfortline,2017,14908.53,32311.3,Diesel,Individual,Manual,First Owner,1498.0,108.62,50.95,5.0
Mahindra KUV 100 mFALCON D75 K6 Plus,2016,9983.39,49709.7,Diesel,Individual,Manual,First Owner,1198.0,77.0,59.56,6.0
Toyota Fortuner 2.8 4WD AT BSIV,2017,78535.99,31068.6,Diesel,Individual,Automatic,First Owner,2755.0,174.5,35.38,7.0
Maruti Swift Dzire VDI,2017,16106.53,78914.1,Diesel,Individual,Manual,First Owner,1248.0,74.02,66.8,5.0
Honda WR-V i-VTEC VX,2017,19168.11,18641.1,Petrol,Individual,Manual,First Owner,1199.0,88.7,41.16,5.0
Maruti Ertiga SHVS ZDI Plus,2017,21297.9,43496.0,Diesel,Individual,Manual,First Owner,1248.0,88.5,57.67,7.0
Mahindra XUV500 W10 2WD,2017,35274.64,33554.0,Diesel,Individual,Manual,First Owner,2179.0,140.0,37.63,7.0
Mitsubishi Pajero 2.8 SFX BSIII Single Tone,2011,16638.98,74564.5,Diesel,Individual,Manual,Second Owner,2835.0,116.9,24.7,6.0
Hyundai i20 1.4 CRDi Sportz,2011,9317.83,72389.7,Diesel,Individual,Manual,First Owner,1396.0,90.0,54.1,5.0
Toyota Innova 2.5 G (Diesel) 8 Seater,2012,15973.42,90098.8,Diesel,Individual,Manual,Second Owner,2494.0,100.0,30.55,8.0
Hyundai i20 Sportz 1.2,2012,7986.71,74564.5,Petrol,Individual,Manual,First Owner,1197.0,82.85,43.51,5.0
Tata New Safari DICOR 2.2 VX 4x2 BS IV,2011,6389.37,74564.5,Diesel,Individual,Manual,First Owner,2179.0,138.1,32.77,7.0
Ford Figo 1.5D Trend MT,2016,10036.63,49709.7,Diesel,Individual,Manual,First Owner,1498.0,99.0,60.76,5.0
Maruti Ertiga VXI,2013,11980.07,86991.9,Petrol,Individual,Manual,First Owner,1373.0,93.7,37.68,7.0
Hyundai Verna Xi (Petrol),2008,4259.58,62137.1,Petrol,Individual,Manual,Fourth & Above Owner,1599.0,103.2,32.69,5.0
Hyundai Xcent 1.2 VTVT E,2019,13976.74,62137.1,Petrol,Individual,Manual,First Owner,1197.0,81.86,47.37,5.0
Toyota Innova 2.5 G (Diesel) 7 Seater BS IV,2011,14642.3,104390.3,Diesel,Individual,Manual,Second Owner,2494.0,102.0,30.11,8.0
Chevrolet Cruze LTZ,2010,7188.04,74564.5,Diesel,Individual,Manual,Third Owner,1991.0,147.9,43.04,5.0
Toyota Etios GD,2016,15174.75,90098.8,Diesel,Individual,Manual,Second Owner,1364.0,67.05,55.49,5.0
Ford Figo Diesel Titanium,2011,5990.03,55923.4,Diesel,Individual,Manual,Second Owner,1399.0,68.0,47.04,5.0
Hyundai Xcent 1.2 VTVT S,2019,15707.2,55923.4,Petrol,Individual,Manual,First Owner,1197.0,81.86,47.37,5.0
Jeep Compass 2.0 Longitude Option BSIV,2018,44592.47,49709.7,Diesel,Individual,Manual,First Owner,1956.0,170.0,40.22,5.0
Ford Aspire Titanium BSIV,2019,21297.9,20505.2,Petrol,Dealer,Manual,First Owner,1194.0,94.93,45.63,5.0
Chevrolet Sail 1.2 LS ABS,2014,11980.07,8388.5,Petrol,Individual,Manual,First Owner,1199.0,82.4,42.81,5.0
Tata Indigo LX,2012,7986.71,49709.7,Diesel,Individual,Manual,First Owner,1405.0,70.0,39.99,5.0
Hyundai i20 1.2 Spotz,2017,17171.43,12427.4,Petrol,Individual,Manual,First Owner,1197.0,81.83,43.75,5.0
Maruti Swift Dzire VDI,2013,13843.63,36039.5,Diesel,Individual,Manual,First Owner,1248.0,74.0,55.04,5.0
Hyundai EON Magna Plus,2013,5324.47,24854.8,Petrol,Individual,Manual,First Owner,814.0,55.2,49.63,5.0
Honda City i VTEC V,2015,18635.66,18641.1,Petrol,Individual,Manual,First Owner,1497.0,117.3,40.93,5.0
Maruti 800 AC,2000,1198.01,31068.6,Petrol,Individual,Manual,Second Owner,796.0,37.0,37.87,4.0
Ford Figo Aspire 1.5 TDCi Ambiente,2016,12246.26,45360.1,Diesel,Individual,Manual,First Owner,1498.0,99.0,60.76,5.0
Maruti Ritz VDi,2014,8652.27,55923.4,Diesel,Individual,Manual,Second Owner,1248.0,73.94,54.57,5.0
Maruti Wagon R VXI BS IV,2015,9317.83,31068.6,Petrol,Individual,Manual,Second Owner,998.0,67.04,48.24,5.0
Hyundai Verna 1.6 CRDI,2011,11713.84,49709.7,Diesel,Individual,Manual,Third Owner,1582.0,126.3,52.5,5.0
Hyundai i20 1.4 CRDi Magna,2011,8519.16,43496.0,Diesel,Individual,Manual,Second Owner,1396.0,90.0,51.51,5.0
Chevrolet Spark 1.0 LS,2011,4499.18,25476.2,Petrol,Individual,Manual,First Owner,995.0,62.0,42.34,5.0
Volkswagen Polo Petrol Comfortline 1.2L,2013,9317.83,31068.6,Petrol,Individual,Manual,Fourth & Above Owner,1198.0,73.9,38.74,5.0
Ford Classic 1.4 Duratorq Titanium,2014,9317.83,70355.4,Diesel,Dealer,Manual,First Owner,1399.0,67.0,46.29,5.0
Ford Figo Diesel Celebration Edition,2013,8252.93,55923.4,Diesel,Individual,Manual,Second Owner,1399.0,68.1,47.04,5.0
Mahindra Scorpio M2DI,2010,11181.4,99730.0,Diesel,Individual,Manual,Fourth & Above Owner,2179.0,115.0,31.75,5.0
Maruti Ciaz AT ZXi,2015,18236.32,18641.1,Petrol,Individual,Automatic,First Owner,1373.0,91.1,44.97,5.0
Renault Duster 4x4,2014,14908.53,82021.0,Diesel,Individual,Manual,Second Owner,1461.0,108.45,46.38,5.0
Maruti Swift VDI,2013,12512.51,74564.5,Diesel,Individual,Manual,Third Owner,1248.0,74.0,53.86,5.0
Hyundai Verna Transform VTVT,2011,10116.5,49709.7,Petrol,Individual,Manual,Second Owner,1599.0,103.2,38.1,5.0
Mahindra Scorpio 1.99 S6 Plus,2015,17836.99,35418.1,Diesel,Individual,Manual,Second Owner,1997.0,120.0,36.22,7.0
Maruti Swift Dzire LXI 1.2 BS IV,2018,14642.3,3106.9,Petrol,Individual,Manual,First Owner,1197.0,81.8,51.75,5.0
Hyundai Verna 1.6 VTVT SX,2016,19940.16,15534.3,Petrol,Individual,Manual,First Owner,1591.0,121.3,40.01,5.0
Hyundai Creta 1.6 CRDi SX Option,2015,23933.51,49709.7,Diesel,Individual,Manual,Second Owner,1582.0,126.2,46.27,5.0
Chevrolet Optra Magnum 2.0 LS BSIII,2011,7720.49,54680.6,Diesel,Individual,Manual,Third Owner,1991.0,123.7,38.86,5.0
Toyota Innova 2.5 VX (Diesel) 7 Seater,2014,23161.44,134837.5,Diesel,Individual,Manual,Second Owner,2494.0,100.6,30.55,7.0
Datsun GO Plus A,2015,9317.83,37282.3,Petrol,Individual,Manual,First Owner,1198.0,67.0,48.5,7.0
Maruti Swift Dzire VXI,2017,13311.18,26719.0,Petrol,Individual,Manual,First Owner,1197.0,83.14,49.04,5.0
Skoda Rapid 1.5 TDI AT Ambition Plus,2014,10648.95,47845.6,Diesel,Individual,Automatic,Second Owner,1498.0,103.6,50.95,5.0
Renault KWID RXT,2016,6921.82,18641.1,Petrol,Individual,Manual,First Owner,799.0,53.3,59.2,5.0
Maruti Alto 800 LXI,2015,5856.92,24854.8,Petrol,Individual,Manual,Second Owner,796.0,47.3,53.49,5.0
Chevrolet Enjoy TCDi LS 8 Seater,2014,5058.25,86370.6,Diesel,Individual,Manual,Second Owner,1248.0,73.8,42.81,8.0
Hyundai Grand i10 Magna,2016,10648.95,49709.7,Petrol,Individual,Manual,First Owner,1197.0,82.0,44.46,5.0
Chevrolet Beat Diesel LT Option,2014,4525.8,47224.2,Diesel,Individual,Manual,Second Owner,936.0,56.3,59.84,5.0
Hyundai Elite i20 Magna Plus BSIV,2019,17304.54,2174.8,Petrol,Individual,Manual,First Owner,1197.0,81.86,43.75,5.0
Maruti 800 AC BSIII,2007,1597.34,38525.0,Petrol,Individual,Manual,Second Owner,796.0,37.0,37.87,4.0
Tata New Safari 4X2,2007,7986.71,68350.8,Petrol,Individual,Manual,Second Owner,2092.0,127.0,28.23,7.0
Chevrolet Spark 1.0 LT,2012,3327.8,24854.8,Petrol,Individual,Manual,Second Owner,995.0,62.1,38.1,5.0
Maruti Alto LX,2011,4525.8,43496.0,Petrol,Individual,Manual,Third Owner,796.0,46.3,46.34,5.0
Maruti Swift Dzire LDi,2012,8252.93,47845.6,Diesel,Individual,Manual,Second Owner,1248.0,73.9,45.4,5.0
Chevrolet Spark 1.0 LT,2011,3460.91,68350.8,Petrol,Individual,Manual,Second Owner,995.0,62.0,42.34,5.0
Maruti Wagon R VXI Optional,2016,12379.4,12427.4,Petrol,Individual,Manual,First Owner,998.0,67.04,48.24,5.0
Mercedes-Benz E-Class E270 CDI,2005,21297.9,74567.6,Diesel,Individual,Automatic,Second Owner,2987.0,198.5,25.87,5.0
Maruti Alto K10 Knightracer,2012,6921.82,10457.7,Petrol,Individual,Manual,First Owner,998.0,67.1,47.51,5.0
Renault KWID 1.0 RXT 02 Anniversary Edition,2017,8652.27,23612.1,Petrol,Individual,Manual,First Owner,999.0,67.0,54.12,5.0
Toyota Fortuner 2.8 4WD MT BSIV,2018,85191.58,31068.6,Diesel,Individual,Manual,First Owner,2755.0,174.5,33.49,7.0
Tata Indica V2 DLE BSIII,2007,5324.47,31068.6,Diesel,Individual,Manual,First Owner,1396.0,52.8,42.06,5.0
Mahindra Quanto C2,2013,11980.07,32311.3,Diesel,Individual,Manual,First Owner,1493.0,100.0,40.48,7.0
Tata Indigo V BSIII,2012,6123.12,31068.6,Diesel,Individual,Manual,First Owner,1405.0,70.0,39.99,5.0
Hyundai EON Magna Plus,2016,9051.61,18641.1,Petrol,Individual,Manual,First Owner,814.0,55.2,49.63,5.0
Mahindra Bolero 2011-2019 SLE BSIII,2014,14642.3,64001.2,Diesel,Individual,Manual,First Owner,2523.0,62.1,37.54,7.0
Ford Endeavour 3.0L 4X4 AT,2011,25956.81,58078.3,Diesel,Individual,Automatic,Second Owner,2953.0,153.86,26.81,7.0
Volkswagen Jetta 1.6 Trendline,2010,5990.03,49709.7,Petrol,Individual,Manual,Second Owner,1595.0,102.0,32.93,5.0
Tata Indigo eCS VX BSIV,2013,7454.26,43496.0,Diesel,Individual,Manual,First Owner,1396.0,69.0,58.8,5.0
Tata Indigo CS eLX BS IV,2012,6895.19,21748.0,Diesel,Individual,Manual,First Owner,1396.0,69.0,54.17,5.0
Toyota Fortuner 2.8 4WD AT BSIV,2018,85191.58,37282.3,Diesel,Individual,Automatic,First Owner,2755.0,174.5,35.38,7.0
Mahindra XUV500 W10 1.99 mHawk,2018,37271.32,18641.1,Diesel,Individual,Manual,First Owner,1997.0,140.0,37.63,7.0
Ford Figo 1.5P Titanium AT,2015,11074.91,24854.8,Petrol,Individual,Automatic,First Owner,1499.0,110.4,40.01,5.0
Tata Manza ELAN Quadrajet BS III,2011,6655.59,43496.0,Diesel,Individual,Manual,First Owner,1248.0,90.0,44.69,5.0
Tata Manza Aura (ABS) Quadrajet BS IV,2010,5590.7,74564.5,Diesel,Individual,Manual,First Owner,1248.0,88.8,49.68,5.0
Mahindra Scorpio VLX 2WD BSIII,2008,7720.49,74564.5,Diesel,Individual,Manual,Second Owner,2179.0,120.0,28.34,8.0
Tata Indigo CS eLS BS IV,2012,5856.92,55923.4,Diesel,Individual,Manual,First Owner,1396.0,69.0,54.17,5.0
Tata Indigo eCS LX BSIV,2012,6549.1,21748.0,Diesel,Individual,Manual,Second Owner,1396.0,69.0,54.17,5.0
Maruti Omni E MPI STD BS IV,2018,6921.82,18641.1,Petrol,Individual,Manual,First Owner,796.0,34.2,39.52,8.0
Hyundai Creta 1.4 CRDi S,2018,27953.49,43496.0,Diesel,Individual,Manual,First Owner,1396.0,88.7,50.29,5.0
Maruti Swift VXI Optional,2016,14642.3,12427.4,Petrol,Individual,Manual,First Owner,1197.0,81.8,47.98,5.0
Tata Indigo CS LX (TDI) BS-III,2017,11980.07,43496.0,Diesel,Individual,Manual,First Owner,1405.0,69.01,44.9,5.0
Honda City i VTEC VX,2016,20579.09,40389.1,Petrol,Individual,Manual,First Owner,1497.0,117.3,41.87,5.0
Tata Tiago 1.2 Revotron XZ,2017,11980.07,15534.3,Petrol,Individual,Manual,First Owner,1199.0,84.0,56.08,5.0
Maruti Eeco 5 Seater AC BSIV,2019,10915.15,6213.7,Petrol,Individual,Manual,First Owner,1196.0,73.0,36.15,5.0
Maruti 800 Std MPFi,2003,1198.01,21748.0,Petrol,Individual,Manual,Fourth & Above Owner,796.0,37.0,37.87,4.0
Nissan Teana XL,2014,15973.42,49709.7,Petrol,Individual,Automatic,Second Owner,2496.0,179.5,26.04,5.0
Chevrolet Beat LT,2010,6655.59,39146.4,Petrol,Individual,Manual,First Owner,1199.0,79.4,43.75,5.0
Tata Indica V2 DLS TC,2008,1863.57,62137.1,Diesel,Individual,Manual,First Owner,1405.0,62.0,39.52,5.0
Maruti Wagon R VXI BS IV,2018,11447.62,10307.9,Petrol,Trustmark Dealer,Manual,First Owner,998.0,67.04,48.24,5.0
Honda City i VTEC V,2016,17970.1,33057.6,Petrol,Trustmark Dealer,Manual,Second Owner,1497.0,117.3,41.87,5.0
Maruti Baleno Delta,2017,15174.75,15703.3,Petrol,Trustmark Dealer,Manual,First Owner,1197.0,81.8,49.42,5.0
Maruti Vitara Brezza ZDi Plus,2017,22629.01,33317.3,Diesel,Trustmark Dealer,Manual,First Owner,1248.0,88.5,57.16,5.0
Ford Ecosport 1.5 Petrol Ambiente,2018,17038.32,3728.8,Petrol,Dealer,Manual,First Owner,1496.0,120.69,37.4,5.0
Tata Indigo CS LS (TDI) BS-III,2013,6655.59,49709.7,Diesel,Individual,Manual,First Owner,1405.0,69.01,44.9,5.0
Renault Duster 110PS Diesel RxZ,2018,33277.96,7456.5,Diesel,Individual,Manual,First Owner,1461.0,108.45,46.1,5.0
Ford EcoSport 1.5 Petrol Titanium BSIV,2017,23667.29,15534.3,Petrol,Individual,Manual,First Owner,1497.0,121.31,39.99,5.0
Hyundai i20 2015-2017 Asta Option 1.4 CRDi,2017,19966.78,24854.8,Diesel,Individual,Manual,Second Owner,1396.0,88.73,53.02,5.0
Maruti Swift Ldi BSIV,2010,8519.16,80778.2,Diesel,Individual,Manual,Third Owner,1248.0,75.0,41.87,5.0
Skoda Yeti Ambition 4WD,2011,15973.42,125516.9,Diesel,Individual,Manual,First Owner,1968.0,138.08,41.56,5.0
Maruti Ciaz S 1.3,2018,26622.37,24854.8,Diesel,Individual,Manual,First Owner,1248.0,88.5,66.07,5.0
Maruti Zen LX,2000,2928.46,43496.0,Petrol,Individual,Manual,Fourth & Above Owner,993.0,60.0,40.69,5.0
Honda City 2017-2020 GXi,2008,6655.59,74564.5,Petrol,Individual,Manual,Second Owner,1497.0,78.0,41.63,5.0
Maruti Swift Dzire VDI,2015,15973.42,37282.3,Diesel,Individual,Manual,First Owner,1248.0,74.0,62.54,5.0
Maruti Zen Estilo LXI BS IV,2009,4392.69,37282.3,Petrol,Individual,Manual,First Owner,998.0,67.1,44.69,5.0
Maruti Alto LXI,2004,3141.44,37282.3,Petrol,Individual,Manual,Second Owner,796.0,46.3,46.34,5.0
Maruti Baleno Delta 1.3,2016,18635.66,48466.9,Diesel,Individual,Manual,First Owner,1248.0,74.0,64.43,5.0
Renault Duster 85PS Diesel RxL Optional,2013,15574.09,49709.7,Diesel,Individual,Manual,Second Owner,1461.0,83.8,48.12,5.0
Maruti Alto LXi,2006,3194.68,74564.5,Petrol,Individual,Manual,Fourth & Above Owner,796.0,46.3,46.34,5.0
Maruti 800 Std MPFi,2003,1730.45,55923.4,Petrol,Individual,Manual,Fourth & Above Owner,796.0,37.0,37.87,4.0
Maruti Alto LX,2006,3993.36,62137.1,Petrol,Individual,Manual,Second Owner,796.0,46.3,46.34,5.0
Maruti Alto Std,2009,3993.36,43496.0,Petrol,Individual,Manual,Fourth & Above Owner,796.0,46.3,46.34,5.0
Hyundai Accent VIVA CRDi,2004,4525.8,99419.4,Diesel,Individual,Manual,Third Owner,1493.0,82.0,30.81,5.0
Mahindra Scorpio 2.6 CRDe,2006,6655.59,74564.5,Diesel,Individual,Manual,Third Owner,2179.0,120.0,24.7,8.0
Hyundai Accent CRDi,2005,2662.24,62137.1,Diesel,Individual,Manual,Third Owner,1493.0,82.0,30.81,5.0
Maruti Ertiga VDI,2013,15946.8,37282.3,Diesel,Individual,Manual,Second Owner,1248.0,88.76,48.85,7.0
Chevrolet Cruze LTZ,2010,6655.59,83885.1,Diesel,Individual,Manual,Third Owner,1991.0,147.9,43.04,5.0
Maruti Swift VXI Optional,2016,15174.75,55923.4,Petrol,Individual,Manual,First Owner,1197.0,81.8,47.98,5.0
Volkswagen Polo Diesel Highline 1.2L,2013,11713.84,46602.8,Diesel,Individual,Manual,Second Owner,1199.0,73.9,51.91,5.0
Toyota Innova 2.5 E Diesel MS 7-seater,2005,7986.71,114953.6,Diesel,Individual,Manual,Second Owner,2494.0,100.6,26.81,7.0
Nissan Micra XV CVT,2015,7986.71,44562.9,Petrol,Individual,Automatic,Second Owner,1198.0,76.0,45.49,5.0
Mahindra Scorpio VLX 2WD ABS AT BSIII,2011,13311.18,93205.6,Diesel,Individual,Automatic,Second Owner,2179.0,120.0,27.73,8.0
Maruti Swift Dzire VDI,2016,17570.76,34175.4,Diesel,Individual,Manual,First Owner,1248.0,74.0,62.54,5.0
Ford Fiesta Classic 1.6 Duratec LXI,2012,6815.33,55923.4,Petrol,Individual,Manual,Second Owner,1596.0,99.6,35.99,5.0
Renault KWID 1.0 RXT Optional,2018,10915.15,21748.0,Petrol,Individual,Manual,First Owner,999.0,67.0,54.12,5.0
Toyota Fortuner 4x4 MT,2015,50263.03,74564.5,Diesel,Individual,Manual,Second Owner,2982.0,168.5,29.52,7.0
Honda Civic 1.8 V AT,2009,7454.26,24854.8,Petrol,Individual,Automatic,Third Owner,1799.0,130.0,30.34,5.0
Mahindra Xylo D2,2010,7986.71,62137.1,Diesel,Individual,Manual,First Owner,2489.0,95.0,30.58,8.0
Tata Safari Storme LX,2016,23960.13,74564.5,Diesel,Individual,Manual,First Owner,2179.0,147.94,33.17,5.0
Maruti Zen Estilo VXI BSIV,2014,5058.25,37282.3,Petrol,Individual,Manual,First Owner,998.0,67.1,44.69,5.0
Mahindra Scorpio EX,2012,11980.07,62137.1,Diesel,Individual,Manual,First Owner,2523.0,75.0,32.93,8.0
Mahindra Xylo D2 BS III,2015,10648.95,68350.8,Diesel,Individual,Manual,First Owner,2489.0,93.7,35.16,7.0
Tata New Safari Dicor VX 4X2 BS IV,2009,3993.36,55923.4,Diesel,Individual,Manual,Second Owner,2179.0,138.1,32.77,7.0
Tata Indigo CR4,2011,5324.47,52394.6,Diesel,Individual,Manual,First Owner,1396.0,70.0,55.44,5.0
Mahindra XUV500 W8 AWD,2013,15973.42,109982.7,Diesel,Individual,Manual,First Owner,2179.0,140.0,35.52,7.0
Tata Indica Vista Aqua 1.3 Quadrajet,2010,4658.91,37282.3,Diesel,Individual,Manual,First Owner,1248.0,75.0,42.34,5.0
Tata Indigo CS LE (TDI) BS-III,2008,2635.61,127381.1,Diesel,Individual,Manual,Second Owner,1396.0,69.0,44.9,5.0
Hyundai i10 Asta,2008,5723.81,43496.0,Petrol,Individual,Manual,Second Owner,1197.0,78.9,47.89,5.0
Renault Duster 110PS Diesel RxL,2013,13843.63,78292.7,Diesel,Individual,Manual,Second Owner,1461.0,108.45,44.71,5.0
Ford Endeavour 3.2 Titanium AT 4X4,2016,60699.0,74564.5,Diesel,Individual,Automatic,Second Owner,3198.0,197.0,25.66,7.0
Tata Indica Vista TDI LS,2015,7587.38,43496.0,Diesel,Individual,Manual,First Owner,1405.0,70.0,44.93,5.0
Mahindra TUV 300 T4 Plus,2017,17570.76,50952.4,Diesel,Individual,Manual,First Owner,1493.0,100.0,43.49,7.0
Maruti 800 Std,2004,838.71,68350.8,Petrol,Individual,Manual,Third Owner,796.0,37.0,37.87,4.0
Maruti Swift Dzire VXI,2015,13710.52,27961.7,Petrol,Individual,Manual,Second Owner,1197.0,83.14,49.04,5.0
Nissan Sunny Diesel XL,2012,7853.6,43496.0,Diesel,Individual,Manual,Second Owner,1461.0,84.8,50.9,5.0
Nissan Terrano XL 85 PS,2015,18635.66,49709.7,Diesel,Individual,Manual,Second Owner,1461.0,83.8,48.1,5.0
Mahindra Scorpio Intelli Hybrid S6 Plus,2017,29284.61,27961.7,Diesel,Individual,Manual,First Owner,2179.0,120.0,36.22,7.0
Hyundai EON 1.0 Era Plus,2017,7986.71,37282.3,Petrol,Individual,Manual,First Owner,998.0,68.05,47.75,5.0
Maruti Swift VXI,2013,11980.07,25973.3,Petrol,Individual,Manual,First Owner,1197.0,85.8,43.75,5.0
Maruti Swift Dzire VDI,2017,18635.66,31068.6,Diesel,Individual,Manual,Second Owner,1248.0,74.02,66.8,5.0
Ford Figo Diesel ZXI,2012,6655.59,24854.8,Diesel,Individual,Manual,First Owner,1399.0,68.0,47.04,5.0
Maruti Wagon R LXI Minor,2009,3727.13,59651.6,Petrol,Individual,Manual,Second Owner,1061.0,67.0,44.46,5.0
Mahindra Xylo D4 BSIII,2012,6655.59,72700.4,Diesel,Individual,Manual,First Owner,2498.0,112.0,32.93,8.0
Hyundai i10 Era,2011,5590.7,68350.8,Petrol,Individual,Manual,Second Owner,1086.0,68.05,46.6,5.0
Honda Amaze S i-Dtech,2014,11181.4,62137.1,Diesel,Individual,Manual,Second Owner,1498.0,98.6,60.69,5.0
Maruti Alto LXi,2007,3460.91,55115.6,Petrol,Individual,Manual,Third Owner,796.0,46.3,46.34,5.0
Nissan Sunny XL,2012,8519.16,43496.0,Petrol,Individual,Manual,Second Owner,1498.0,97.7,39.87,5.0
Maruti Wagon R LX BSIII,2010,5324.47,68350.8,Petrol,Individual,Manual,Second Owner,1061.0,64.0,40.69,5.0
Maruti Alto 800 LXI,2016,8252.93,9320.6,Petrol,Individual,Manual,First Owner,796.0,47.3,53.49,5.0
Mahindra Verito 1.5 D4 BSIII,2012,5324.47,49709.7,Diesel,Individual,Manual,Second Owner,1461.0,65.0,48.92,5.0
Maruti Ritz VXi,2014,9317.83,31068.6,Petrol,Individual,Manual,First Owner,1197.0,85.8,43.51,5.0
Hyundai EON Sportz,2018,11820.33,9320.6,Petrol,Individual,Manual,First Owner,814.0,55.2,49.63,5.0
Datsun RediGO T,2017,7986.71,15534.3,Petrol,Individual,Manual,First Owner,799.0,53.64,53.39,5.0
Mahindra Verito 1.5 D4 BSIII,2011,5990.03,35418.1,Diesel,Individual,Manual,Second Owner,1461.0,64.1,49.4,5.0
Mahindra Bolero 2011-2019 ZLX,2012,15973.42,46602.8,Diesel,Individual,Manual,First Owner,2523.0,62.1,37.54,7.0
Maruti Eeco 5 Seater AC BSIV,2013,6921.82,16155.6,Petrol,Individual,Manual,First Owner,1196.0,73.0,36.15,5.0
Hyundai Xcent 1.1 CRDi S Option,2015,9983.39,99419.4,Diesel,Individual,Manual,First Owner,1120.0,71.01,57.39,5.0
Maruti Alto LXi BSIII,2010,3993.36,74564.5,Petrol,Individual,Manual,Second Owner,796.0,46.3,46.34,5.0
Maruti Alto LXi,2014,2928.46,31068.6,Petrol,Individual,Manual,Second Owner,796.0,46.3,46.34,5.0
Maruti Alto LX,2012,5990.03,24854.8,Petrol,Individual,Manual,First Owner,796.0,46.3,46.34,5.0
Honda City i VTEC V,2017,22895.24,17398.4,Petrol,Individual,Manual,First Owner,1497.0,117.3,41.87,5.0
Maruti Swift Dzire LDI,2018,17304.54,31068.6,Diesel,Individual,Manual,First Owner,1248.0,74.02,66.8,5.0
Maruti Ertiga ZDI,2014,17304.54,55923.4,Diesel,Individual,Manual,First Owner,1248.0,88.8,48.85,7.0
Hyundai Verna 1.4 CRDi,2016,18901.88,24854.8,Diesel,Individual,Manual,First Owner,1396.0,88.7,58.33,5.0
Ford Figo 1.5D Base MT,2017,11447.62,70214.9,Diesel,Individual,Manual,First Owner,1498.0,99.0,60.76,5.0
Maruti Swift Vdi BSIII,2011,8119.82,116817.7,Diesel,Individual,Manual,Second Owner,1248.0,75.0,41.87,5.0
Ford Figo Diesel Titanium,2011,5856.92,62137.1,Diesel,Individual,Manual,First Owner,1399.0,68.0,47.04,5.0
Mahindra TUV 300 mHAWK100 T8,2017,17570.76,41631.9,Diesel,Individual,Manual,Second Owner,1493.0,100.0,43.49,7.0
Chevrolet Beat Diesel LT Option,2011,3727.13,43496.0,Diesel,Individual,Manual,Fourth & Above Owner,936.0,57.6,59.84,5.0
Toyota Corolla Altis JS MT,2015,29284.61,31068.6,Petrol,Individual,Manual,First Owner,1798.0,138.03,33.59,5.0
Jaguar XF 2.2 Litre Luxury,2013,65224.81,37282.3,Diesel,Individual,Automatic,First Owner,2179.0,187.7,38.48,5.0
Volkswagen Ameo 1.5 TDI Comfortline AT,2017,16638.98,21126.6,Diesel,Individual,Automatic,First Owner,1498.0,108.495,51.75,5.0
Honda City 1.5 GXI,2004,5271.23,68350.8,Petrol,Individual,Manual,Third Owner,1493.0,100.0,30.11,5.0
Maruti Wagon R LXI,2005,3460.91,86991.9,Petrol,Individual,Manual,Second Owner,998.0,67.1,44.46,5.0
Honda City Corporate Edition,2012,14376.08,62137.1,Petrol,Individual,Manual,Second Owner,1497.0,116.3,39.52,5.0
Hyundai Grand i10 1.2 Kappa Sportz AT,2017,14642.3,6213.7,Petrol,Individual,Automatic,First Owner,1197.0,81.86,44.46,5.0
Maruti Celerio ZXI Optional,2018,12645.63,18641.1,Petrol,Individual,Manual,First Owner,998.0,67.04,50.88,5.0
Audi Q3 2.0 TDI Quattro Premium Plus,2017,75208.19,13670.2,Diesel,Dealer,Automatic,First Owner,1968.0,174.33,37.0,5.0
Honda Civic ZX Diesel BSIV,2020,56572.54,3417.5,Diesel,Dealer,Manual,First Owner,1597.0,118.0,63.04,5.0
BMW X1 sDrive20d M Sport,2018,89184.94,11184.7,Diesel,Dealer,Automatic,First Owner,1998.0,190.0,46.15,5.0
Toyota Innova Crysta 2.8 GX AT 8S BSIV,2018,47920.27,12427.4,Diesel,Dealer,Automatic,First Owner,2755.0,171.5,26.72,8.0
Hyundai Santro Asta BSIV,2018,14376.08,4349.6,Petrol,Dealer,Manual,First Owner,1086.0,68.0,47.75,5.0
Force Gurkha Hard Top BS3 4WD,2018,24226.36,12427.4,Diesel,Dealer,Manual,First Owner,2596.0,80.8,39.99,5.0
Maruti Celerio VXI,2019,12911.82,3029.2,Petrol,Dealer,Manual,First Owner,998.0,67.04,50.88,5.0
Hyundai Creta 1.6 CRDi AT SX Plus,2020,51913.62,1677.7,Diesel,Dealer,Automatic,First Owner,1582.0,126.2,40.01,5.0
Maruti Vitara Brezza ZDi,2018,25291.25,36357.0,Diesel,Dealer,Manual,First Owner,1248.0,88.5,57.16,5.0
Ford Figo 1.5D Titanium MT,2015,9717.17,65244.0,Diesel,Dealer,Manual,First Owner,1498.0,99.0,60.76,5.0
Mahindra Thar CRDe ABS,2018,23960.13,16301.7,Diesel,Dealer,Manual,First Owner,2498.0,105.0,38.93,6.0
Tata Nexon 1.5 Revotorq XZ Plus,2017,24492.55,16631.6,Diesel,Dealer,Manual,First Owner,1497.0,108.5,50.57,5.0
MG Hector Sharp DCT Dualtone,2020,50582.5,994.2,Petrol,Dealer,Automatic,First Owner,1451.0,141.0,32.84,5.0
Mercedes-Benz New C-Class C 220 CDI Elegance MT,2018,78535.99,28583.1,Diesel,Dealer,Manual,First Owner,2148.0,170.0,37.16,5.0
Mahindra Marazzo M2 BSIV,2019,28619.05,14291.5,Diesel,Dealer,Manual,First Owner,1497.0,121.0,40.69,7.0
Maruti Swift VXI Optional,2017,15973.42,15237.3,Petrol,Dealer,Manual,First Owner,1197.0,81.8,47.98,5.0
BMW 3 Series 320d,2017,85191.58,8489.8,Diesel,Dealer,Automatic,First Owner,1995.0,190.0,53.37,5.0
Skoda Octavia Style Plus 2.0 TDI AT,2019,69218.16,6835.1,Diesel,Dealer,Automatic,First Owner,1968.0,141.0,45.4,5.0
Maruti Vitara Brezza ZDi Plus,2016,22336.17,39146.4,Diesel,Dealer,Manual,First Owner,1248.0,88.5,57.16,5.0
Volkswagen Polo 1.2 MPI Comfortline,2019,16905.2,1242.7,Petrol,Dealer,Manual,First Owner,1199.0,74.0,38.1,5.0
Mahindra Scorpio VLX 2WD AIRBAG BSIV,2014,14642.3,186411.3,Diesel,Individual,Manual,Third Owner,2179.0,120.0,28.34,8.0
Mahindra Logan Diesel 1.5 DLE,2011,4792.03,118060.5,Diesel,Individual,Manual,Third Owner,1461.0,65.0,45.16,5.0
Honda City i DTEC E,2015,17304.54,49709.7,Diesel,Individual,Manual,First Owner,1498.0,98.6,61.16,5.0
Honda Jazz Select Edition Active,2011,9317.83,49709.7,Petrol,Individual,Manual,Second Owner,1198.0,90.0,37.63,5.0
Maruti Alto K10 LXI,2015,7054.93,33554.0,Petrol,Individual,Manual,First Owner,998.0,67.05,56.33,5.0
Renault KWID 1.0 RXT Optional,2018,8785.38,18641.1,Petrol,Individual,Manual,First Owner,999.0,67.0,54.12,5.0
Maruti Eeco 7 Seater Standard BSIV,2019,10515.84,3106.9,Petrol,Individual,Manual,First Owner,1196.0,73.0,36.15,7.0
Mahindra TUV 300 T8,2015,18635.66,36626.7,Diesel,Individual,Manual,First Owner,1493.0,100.0,43.49,7.0
Ford Figo Diesel Titanium,2012,7986.71,55923.4,Diesel,Individual,Manual,First Owner,1399.0,68.0,47.04,5.0
Toyota Innova 2.5 G (Diesel) 7 Seater BS IV,2011,17304.54,233014.1,Diesel,Individual,Manual,First Owner,2494.0,102.0,30.11,8.0
Maruti Ertiga VDI,2013,16638.98,99419.4,Diesel,Individual,Manual,Third Owner,1248.0,88.76,48.85,7.0
Volkswagen Polo GT TDI,2014,11314.51,49709.7,Diesel,Individual,Manual,Second Owner,1598.0,103.6,35.54,5.0
Maruti 800 AC BSII,2004,1464.23,31068.6,Petrol,Individual,Manual,Third Owner,796.0,37.0,37.87,4.0
Tata Indigo CS LX (TDI) BS-III,2015,6655.59,49709.7,Diesel,Individual,Manual,Second Owner,1405.0,69.01,44.9,5.0
Toyota Corolla Altis 1.4 DGL,2017,42436.06,3106.9,Diesel,Individual,Manual,First Owner,1364.0,86.79,50.41,5.0
Chevrolet Sail 1.2 LS ABS,2014,7986.71,31068.6,Petrol,Individual,Manual,First Owner,1199.0,82.4,42.81,5.0
Ford EcoSport 1.5 TDCi Titanium BSIV,2018,25291.25,17162.3,Diesel,Dealer,Manual,First Owner,1498.0,98.59,53.56,5.0
Mahindra Xylo E8,2009,4286.2,74564.5,Diesel,Individual,Manual,Third Owner,2498.0,112.0,32.93,8.0
Hyundai i20 Active 1.2 S,2015,13311.18,36039.5,Petrol,Individual,Manual,First Owner,1197.0,81.86,40.43,5.0
Nissan Sunny XV,2012,9317.83,31068.6,Petrol,Individual,Manual,First Owner,1498.0,97.7,39.87,5.0
Maruti Ignis 1.2 AMT Alpha BSIV,2017,14642.3,24854.8,Petrol,Individual,Automatic,First Owner,1197.0,81.8,49.14,5.0
Honda WR-V i-VTEC VX,2018,22629.01,4846.7,Petrol,Individual,Manual,First Owner,1199.0,88.7,41.16,5.0
Maruti Alto 800 LXI,2016,6389.37,31068.6,Petrol,Individual,Manual,First Owner,796.0,47.3,53.49,5.0
Ford Endeavour 2.5L 4X2 MT,2011,25291.25,42253.2,Diesel,Individual,Manual,First Owner,2499.0,141.0,30.81,7.0
Maruti Ertiga VXI,2015,11261.26,37282.3,Petrol,Individual,Manual,Second Owner,1373.0,93.7,37.68,7.0
Tata Indigo GLS,2005,2396.01,45981.5,Petrol,Individual,Manual,Second Owner,1396.0,85.0,30.11,5.0
Tata New Safari DICOR 2.2 VX 4x2 BS IV,2011,9317.83,36039.5,Diesel,Individual,Manual,Second Owner,2179.0,138.1,32.77,7.0
Maruti A-Star Vxi,2011,4525.8,43496.0,Petrol,Individual,Manual,Third Owner,998.0,66.1,44.69,5.0
Ford Figo Aspire 1.2 Ti-VCT Titanium Plus,2015,11980.07,43496.0,Petrol,Individual,Manual,First Owner,1196.0,86.8,42.72,5.0
Hyundai i10 Magna,2009,3993.36,68350.8,Petrol,Individual,Manual,Second Owner,1197.0,78.9,47.89,5.0
Hyundai i20 Sportz 1.4 CRDi,2016,13604.03,49709.7,Diesel,Individual,Manual,First Owner,1396.0,88.73,53.02,5.0
Maruti Ertiga 1.5 VDI,2018,22629.01,36660.9,Diesel,Individual,Manual,First Owner,1498.0,93.87,56.92,7.0
Tata Indica V2 eLS,2018,6655.59,68350.8,Diesel,Individual,Manual,First Owner,1396.0,69.0,58.8,5.0
Maruti Celerio ZXI,2020,11181.4,15534.3,Petrol,Individual,Manual,First Owner,998.0,67.04,50.88,5.0
Maruti Alto 800 LXI,2014,4792.03,34175.4,Petrol,Individual,Manual,First Owner,796.0,47.3,53.49,5.0
Maruti Celerio ZDi,2015,10648.95,15534.3,Diesel,Individual,Manual,First Owner,793.0,47.0,64.97,5.0
Mahindra Xylo E4,2009,3993.36,186411.3,Diesel,Individual,Manual,First Owner,2498.0,112.0,32.93,7.0
Ford Figo 1.5D Titanium MT,2016,13311.18,88980.3,Diesel,Individual,Manual,First Owner,1498.0,99.0,60.76,5.0
Jeep Compass 2.0 Longitude Option BSIV,2017,44991.78,37282.3,Diesel,Individual,Manual,First Owner,1956.0,170.0,40.22,5.0
Nissan Micra Diesel XV Premium,2012,5457.56,74564.5,Diesel,Individual,Manual,First Owner,1461.0,63.1,54.29,5.0
Maruti Ciaz VDi Plus,2014,12246.26,90098.8,Diesel,Individual,Manual,Second Owner,1248.0,88.5,61.65,5.0
Hyundai i20 2015-2017 Magna 1.2,2017,15973.42,18641.1,Petrol,Individual,Manual,First Owner,1197.0,81.83,43.75,5.0
Hyundai Grand i10 1.2 Kappa Sportz Dual Tone,2019,15574.09,4971.0,Petrol,Individual,Manual,First Owner,1197.0,81.86,44.46,5.0
Ford Endeavour 2.5L 4X2 MT,2012,14668.93,105633.1,Diesel,Individual,Manual,First Owner,2499.0,141.0,30.81,7.0
Maruti Swift Dzire LDI,2013,13976.74,62137.1,Diesel,Individual,Manual,First Owner,1248.0,74.0,55.04,5.0
Maruti Omni 8 Seater BSIV,2012,4259.58,38525.0,Petrol,Individual,Manual,First Owner,796.0,35.0,32.93,5.0
Mahindra XUV500 W8 AWD,2014,21963.46,68350.8,Diesel,Individual,Manual,First Owner,2179.0,140.0,35.52,7.0
Maruti Zen Base,2002,1730.45,49709.7,Petrol,Individual,Manual,Second Owner,993.0,60.0,40.69,5.0
Maruti Swift Dzire VDI,2013,14642.3,62137.1,Diesel,Individual,Manual,First Owner,1248.0,74.0,55.04,5.0
Maruti Swift Dzire VDI,2019,19966.78,14912.9,Diesel,Individual,Manual,First Owner,1248.0,74.02,66.8,5.0
Mahindra KUV 100 mFALCON D75 K8,2017,10116.5,49709.7,Diesel,Individual,Manual,First Owner,1198.0,77.0,59.56,6.0
Hyundai Verna 1.6 SX CRDi (O),2012,10648.95,85749.2,Diesel,Individual,Manual,First Owner,1582.0,126.32,52.5,5.0
Maruti Wagon R LXI,2003,1331.12,91341.5,Petrol,Individual,Manual,Fourth & Above Owner,998.0,67.1,44.46,5.0
Mahindra TUV 300 mHAWK100 T8 Dual Tone,2017,19966.78,37282.3,Diesel,Individual,Manual,First Owner,1493.0,100.0,43.49,7.0
Chevrolet Spark 1.0 LS,2011,3993.36,49709.7,Petrol,Individual,Manual,First Owner,995.0,62.0,42.34,5.0
Maruti Alto 800 LXI,2016,6522.48,31068.6,Petrol,Individual,Manual,First Owner,796.0,47.3,53.49,5.0
Tata Manza Club Class Quadrajet90 VX,2013,6921.82,117439.1,Diesel,Individual,Manual,First Owner,1248.0,88.76,49.44,5.0
Volkswagen Vento 1.5 TDI Highline AT,2014,10941.79,55923.4,Diesel,Individual,Automatic,Second Owner,1498.0,103.2,49.89,5.0
Hyundai i20 Sportz 1.4 CRDi,2014,11980.07,34796.8,Diesel,Individual,Manual,First Owner,1396.0,88.76,51.51,5.0
BMW 3 Series 320d Luxury Line,2012,34609.08,86991.9,Diesel,Individual,Automatic,Second Owner,1995.0,184.0,44.41,5.0
Maruti Celerio VXI,2016,9344.45,37282.3,Petrol,Individual,Manual,First Owner,998.0,67.04,54.33,5.0
Mahindra XUV500 W8 4WD,2012,14642.3,80778.2,Diesel,Individual,Manual,First Owner,2179.0,140.0,35.52,7.0
BMW 3 Series 320d Luxury Plus,2013,34609.08,86991.9,Diesel,Individual,Automatic,Second Owner,1995.0,184.0,44.41,5.0
Nissan Terrano XE 85 PS,2016,19966.78,21748.0,Diesel,Individual,Manual,First Owner,1461.0,83.8,48.1,5.0
Nissan Terrano XL 85 PS,2015,21297.9,21748.0,Diesel,Individual,Manual,First Owner,1461.0,83.8,48.1,5.0
Tata New Safari DICOR 2.2 EX 4x2,2011,9317.83,96933.9,Diesel,Individual,Manual,First Owner,2179.0,138.1,27.21,7.0
Maruti Alto 800 LX,2013,5324.47,55923.4,Petrol,Individual,Manual,First Owner,796.0,47.3,53.49,5.0
Tata Indigo LS,2008,3993.36,37282.3,Diesel,Individual,Manual,Third Owner,1405.0,70.0,39.99,5.0
Nissan Terrano XL 110 PS,2016,21297.9,22369.4,Diesel,Individual,Manual,First Owner,1461.0,108.5,44.71,5.0
Hyundai EON Era Plus Sports Edition,2017,9317.83,12427.4,Petrol,Individual,Manual,Second Owner,814.0,55.2,49.63,5.0
Tata New Safari DICOR 2.2 VX 4x2,2011,9317.83,99419.4,Diesel,Individual,Manual,First Owner,2179.0,138.0,32.77,7.0
Tata Indica Vista Terra 1.4 TDI,2010,4525.8,68350.8,Diesel,Individual,Manual,Second Owner,1405.0,71.0,39.99,5.0
Renault KWID RXT Optional,2018,10515.84,6710.8,Petrol,Individual,Manual,First Owner,799.0,53.3,59.2,5.0
Mahindra Bolero 2011-2019 SLE,2012,11980.07,74564.5,Diesel,Individual,Manual,First Owner,2523.0,62.1,37.54,7.0
Maruti Ignis 1.2 Delta BSIV,2019,13311.18,9320.6,Petrol,Individual,Manual,First Owner,1197.0,81.8,49.14,5.0
Tata Hexa XM,2017,31946.84,18641.1,Diesel,Individual,Manual,First Owner,2179.0,153.86,41.4,7.0
Mahindra KUV 100 mFALCON D75 K8,2016,10648.95,31068.6,Diesel,Individual,Manual,First Owner,1198.0,77.0,59.56,6.0
Mahindra TUV 300 T8,2016,17304.54,62137.1,Diesel,Individual,Manual,First Owner,1493.0,100.0,43.49,7.0
Mahindra XUV500 W10 2WD,2015,29284.61,68350.8,Diesel,Individual,Manual,First Owner,2179.0,140.0,37.63,7.0
Maruti Alto 800 LXI,2012,6788.68,18641.1,Petrol,Individual,Manual,First Owner,796.0,47.3,53.49,5.0
Maruti Alto LXi,2011,4792.03,37282.3,Petrol,Individual,Manual,First Owner,796.0,46.3,46.34,5.0
Mahindra Xylo D2,2010,4259.58,158449.6,Diesel,Individual,Manual,Second Owner,2489.0,95.0,30.58,8.0
Chevrolet Optra Magnum 2.0 LT BS3,2008,5990.03,74564.5,Diesel,Individual,Manual,Second Owner,1991.0,123.7,38.86,5.0
Maruti Alto 800 LXI,2015,7188.04,31006.4,Petrol,Individual,Manual,Second Owner,796.0,47.3,53.49,5.0
Tata Manza Aura Quadrajet BS IV,2012,8252.93,53437.9,Diesel,Individual,Manual,First Owner,1248.0,88.8,49.68,5.0
Datsun GO T BSIV,2015,5990.03,44645.5,Petrol,Individual,Manual,First Owner,1198.0,67.0,48.52,5.0
Fiat Grande Punto EVO 1.3 Dynamic,2015,7986.71,59030.2,Diesel,Individual,Manual,Third Owner,1248.0,75.0,49.87,5.0
Maruti Swift Dzire VXi,2008,6655.59,43496.0,Petrol,Individual,Manual,Fourth & Above Owner,1298.0,85.8,41.16,5.0
Hyundai EON Sportz,2011,4792.03,21748.0,Petrol,Individual,Manual,First Owner,814.0,55.2,49.63,5.0
Maruti Swift Dzire VXI,2015,14642.3,31068.6,Petrol,Individual,Manual,First Owner,1197.0,83.14,49.04,5.0
Mahindra Bolero XL 10 Seater Non AC,2007,7986.71,74564.5,Diesel,Individual,Manual,Third Owner,2523.0,63.0,31.99,7.0
Hyundai Elantra CRDi SX,2015,23960.13,90098.8,Diesel,Individual,Manual,First Owner,1582.0,126.2,53.39,5.0
Mahindra XUV500 W9 2WD,2018,40732.23,24854.8,Diesel,Individual,Manual,First Owner,2179.0,138.0,37.63,7.0
Maruti Baleno Delta 1.3,2015,15707.2,68350.8,Diesel,Individual,Manual,First Owner,1248.0,74.0,64.43,5.0
Audi A3 35 TDI Premium Plus,2017,69218.16,43496.0,Diesel,Individual,Automatic,First Owner,1968.0,143.0,47.94,5.0
Maruti Ritz VDi,2016,12645.63,68350.8,Diesel,Individual,Manual,First Owner,1248.0,73.94,54.57,5.0
Hyundai Grand i10 1.2 CRDi Asta,2018,18635.66,18019.8,Diesel,Individual,Manual,First Owner,1186.0,73.97,56.45,5.0
Maruti Wagon R VXI BS IV,2011,10010.01,37282.3,Petrol,Individual,Manual,First Owner,998.0,67.1,44.46,5.0
Maruti 800 Std BSII,2004,1996.68,28583.1,Petrol,Individual,Manual,Fourth & Above Owner,796.0,37.0,37.87,4.0
Mahindra Scorpio VLS AT 2.2 mHAWK,2012,11713.84,74564.5,Diesel,Individual,Automatic,Third Owner,2179.0,120.0,27.73,8.0
Maruti Wagon R VXI Optional,2016,10382.72,49709.7,Petrol,Individual,Manual,First Owner,998.0,67.04,48.24,5.0
Toyota Innova 2.5 VX 7 STR,2012,19301.22,98798.0,Diesel,Individual,Manual,Second Owner,2494.0,102.0,30.11,7.0
Mahindra Bolero 2011-2019 SLE,2012,8652.27,68350.8,Diesel,Individual,Manual,Second Owner,2523.0,62.1,37.54,7.0
Maruti Alto LXi,2010,4525.8,46602.8,Petrol,Individual,Manual,Second Owner,796.0,46.3,46.34,5.0
Maruti Swift Dzire LDi,2010,5723.81,74564.5,Diesel,Individual,Manual,Third Owner,1248.0,73.9,45.4,5.0
Honda City 1.5 V Inspire,2010,9317.83,68350.8,Petrol,Individual,Manual,Third Owner,1497.0,118.0,39.99,5.0
Chevrolet Spark 1.0 LS,2009,2129.79,49709.7,Petrol,Individual,Manual,Fourth & Above Owner,995.0,62.0,42.34,5.0
Hyundai EON Magna Plus,2012,5191.36,49709.7,Petrol,Individual,Manual,Second Owner,814.0,55.2,49.63,5.0
Nissan Sunny Diesel XL,2014,8918.49,44117.3,Diesel,Dealer,Manual,First Owner,1461.0,84.8,50.9,5.0
Mahindra XUV500 W6 2WD,2011,12645.63,67108.1,Diesel,Dealer,Manual,First Owner,2179.0,140.0,37.63,7.0
Renault Duster 85PS Diesel RxL,2015,12911.82,46602.8,Diesel,Dealer,Manual,First Owner,1461.0,83.8,46.74,5.0
Maruti Ciaz Delta BSIV,2018,17304.54,13670.2,Petrol,Individual,Manual,Second Owner,1462.0,103.25,50.71,5.0
Audi Q5 3.0 TDI Quattro,2014,49251.38,47305.6,Diesel,Individual,Automatic,First Owner,2967.0,241.4,31.1,5.0
Hyundai i20 1.2 Asta,2018,18635.66,18641.1,Petrol,Individual,Manual,Second Owner,1197.0,81.83,43.75,5.0
Audi Q7 3.0 TDI Quattro,2014,79867.11,40389.1,Diesel,Individual,Automatic,First Owner,2967.0,241.4,28.39,7.0
Mahindra Scorpio S3 9 Seater BSIV,2018,23960.13,37282.3,Diesel,Individual,Manual,First Owner,2523.0,75.0,36.22,7.0
Volkswagen Polo Diesel Highline 1.2L,2013,9317.83,49709.7,Diesel,Individual,Manual,First Owner,1199.0,73.9,51.91,5.0
Honda Accord V6 AT,2005,7587.38,49709.7,Petrol,Individual,Automatic,Second Owner,2997.0,218.0,21.17,5.0
Audi Q7 3.0 TDI Quattro Premium Plus,2012,49251.38,43496.0,Diesel,Individual,Automatic,First Owner,2967.0,241.4,28.39,7.0
Maruti Vitara Brezza VDi,2017,19966.78,32172.7,Diesel,Dealer,Manual,First Owner,1248.0,88.5,57.16,5.0
Honda Amaze V Petrol BSIV,2018,15973.42,12427.4,Petrol,Individual,Manual,First Owner,1199.0,88.76,45.87,5.0
Volkswagen Polo 2015-2019 1.0 MPI Comfortline,2018,15041.64,11806.0,Petrol,Individual,Manual,First Owner,999.0,75.0,44.17,5.0
Daewoo Matiz SS,2000,2289.52,29174.0,Petrol,Individual,Manual,First Owner,796.0,53.0,43.51,5.0
Datsun GO T BSIV,2016,8758.76,11806.0,Petrol,Individual,Manual,First Owner,1198.0,67.0,48.52,5.0
Ford EcoSport 1.5 TDCi Titanium Plus BSIV,2016,17304.54,31068.6,Diesel,Individual,Manual,First Owner,1498.0,98.59,53.56,5.0
Hyundai Creta 1.6 CRDi SX Option,2015,21883.59,37282.3,Diesel,Individual,Manual,First Owner,1582.0,126.2,46.27,5.0
Renault Duster 110PS Diesel RxL,2013,9184.72,62137.1,Diesel,Individual,Manual,Second Owner,1461.0,108.45,44.71,5.0
Maruti Zen LXI,2001,798.67,6213.7,Petrol,Individual,Manual,First Owner,993.0,60.0,40.69,5.0
Maruti Swift VDI,2012,8785.38,31068.6,Diesel,Individual,Manual,Second Owner,1248.0,74.0,53.86,5.0
Maruti Wagon R Stingray VXI,2014,7986.71,46315.1,Petrol,Individual,Manual,Second Owner,998.0,67.04,48.24,5.0
Maruti SX4 ZXI AT,2009,5324.47,55923.4,Petrol,Individual,Automatic,Second Owner,1586.0,103.3,29.64,5.0
Chevrolet Spark 1.0,2010,2396.01,43496.0,Petrol,Individual,Manual,Second Owner,995.0,62.0,42.34,5.0
Maruti Wagon R VXI Minor,2010,5324.47,49709.7,Petrol,Individual,Manual,Second Owner,1061.0,67.0,44.46,5.0
Hyundai Xcent 1.1 CRDi SX,2016,14642.3,21748.0,Diesel,Individual,Manual,First Owner,1120.0,71.0,57.39,5.0
Chevrolet Beat LT,2015,6655.59,14602.2,Petrol,Individual,Manual,First Owner,1199.0,76.8,43.75,5.0
Honda City i-DTEC VX,2017,25956.81,50952.4,Diesel,Individual,Manual,First Owner,1498.0,97.9,60.22,5.0
Toyota Innova 2.5 G (Diesel) 8 Seater,2014,23960.13,62137.1,Diesel,Individual,Manual,Second Owner,2494.0,100.6,30.55,8.0
Hyundai i20 1.2 Spotz,2018,16239.65,9320.6,Petrol,Individual,Manual,First Owner,1197.0,81.83,43.75,5.0
Maruti Baleno Zeta 1.3,2017,16505.87,18641.1,Diesel,Individual,Manual,First Owner,1248.0,74.0,64.43,5.0
Hyundai Grand i10 Sportz,2016,10648.95,18641.1,Petrol,Individual,Manual,First Owner,1197.0,82.0,44.46,5.0
Maruti Celerio X ZXI BSIV,2019,13311.18,6835.1,Petrol,Individual,Manual,First Owner,998.0,67.0,50.88,5.0
Datsun GO Plus T,2017,5324.47,86991.9,Petrol,Individual,Manual,First Owner,1198.0,67.05,44.74,7.0
Tata Zest Quadrajet 1.3 XM,2016,9584.05,68350.8,Diesel,Individual,Manual,First Owner,1248.0,88.7,54.1,5.0
Maruti Alto K10 2010-2014 VXI,2012,6708.84,29825.8,Petrol,Individual,Manual,First Owner,998.0,67.1,49.21,5.0
Maruti Swift VDI,2012,7454.26,43496.0,Diesel,Individual,Manual,Second Owner,1248.0,74.0,53.86,5.0
Maruti Swift VXI 2018,2018,13577.38,43496.0,Petrol,Individual,Manual,Second Owner,1197.0,81.8,51.75,5.0
Mahindra Scorpio 1.99 S6 Plus,2016,27953.49,36039.5,Diesel,Individual,Manual,First Owner,1997.0,120.0,36.22,7.0
Maruti Zen LXI,2005,1597.34,55923.4,Petrol,Individual,Manual,Second Owner,993.0,60.0,40.69,5.0
Mahindra Xylo E8 ABS Airbag,2010,8519.16,24854.8,Diesel,Individual,Manual,Second Owner,2498.0,112.0,32.93,7.0
Tata New Safari DICOR 2.2 LX 4x2,2007,6655.59,49709.7,Diesel,Individual,Manual,Second Owner,2179.0,138.1,27.21,7.0
Maruti Vitara Brezza ZDi,2017,19301.22,37282.3,Diesel,Individual,Manual,First Owner,1248.0,88.5,57.16,5.0
Mahindra Bolero 2011-2019 SLX,2015,15574.09,31068.6,Diesel,Individual,Manual,First Owner,2523.0,62.1,37.54,7.0
Tata Tiago 1.2 Revotron XZ,2017,11447.62,15534.3,Petrol,Individual,Manual,First Owner,1199.0,84.0,56.08,5.0
Maruti Swift VDI,2011,6256.26,62137.1,Diesel,Individual,Manual,Second Owner,1248.0,74.0,53.86,5.0
Maruti Swift Dzire VDi,2012,9317.83,32311.3,Diesel,Individual,Manual,Third Owner,1248.0,73.9,45.4,5.0
Hyundai i10 Era 1.1,2010,3487.53,49709.7,Petrol,Individual,Manual,Third Owner,1086.0,68.05,46.6,5.0
Honda Amaze VX i-DTEC,2016,11980.07,52816.5,Diesel,Individual,Manual,First Owner,1498.0,98.6,60.69,5.0
Maruti Vitara Brezza ZDi Plus,2016,19966.78,51573.8,Diesel,Individual,Manual,First Owner,1248.0,88.5,57.16,5.0
Maruti Alto 800 LXI,2013,5324.47,31068.6,Petrol,Individual,Manual,First Owner,796.0,47.3,53.49,5.0
Maruti Wagon R LXI Minor,2009,3327.8,74564.5,Petrol,Individual,Manual,Fourth & Above Owner,1061.0,67.0,44.46,5.0
Mahindra Bolero 2011-2019 SLE,2014,13311.18,62137.1,Diesel,Individual,Manual,First Owner,2523.0,62.1,37.54,7.0
Maruti Swift VDI,2012,10116.5,43496.0,Diesel,Individual,Manual,Third Owner,1248.0,74.0,53.86,5.0
Maruti Alto LXi,2008,3407.66,11806.0,Petrol,Individual,Manual,First Owner,796.0,46.3,46.34,5.0
Honda City 1.5 S MT,2009,6655.59,42626.1,Petrol,Individual,Manual,Third Owner,1497.0,118.0,39.99,5.0
Mahindra Bolero Power Plus SLX,2017,18369.44,37282.3,Diesel,Individual,Manual,First Owner,1493.0,70.0,38.81,7.0
Mahindra Bolero 2011-2019 SLX,2014,17304.54,40389.1,Diesel,Individual,Manual,Second Owner,2523.0,62.1,37.54,7.0
Honda City E,2012,14908.53,24854.8,Petrol,Individual,Manual,Second Owner,1497.0,116.3,39.52,5.0
Maruti Celerio VXI,2016,10648.95,15534.3,Petrol,Individual,Manual,First Owner,998.0,67.04,54.33,5.0
Maruti Alto K10 LXI,2012,5324.47,18330.4,Petrol,Individual,Manual,First Owner,998.0,67.1,49.21,5.0
Hyundai Verna VTVT 1.6 SX,2018,25291.25,8629.0,Petrol,Individual,Manual,First Owner,1591.0,121.3,39.99,5.0
Maruti Alto 800 VXI,2016,7986.71,31068.6,Petrol,Individual,Manual,Second Owner,796.0,47.3,53.49,5.0
Renault KWID RXL,2016,8386.05,18641.1,Petrol,Individual,Manual,Second Owner,799.0,53.3,59.2,5.0
Maruti Alto 800 LXI,2012,5856.92,62137.1,Petrol,Individual,Manual,First Owner,796.0,47.3,53.49,5.0
Chevrolet Aveo 1.4 LS,2011,3460.91,37282.3,Petrol,Individual,Manual,Second Owner,1399.0,92.7,34.08,5.0
Hyundai i20 Sportz Option 1.4 CRDi,2016,15840.31,37282.3,Diesel,Individual,Manual,Second Owner,1396.0,88.73,53.02,5.0
Tata Indica Vista TDI LS,2011,2928.46,74564.5,Diesel,Individual,Manual,First Owner,1405.0,70.0,45.63,5.0
Ford EcoSport 1.5 Petrol Ambiente BSIV,2017,18103.21,8388.5,Petrol,Individual,Manual,First Owner,1497.0,121.36,39.99,5.0
Fiat Grande Punto Active (Diesel),2013,7454.26,32311.3,Diesel,Individual,Manual,First Owner,1248.0,75.0,47.75,5.0
Maruti Baleno Delta 1.2,2017,14109.86,18641.1,Petrol,Individual,Manual,Second Owner,1197.0,83.1,50.34,5.0
Hyundai Xcent 1.2 Kappa SX Option,2017,16239.65,8699.2,Petrol,Individual,Manual,First Owner,1197.0,82.0,44.93,5.0
Tata Aria Pure LX 4x2,2014,13311.18,55923.4,Diesel,Individual,Manual,Second Owner,2179.0,147.9,35.4,7.0
Tata Tigor 1.05 Revotorq XM,2018,13311.18,31068.6,Diesel,Individual,Manual,First Owner,1047.0,69.0,58.1,5.0
Mahindra Xylo D2,2010,6655.59,74564.5,Diesel,Individual,Manual,Second Owner,2489.0,95.0,30.58,8.0
Hyundai EON Magna Plus,2018,8652.27,6213.7,Petrol,Individual,Manual,First Owner,814.0,55.2,49.63,5.0
Maruti Baleno Delta 1.2,2018,14642.3,6213.7,Petrol,Individual,Manual,First Owner,1197.0,83.1,50.34,5.0
Maruti Ciaz 1.4 Alpha,2018,19168.11,15534.3,Petrol,Individual,Manual,First Owner,1373.0,91.1,48.76,5.0
Hyundai Verna VTVT 1.6 SX,2017,25291.25,12427.4,Petrol,Individual,Manual,First Owner,1591.0,121.3,39.99,5.0
Maruti Swift VDI,2013,9317.83,37282.3,Diesel,Individual,Manual,First Owner,1248.0,74.0,53.86,5.0
Hyundai Grand i10 1.2 Kappa Sportz Option,2018,13311.18,24854.8,Petrol,Individual,Manual,First Owner,1197.0,81.86,44.46,5.0
Maruti Swift Dzire VDi,2012,10116.5,37282.3,Diesel,Individual,Manual,First Owner,1248.0,73.9,45.4,5.0
Hyundai Xcent 1.2 Kappa AT SX Option,2015,10116.5,31068.6,Petrol,Individual,Automatic,First Owner,1197.0,82.0,39.75,5.0
Hyundai Verna VTVT 1.6 SX,2017,23960.13,12427.4,Petrol,Individual,Manual,First Owner,1591.0,121.3,39.99,5.0
Maruti Alto 800 VXI,2017,7853.6,21748.0,Petrol,Individual,Manual,First Owner,796.0,47.3,58.1,5.0
Maruti Ciaz VDi Plus SHVS,2016,17038.32,24854.8,Diesel,Individual,Manual,First Owner,1248.0,88.5,66.07,5.0
Tata Nexon 1.5 Revotorq XZ Plus,2018,21031.67,37282.3,Diesel,Individual,Manual,First Owner,1497.0,108.5,50.57,5.0
Hyundai Verna 1.6 VTVT S Option,2015,16638.98,12427.4,Petrol,Individual,Manual,First Owner,1591.0,121.4,40.01,5.0
Ford EcoSport 1.5 Petrol Trend BSIV,2017,16079.91,18641.1,Petrol,Individual,Manual,Second Owner,1497.0,121.36,39.99,5.0
Maruti Alto K10 VXI,2015,8386.05,18019.8,Petrol,Individual,Manual,First Owner,998.0,67.05,56.33,5.0
Mahindra XUV300 W6 Diesel BSIV,2019,25291.25,10563.3,Diesel,Individual,Manual,First Owner,1497.0,115.0,47.04,5.0
Maruti Wagon R VXI Plus Optional,2017,10648.95,31068.6,Petrol,Individual,Manual,First Owner,998.0,67.04,48.24,5.0
Hyundai i20 1.4 Magna AT,2018,18635.66,26097.6,Petrol,Individual,Automatic,First Owner,1368.0,98.63,43.75,5.0
Toyota Innova 2.5 G (Diesel) 8 Seater BS IV,2011,18635.66,74564.5,Diesel,Individual,Manual,Second Owner,2494.0,102.0,30.11,8.0
Mahindra Verito 1.5 D4 BSIV,2012,6921.82,68350.8,Diesel,Individual,Manual,First Owner,1461.0,65.0,49.47,5.0
Tata Indigo CR4,2012,5324.47,55923.4,Diesel,Individual,Manual,First Owner,1396.0,70.0,55.44,5.0
Maruti Dzire VXI,2020,15440.97,43496.0,Petrol,Individual,Manual,First Owner,1197.0,88.5,54.71,5.0
Volkswagen Vento IPL II Diesel Trendline,2011,8785.38,41010.5,Diesel,Individual,Manual,Second Owner,1598.0,105.0,48.22,5.0
Hyundai Verna Transform CRDi VGT SX ABS,2011,10648.95,43496.0,Diesel,Individual,Manual,Third Owner,1493.0,110.0,38.1,5.0
Hyundai Creta 1.6 SX Automatic,2018,35940.2,3106.9,Petrol,Individual,Automatic,First Owner,1591.0,121.3,34.81,5.0
Mahindra Verito 1.5 D4 BSIV,2014,6655.59,31068.6,Diesel,Individual,Manual,Second Owner,1461.0,65.0,49.47,5.0
Skoda Rapid 1.6 MPI Ambition BSIV,2019,19301.22,15534.3,Petrol,Individual,Manual,First Owner,1598.0,103.2,36.25,5.0
Maruti Swift Dzire Tour LDI,2013,7986.71,43496.0,Diesel,Individual,Manual,First Owner,1248.0,74.0,55.04,5.0
Maruti 800 AC,2006,3194.68,24854.8,Petrol,Individual,Manual,Second Owner,796.0,37.0,37.87,4.0
Mahindra XUV500 W10 2WD,2016,31281.28,68350.8,Diesel,Individual,Manual,First Owner,2179.0,140.0,37.63,7.0
Tata New Safari DICOR 2.2 VX 4x4,2009,10116.5,93205.6,Diesel,Individual,Manual,First Owner,2179.0,138.0,32.77,7.0
Tata Indica Vista TDI LX,2014,10648.95,27961.7,Diesel,Individual,Manual,First Owner,1405.0,70.0,44.93,5.0
Tata Indigo LX,2005,3727.13,55923.4,Diesel,Individual,Manual,Third Owner,1405.0,70.0,37.87,5.0
Tata New Safari DICOR 2.2 EX 4x2,2011,6123.12,86991.9,Diesel,Individual,Manual,Second Owner,2179.0,138.1,27.21,7.0
Ford Ikon 1.3 CLXi,2003,2928.46,51573.8,Petrol,Individual,Manual,Second Owner,1299.0,70.0,32.46,5.0
Volkswagen Jetta 2.0L TDI Highline AT,2011,14642.3,65865.3,Diesel,Individual,Automatic,Second Owner,1968.0,138.1,39.89,5.0
Chevrolet Aveo U-VA 1.2 LS,2008,3993.36,37282.3,Petrol,Individual,Manual,Fourth & Above Owner,1150.0,74.9,35.89,5.0
Maruti Omni E MPI STD BS IV,2017,7054.93,24854.8,Petrol,Individual,Manual,Second Owner,796.0,34.2,39.52,8.0
Hyundai i20 1.2 Asta,2011,7986.71,85749.2,Petrol,Individual,Manual,Third Owner,1197.0,80.0,39.99,5.0
Maruti Alto 800 LXI,2015,7454.26,49709.7,Petrol,Individual,Manual,First Owner,796.0,47.3,53.49,5.0
Hyundai Getz GLS,2005,3460.91,31068.6,Petrol,Individual,Manual,Second Owner,1341.0,83.0,35.99,5.0
Chevrolet Sail 1.2 LS ABS,2015,9317.83,31068.6,Petrol,Individual,Manual,First Owner,1199.0,82.4,42.81,5.0
Maruti Ritz VXi,2009,5324.47,74564.5,Petrol,Individual,Manual,First Owner,1197.0,85.8,43.51,5.0
Maruti Swift VXI,2018,14642.3,15161.5,Petrol,Individual,Manual,First Owner,1197.0,81.8,51.75,5.0
Mahindra Bolero 2011-2019 SLX,2013,10648.95,37282.3,Diesel,Individual,Manual,Second Owner,2523.0,62.1,37.54,7.0
Maruti Ritz VXi (ABS) BS IV,2010,4525.8,74564.5,Petrol,Individual,Manual,Second Owner,1197.0,85.8,43.51,5.0
Hyundai Verna 1.4 CRDi,2015,15973.42,37282.3,Diesel,Individual,Manual,Second Owner,1396.0,88.7,58.33,5.0
Maruti Alto LXi,2011,3460.91,62137.1,Petrol,Individual,Manual,Second Owner,796.0,46.3,46.34,5.0
Maruti 800 AC,2011,2662.24,74564.5,Petrol,Individual,Manual,Second Owner,796.0,37.0,37.87,4.0
Renault KWID RXT,2016,8252.93,17087.7,Petrol,Individual,Manual,First Owner,799.0,53.3,59.2,5.0
Maruti 800 AC,2007,931.78,6213.7,Petrol,Individual,Manual,First Owner,796.0,37.0,37.87,4.0
Hyundai i20 Magna,2010,5324.47,74564.5,Petrol,Individual,Manual,Third Owner,1197.0,80.0,43.51,5.0
Hyundai i20 Sportz 1.4 CRDi,2015,17304.54,49709.7,Diesel,Individual,Manual,First Owner,1396.0,88.73,53.02,5.0
Tata Indigo eCS GLS,2013,5590.7,74564.5,Petrol,Individual,Manual,First Owner,1193.0,64.1,36.79,5.0
Hyundai Xcent 1.1 CRDi S Option,2015,13577.38,55923.4,Diesel,Individual,Manual,First Owner,1120.0,71.01,57.39,5.0
Ford Figo Diesel Celebration Edition,2013,6123.12,43496.0,Diesel,Individual,Manual,First Owner,1399.0,68.1,47.04,5.0
Renault Duster 110PS Diesel RxZ,2014,10915.15,116817.7,Diesel,Individual,Manual,Second Owner,1461.0,108.45,44.71,5.0
Chevrolet Spark 1.0 LT,2011,3460.91,42153.8,Petrol,Individual,Manual,First Owner,995.0,62.0,42.34,5.0
Tata Nano CX,2013,2529.13,18641.1,Petrol,Individual,Manual,First Owner,624.0,37.48,59.74,4.0
Maruti Alto 800 LXI,2016,5990.03,21748.0,Petrol,Individual,Manual,Second Owner,796.0,47.3,53.49,5.0
Maruti Vitara Brezza VDi Option,2017,20632.34,62137.1,Diesel,Individual,Manual,First Owner,1248.0,88.5,57.16,5.0
Maruti Wagon R VXI BS IV,2017,11181.4,18641.1,Petrol,Individual,Manual,First Owner,998.0,67.04,48.24,5.0
Hyundai Grand i10 Sportz Celebration Edition,2016,12778.74,43496.0,Petrol,Individual,Manual,First Owner,1197.0,82.0,44.46,5.0
Mahindra Bolero SLE,2010,6921.82,236121.0,Diesel,Individual,Manual,Second Owner,2523.0,63.0,31.99,7.0
Volkswagen Polo 2015-2019 1.2 MPI Highline Plus,2018,15973.42,9320.6,Petrol,Individual,Manual,First Owner,1199.0,74.0,38.1,5.0
Ford Ikon 1.4 TDCi DuraTorq,2009,3727.13,86991.9,Diesel,Individual,Manual,Second Owner,1399.0,68.0,32.46,5.0
Maruti Omni 8 Seater BSII,2010,3460.91,74564.5,Petrol,Individual,Manual,Third Owner,796.0,35.0,46.34,8.0
Maruti Swift VDI BSIV,2007,5191.36,70140.4,Diesel,Dealer,Manual,First Owner,1248.0,74.0,59.27,5.0
Tata Indica Vista TDI LS,2013,5590.7,83885.1,Diesel,Dealer,Manual,Second Owner,1405.0,70.0,45.63,5.0
Maruti Wagon R LX,2006,3460.91,49709.7,Petrol,Individual,Manual,Third Owner,998.0,67.1,44.46,5.0
Chevrolet Beat LT,2012,3753.75,79535.5,Petrol,Individual,Manual,Third Owner,1199.0,79.4,43.75,5.0
Mahindra Bolero SLE BSIII,2011,7454.26,74564.5,Diesel,Individual,Manual,First Owner,2523.0,63.0,31.99,7.0
Maruti SX4 ZXI AT Leather,2010,9317.83,18641.1,Petrol,Individual,Automatic,First Owner,1586.0,103.2,29.64,5.0
Tata Nexon 1.2 Revotron XM,2018,15307.86,43496.0,Petrol,Individual,Manual,First Owner,1198.0,108.5,39.99,5.0
Hyundai i20 Sportz Option 1.2,2015,14642.3,25476.2,Petrol,Individual,Manual,First Owner,1197.0,81.83,43.75,5.0
Maruti Alto LX,2006,3194.68,18641.1,Petrol,Individual,Manual,Second Owner,796.0,46.3,46.34,5.0
Maruti Alto K10 VXI,2015,8519.16,18641.1,Petrol,Individual,Manual,First Owner,998.0,67.05,56.33,5.0
Hyundai Accent Executive,2011,6655.59,21748.0,Petrol,Individual,Manual,First Owner,1495.0,93.7,38.48,5.0
Maruti SX4 Zxi BSIII,2010,7986.71,13670.2,Petrol,Individual,Manual,First Owner,1586.0,104.68,35.28,5.0
Maruti Wagon R VXI,2006,6655.59,43496.0,Petrol,Individual,Manual,First Owner,998.0,67.1,44.46,5.0
Mahindra Bolero 2011-2019 mHAWK D70 ZLX,2018,19966.78,43496.0,Diesel,Individual,Manual,First Owner,1493.0,70.0,38.81,7.0
Mahindra Scorpio 2.6 CRDe,2005,4019.98,124274.2,Diesel,Individual,Manual,Second Owner,2179.0,120.0,24.7,8.0
Tata Safari DICOR 2.2 EX 4x2,2011,7986.71,74564.5,Diesel,Individual,Manual,First Owner,2179.0,138.03,32.77,7.0
Maruti Ignis 1.2 Zeta BSIV,2019,15361.11,1864.1,Petrol,Individual,Manual,First Owner,1197.0,81.8,49.14,5.0
Maruti Alto K10 2010-2014 VXI,2012,6123.12,31068.6,Petrol,Individual,Manual,First Owner,998.0,67.1,49.21,5.0
Mahindra Bolero 2011-2019 ZLX,2013,13311.18,31068.6,Diesel,Individual,Manual,First Owner,2523.0,62.1,37.54,7.0
Honda Jazz VX CVT,2019,22362.79,932.1,Petrol,Individual,Automatic,First Owner,1199.0,88.7,42.81,5.0
Volkswagen Vento 1.5 TDI Highline,2017,23960.13,45981.5,Diesel,Individual,Manual,First Owner,1498.0,108.6,52.38,5.0
Honda Jazz 1.2 V i VTEC,2017,17304.54,15534.3,Petrol,Individual,Manual,First Owner,1199.0,88.7,43.99,5.0
Honda Jazz 1.5 VX i DTEC,2016,17304.54,38472.2,Diesel,Individual,Manual,First Owner,1498.0,98.6,64.21,5.0
Hyundai EON Era Plus,2016,6655.59,68350.8,Petrol,Individual,Manual,First Owner,814.0,55.2,49.63,5.0
Volkswagen Polo 1.5 TDI Comfortline,2016,14642.3,43496.0,Diesel,Individual,Manual,First Owner,1498.0,88.0,47.37,5.0
Maruti Swift Ldi BSIII,2007,6655.59,93205.6,Diesel,Individual,Manual,Fourth & Above Owner,1248.0,75.0,41.87,5.0
Mahindra Quanto C4,2013,9317.83,68350.8,Diesel,Individual,Manual,Second Owner,1493.0,100.0,40.48,7.0
Chevrolet Beat Diesel LT,2014,4925.14,55923.4,Diesel,Individual,Manual,Second Owner,936.0,56.3,59.84,5.0
Ford Figo Petrol Titanium,2010,6123.12,74564.5,Petrol,Individual,Manual,Third Owner,1196.0,70.0,36.69,5.0
Toyota Innova 2.5 G (Diesel) 8 Seater,2016,26622.37,40389.1,Diesel,Individual,Manual,First Owner,2494.0,100.6,30.55,8.0
Maruti Wagon R VXI 1.2,2019,13044.96,6213.7,Petrol,Individual,Manual,First Owner,1197.0,81.8,48.27,5.0
Hyundai i10 Sportz,2009,3993.36,49709.7,Petrol,Individual,Manual,Second Owner,1197.0,78.9,47.89,5.0
Maruti Ertiga VDI,2013,15973.42,114332.3,Diesel,Individual,Manual,First Owner,1248.0,88.76,48.85,7.0
Maruti Zen LXi - BS III,2005,1597.34,43496.0,Petrol,Individual,Manual,Second Owner,993.0,60.0,40.69,5.0
Maruti SX4 Zxi with Leather BSIII,2008,3993.36,55302.0,Petrol,Individual,Manual,Second Owner,1586.0,104.68,36.69,5.0
Maruti Swift VDI,2013,13976.74,42874.6,Diesel,Individual,Manual,Second Owner,1248.0,74.0,53.86,5.0
Tata Indica V2 eLX,2012,2209.66,55923.4,Diesel,Individual,Manual,Second Owner,1396.0,69.0,58.8,5.0
Hyundai EON Era Plus,2017,7986.71,4971.0,Petrol,Individual,Manual,First Owner,814.0,55.2,49.63,5.0
Hyundai i20 1.2 Sportz,2012,9317.83,21748.0,Petrol,Individual,Manual,First Owner,1197.0,80.0,39.99,5.0
Hyundai i20 1.2 Sportz,2011,7986.71,27961.7,Petrol,Individual,Manual,First Owner,1197.0,80.0,39.99,5.0
Fiat Linea 1.3 Active,2011,6655.59,18641.1,Diesel,Individual,Manual,First Owner,1248.0,91.2,47.98,5.0
Maruti 800 Std,2006,3061.55,36660.9,Petrol,Individual,Manual,Second Owner,796.0,37.0,37.87,4.0
Maruti Ertiga VXI Petrol,2018,18635.66,3852.5,Petrol,Individual,Manual,First Owner,1462.0,103.0,45.49,7.0
Maruti Celerio X ZXI,2020,6655.59,74564.5,Petrol,Individual,Manual,Second Owner,998.0,67.0,50.88,5.0
Maruti Wagon R LXI BS IV,2016,9317.83,43496.0,Petrol,Individual,Manual,First Owner,998.0,67.04,48.24,5.0
Maruti Omni 5 Str STD,1998,2129.79,43496.0,Petrol,Individual,Manual,First Owner,796.0,35.0,32.93,5.0
Mahindra Scorpio S2 7 Seater,2017,22629.01,68350.8,Diesel,Individual,Manual,First Owner,2523.0,75.0,36.22,7.0
Chevrolet Spark 1.0 LS,2007,2396.01,57787.5,Petrol,Individual,Manual,Third Owner,995.0,62.0,42.34,5.0
Maruti Alto LX,2007,3594.02,35418.1,Petrol,Individual,Manual,First Owner,796.0,46.3,46.34,5.0
Hyundai Accent GLE,2005,3993.36,74564.5,Petrol,Individual,Manual,First Owner,1495.0,94.0,31.05,5.0
Maruti Swift Dzire VXi,2009,6389.37,74564.5,Petrol,Individual,Manual,First Owner,1298.0,85.8,41.16,5.0
Hyundai Creta 1.4 E Plus,2018,25184.76,37282.3,Diesel,Individual,Manual,First Owner,1396.0,88.7,51.98,5.0
Tata Indigo eCS LX BSIV,2011,5723.81,43496.0,Diesel,Individual,Manual,First Owner,1396.0,69.0,54.17,5.0
Maruti Zen LX,1999,1331.12,37282.3,Petrol,Individual,Manual,Fourth & Above Owner,993.0,60.0,40.69,5.0
Honda Amaze S i-Dtech,2013,8252.93,62137.1,Diesel,Individual,Manual,First Owner,1498.0,98.6,60.69,5.0
Hyundai i10 Magna,2008,5856.92,21748.0,Petrol,Individual,Manual,First Owner,1197.0,78.9,47.89,5.0
Maruti Swift Vdi BSIII,2008,5191.36,55923.4,Diesel,Individual,Manual,Third Owner,1248.0,75.0,41.87,5.0
Hyundai i20 Active 1.2 S,2015,17304.54,31068.6,Petrol,Individual,Manual,First Owner,1197.0,81.86,40.43,5.0
Hyundai i20 1.2 Magna,2011,9317.83,60894.4,Petrol,Individual,Manual,First Owner,1197.0,80.0,43.51,5.0
Hyundai i20 Asta 1.2,2013,9584.05,18641.1,Petrol,Individual,Manual,First Owner,1197.0,82.85,43.51,5.0
Hyundai Elantra SX,2013,14642.3,31068.6,Petrol,Individual,Manual,Second Owner,1797.0,147.5,38.34,5.0
Hyundai Grand i10 Sportz,2016,13044.96,16155.6,Petrol,Individual,Manual,First Owner,1197.0,82.0,44.46,5.0
Maruti Alto LXi,2011,5191.36,28583.1,Petrol,Individual,Manual,Second Owner,796.0,46.3,46.34,5.0
Maruti Alto LX,2010,3327.8,49709.7,Petrol,Individual,Manual,Fourth & Above Owner,796.0,46.3,46.34,5.0
Tata Tiago 1.2 Revotron XZ,2019,12246.26,6213.7,Petrol,Individual,Manual,First Owner,1199.0,84.0,56.08,5.0
Maruti Alto 800 LXI,2015,7321.15,10376.9,Petrol,Individual,Manual,First Owner,796.0,47.3,53.49,5.0
Maruti Swift Dzire VDI,2018,18103.21,43496.0,Diesel,Individual,Manual,First Owner,1248.0,74.02,66.8,5.0
Maruti Swift Dzire ZXI,2015,15973.42,4950.5,Petrol,Individual,Manual,First Owner,1197.0,83.14,49.04,5.0
Maruti Swift ZXI Plus,2018,19168.11,12427.4,Petrol,Individual,Manual,First Owner,1197.0,81.8,51.75,5.0
Renault KWID RXT Optional,2016,9477.56,6000.0,Petrol,Individual,Manual,First Owner,799.0,53.3,59.2,5.0
Hyundai i10 Era,2011,5990.03,31068.6,Petrol,Individual,Manual,First Owner,1086.0,68.05,46.6,5.0
Ford Freestyle Titanium Diesel BSIV,2019,19301.22,10563.3,Diesel,Individual,Manual,First Owner,1498.0,98.63,57.39,5.0
Chevrolet Spark 1.0 LT,2010,3460.91,31068.6,Petrol,Individual,Manual,First Owner,995.0,62.0,42.34,5.0
Renault KWID RXT,2015,7986.71,6213.7,Petrol,Individual,Manual,First Owner,799.0,53.3,59.2,5.0
Hyundai i20 Sportz 1.2,2013,10648.95,26719.0,Petrol,Individual,Manual,Second Owner,1197.0,82.85,43.51,5.0
Hyundai Verna 1.4 CX,2013,14642.3,31068.6,Diesel,Individual,Manual,First Owner,1396.0,88.7,55.28,5.0
Maruti Wagon R PRIMEA,2006,3194.68,55923.4,Petrol,Individual,Manual,Second Owner,998.0,67.0,44.46,5.0
Mahindra Xylo D4 BSIV,2012,10915.15,62137.1,Diesel,Individual,Manual,Second Owner,2498.0,112.0,32.93,8.0
Mahindra Bolero 2011-2019 SLX,2012,11980.07,74564.5,Diesel,Individual,Manual,First Owner,2523.0,62.1,37.54,7.0
Maruti Swift VXI,2019,16239.65,3106.9,Petrol,Individual,Manual,First Owner,1197.0,81.8,49.89,5.0
Ford Ecosport 1.5 DV5 MT Trend,2016,13710.52,42631.6,Diesel,Dealer,Manual,First Owner,1498.0,89.84,53.39,5.0
Ford EcoSport 1.5 TDCi Titanium BE BSIV,2018,24625.69,20728.9,Diesel,Dealer,Manual,First Owner,1498.0,98.59,53.56,5.0
Nissan Kicks XL BSIV,2019,22895.24,8896.2,Petrol,Dealer,Manual,First Owner,1498.0,104.55,33.47,5.0
Ford Figo Diesel Titanium,2012,5990.03,54206.5,Diesel,Dealer,Manual,Second Owner,1399.0,68.05,47.04,5.0
Ford Figo 1.5D Trend MT,2017,13311.18,39121.5,Diesel,Dealer,Manual,First Owner,1498.0,99.0,60.76,5.0
Maruti Swift Dzire AMT VXI,2017,15973.42,16549.6,Petrol,Dealer,Automatic,First Owner,1197.0,81.8,49.89,5.0
Ford Figo Diesel EXI Option,2012,5191.36,101730.9,Diesel,Dealer,Manual,First Owner,1399.0,68.0,43.51,5.0
Maruti Wagon R LXI BS IV,2012,7054.93,42252.0,Petrol,Dealer,Manual,First Owner,998.0,67.1,44.46,5.0
Ford Freestyle Trend Diesel,2018,17304.54,12866.1,Diesel,Dealer,Manual,First Owner,1499.0,98.63,55.98,5.0
Ford Figo Aspire 1.5 TDCi Trend,2015,11048.28,62498.1,Diesel,Dealer,Manual,First Owner,1498.0,99.0,60.76,5.0
Renault Duster 85PS Diesel RxE Adventure,2015,15973.42,41820.1,Diesel,Dealer,Manual,First Owner,1461.0,83.8,48.1,5.0
Maruti Ritz VXi,2013,9051.61,49174.7,Petrol,Dealer,Manual,First Owner,1197.0,85.8,43.51,5.0
Hyundai Grand i10 CRDi Sportz,2014,9317.83,52682.3,Diesel,Dealer,Manual,First Owner,1120.0,70.0,56.45,5.0
Maruti Ritz LDi,2012,7054.93,81011.9,Diesel,Dealer,Manual,Second Owner,1248.0,73.94,54.57,5.0
Tata Safari DICOR 2.2 EX 4x2,2017,16638.98,44738.7,Diesel,Individual,Manual,First Owner,2179.0,138.03,32.77,7.0
Hyundai Verna CRDi SX,2008,6522.48,78914.1,Diesel,Individual,Manual,Second Owner,1493.0,110.0,39.52,5.0
Maruti Swift VDI BSIV,2014,10515.84,74564.5,Diesel,Individual,Manual,First Owner,1248.0,74.0,59.27,5.0
Hyundai Xcent 1.1 CRDi S,2014,13044.96,62137.1,Diesel,Individual,Manual,First Owner,1120.0,71.0,57.39,5.0
Maruti Ertiga SHVS VDI,2018,25424.36,24854.8,Diesel,Individual,Manual,First Owner,1248.0,88.5,57.67,7.0
Maruti Swift Dzire VDI,2013,13976.74,68350.8,Diesel,Individual,Manual,First Owner,1248.0,74.0,55.04,5.0
Tata Tigor 1.2 Revotron XZ Option,2017,14642.3,18641.1,Petrol,Individual,Manual,First Owner,1199.0,84.0,47.75,5.0
Tata Indica Vista TDI LX,2014,5324.47,74564.5,Diesel,Individual,Manual,Second Owner,1405.0,70.0,44.93,5.0
Ford Figo Aspire 1.2 Ti-VCT Trend,2017,13311.18,9320.6,Petrol,Individual,Manual,First Owner,1196.0,86.8,42.72,5.0
Maruti SX4 S Cross 2015-2017 DDiS 200 Zeta,2016,21963.46,20815.9,Diesel,Individual,Manual,First Owner,1248.0,88.5,55.63,5.0
Mahindra Quanto C6,2012,6655.59,43496.0,Diesel,Individual,Manual,First Owner,1493.0,100.0,40.48,7.0
Toyota Etios Cross 1.2L G,2015,15973.42,6213.7,Petrol,Individual,Manual,First Owner,1197.0,78.8,42.72,5.0
Mahindra Scorpio S7 120,2018,35274.64,13703.1,Diesel,Individual,Manual,First Owner,2179.0,120.0,38.48,7.0
Mahindra TUV 300 T8,2016,20499.22,31068.6,Diesel,Individual,Manual,First Owner,1493.0,100.0,43.49,7.0
Chevrolet Optra Magnum 2.0 LS,2011,11048.28,48735.4,Diesel,Individual,Manual,First Owner,1991.0,123.7,38.86,5.0
Hyundai Santa Fe 4X4,2011,21963.46,77671.4,Diesel,Individual,Manual,Second Owner,2199.0,194.3,34.48,7.0
Ford Aspire Trend Diesel BSIV,2018,14109.86,49709.7,Diesel,Individual,Manual,First Owner,1498.0,99.23,61.39,5.0
Toyota Innova 2.5 V Diesel 8-seater,2006,11314.51,167770.2,Diesel,Individual,Manual,Third Owner,2494.0,102.0,30.11,8.0
Honda Brio V MT,2012,8252.93,31068.6,Petrol,Individual,Manual,Second Owner,1198.0,86.8,45.63,5.0
Tata Tiago 1.2 Revotron XZ,2017,10382.72,12427.4,Petrol,Individual,Manual,First Owner,1199.0,84.0,56.08,5.0
Hyundai Creta 1.6 VTVT E Plus,2016,18635.66,18641.1,Petrol,Individual,Manual,First Owner,1591.0,121.3,35.96,5.0
Hyundai i10 Sportz 1.1L,2010,5324.47,43496.0,Petrol,Individual,Manual,Second Owner,1086.0,68.05,46.6,5.0
Toyota Innova 2.5 G (Diesel) 8 Seater,2013,27953.49,4473.9,Diesel,Individual,Manual,First Owner,2494.0,100.6,30.55,8.0
Honda City i DTEC SV,2014,15440.97,60273.0,Diesel,Individual,Manual,First Owner,1498.0,98.6,61.16,5.0
Hyundai EON Era Plus,2014,5324.47,37282.3,Petrol,Individual,Manual,Second Owner,814.0,55.2,49.63,5.0
Chevrolet Sail Hatchback Petrol LS ABS,2013,6522.48,15534.3,Petrol,Individual,Manual,First Owner,1199.0,84.8,42.81,5.0
Hyundai i10 Sportz,2010,5590.7,58408.9,Petrol,Individual,Manual,Second Owner,1197.0,78.9,47.89,5.0
Maruti Baleno LXI,2005,1331.12,55923.4,Petrol,Individual,Manual,Second Owner,1590.0,94.0,36.22,5.0
Chevrolet Captiva 2.2 LTZ AWD,2012,18635.66,31068.6,Diesel,Individual,Automatic,Second Owner,2231.0,184.0,28.51,7.0
Tata Bolt Quadrajet XE,2019,17570.76,21748.0,Diesel,Individual,Manual,First Owner,1248.0,74.0,53.98,5.0
Honda City i VTEC V,2015,16772.09,73011.1,Petrol,Individual,Manual,Second Owner,1497.0,117.3,40.93,5.0
Mahindra XUV500 W8 2WD,2012,25291.25,48777.6,Diesel,Individual,Manual,First Owner,2179.0,140.0,35.52,7.0
Hyundai i20 1.2 Asta Dual Tone,2018,19700.55,4971.0,Petrol,Individual,Manual,First Owner,1197.0,81.83,43.75,5.0
Ford Figo Aspire 1.2 Ti-VCT Sports Edition,2017,15174.75,15534.3,Petrol,Individual,Manual,First Owner,1196.0,86.8,42.62,5.0
Hyundai Verna 1.6 SX,2012,11980.07,37282.3,Diesel,Individual,Manual,Third Owner,1582.0,126.32,52.5,5.0
Datsun RediGO 1.0 T Option,2019,10382.72,6213.7,Petrol,Individual,Manual,First Owner,999.0,67.0,52.92,5.0
Ford Ikon 1.6 Nxt,2009,4792.03,43496.0,Petrol,Individual,Manual,Second Owner,1597.0,92.0,33.4,5.0
Tata Nano LX,2015,3460.91,37282.3,Petrol,Individual,Manual,First Owner,624.0,37.48,59.74,4.0
Honda City 2017-2020 GXi,2006,7188.04,43496.0,Petrol,Individual,Manual,Second Owner,1497.0,78.0,41.63,5.0
Maruti 800 DX,1997,1597.34,15534.3,Petrol,Individual,Manual,Third Owner,796.0,37.0,37.87,4.0
Hyundai Verna 1.6 Xi ABS,2006,4525.8,55923.4,Petrol,Individual,Manual,Third Owner,1599.0,103.2,32.69,5.0
Hyundai Creta 1.6 CRDi SX,2015,26063.27,55923.4,Diesel,Individual,Manual,First Owner,1582.0,126.2,46.27,5.0
Tata Tiago 1.2 Revotron XM,2018,13044.96,15534.3,Petrol,Individual,Manual,First Owner,1199.0,84.0,56.08,5.0
Ford Fiesta Diesel Style,2012,7454.26,37282.3,Diesel,Individual,Manual,Second Owner,1498.0,88.7,55.28,5.0
Tata Tiago 1.2 Revotron XM,2018,10382.72,15534.3,Petrol,Individual,Manual,First Owner,1199.0,84.0,56.08,5.0
Maruti Alto 800 VXI,2013,4525.8,37282.3,Petrol,Individual,Manual,Fourth & Above Owner,796.0,47.3,53.49,5.0
Chevrolet Spark 1.0,2008,1198.01,43496.0,Petrol,Individual,Manual,First Owner,995.0,62.0,42.34,5.0
Maruti Ertiga SHVS VDI,2016,17038.32,49709.7,Diesel,Individual,Manual,Second Owner,1248.0,88.5,57.67,7.0
Ford Fusion Plus 1.4 TDCi Diesel,2008,2396.01,68350.8,Diesel,Individual,Manual,Second Owner,1399.0,68.0,41.63,5.0
Tata Aria Pure LX 4x2,2014,12778.74,43496.0,Diesel,Individual,Manual,Second Owner,2179.0,147.9,35.4,7.0
Maruti Swift VXI,2019,16772.09,2485.5,Petrol,Individual,Manual,First Owner,1197.0,81.8,49.89,5.0
Hyundai i10 Sportz,2011,6655.59,31068.6,Petrol,Individual,Manual,First Owner,1197.0,78.9,47.89,5.0
Hyundai Grand i10 Sportz,2016,8785.38,43496.0,Petrol,Individual,Manual,Fourth & Above Owner,1197.0,82.0,44.46,5.0
Hyundai i10 Magna,2009,4792.03,43496.0,Petrol,Individual,Manual,Second Owner,1197.0,78.9,47.89,5.0
Hyundai i20 Magna,2010,5590.7,31068.6,Petrol,Individual,Manual,Second Owner,1197.0,80.0,43.51,5.0
Maruti Swift Dzire ZDI,2016,14642.3,34175.4,Diesel,Individual,Manual,First Owner,1248.0,74.0,62.54,5.0
Tata Nexon 1.2 Revotron XZA Plus,2020,25291.25,3106.9,Petrol,Individual,Automatic,First Owner,1198.0,108.5,39.99,5.0
Mahindra Bolero 2011-2019 ZLX,2013,11447.62,62137.1,Diesel,Individual,Manual,Second Owner,2523.0,62.1,37.54,7.0
Hyundai i10 Sportz,2014,9264.58,14291.5,Petrol,Individual,Manual,Second Owner,1197.0,78.9,47.89,5.0
Maruti Alto 800 LX,2014,5217.98,37282.3,Petrol,Individual,Manual,Second Owner,796.0,47.3,53.49,5.0
Maruti Wagon R LXI Minor,2010,3993.36,43496.0,Petrol,Individual,Manual,Second Owner,1061.0,67.0,44.46,5.0
Maruti Wagon R LXI Minor,2009,3993.36,37282.3,Petrol,Individual,Manual,Second Owner,1061.0,67.0,44.46,5.0
Tata Safari Storme VX Varicor 400,2019,33277.96,62137.1,Diesel,Individual,Manual,First Owner,2179.0,153.86,33.17,7.0
Maruti Ertiga VDI,2015,15973.42,55923.4,Diesel,Individual,Manual,Third Owner,1248.0,88.76,48.85,7.0
Tata Nano Lx BSIV,2010,1730.45,16424.1,Petrol,Dealer,Manual,First Owner,624.0,37.48,59.74,4.0
Maruti Omni E 8 Str STD,2016,5856.92,29019.3,Petrol,Dealer,Manual,First Owner,796.0,34.2,39.52,8.0
Maruti Omni E 8 Str STD,2016,5856.92,29021.8,Petrol,Dealer,Manual,First Owner,796.0,34.2,39.52,8.0
Tata Indica V2 eXeta GLS,2006,2928.46,33257.6,Petrol,Dealer,Manual,First Owner,1193.0,64.4,39.61,5.0
Chevrolet Beat Diesel LT,2012,4658.91,35023.6,Diesel,Dealer,Manual,First Owner,936.0,56.3,59.84,5.0
Chevrolet Spark 1.0 LT,2011,4259.58,30797.0,Petrol,Dealer,Manual,First Owner,995.0,62.1,38.1,5.0
Maruti 800 Std BSIII,2004,1730.45,35065.2,Petrol,Dealer,Manual,First Owner,796.0,37.0,37.87,4.0
Maruti 800 AC,2002,1597.34,32538.1,Petrol,Dealer,Manual,Second Owner,796.0,37.0,37.87,4.0
Maruti Alto LXi BSIII,2007,3194.68,33250.8,Petrol,Dealer,Manual,Second Owner,796.0,46.3,46.34,5.0
Mahindra Ssangyong Rexton RX7,2013,26622.37,24854.8,Diesel,Individual,Automatic,First Owner,2696.0,184.0,26.3,7.0
Maruti Wagon R LXI BS IV,2010,5856.92,28914.3,Petrol,Dealer,Manual,First Owner,998.0,67.1,44.46,5.0
Maruti Omni 8 Seater BSIV,2008,3061.55,36432.2,Petrol,Dealer,Manual,Second Owner,796.0,35.0,32.93,5.0
Mahindra XUV500 AT W6 2WD,2016,22629.01,49709.7,Diesel,Individual,Automatic,Second Owner,2179.0,140.0,37.63,7.0
Maruti Ertiga SHVS VDI,2016,19966.78,43496.0,Diesel,Individual,Manual,First Owner,1248.0,88.5,57.67,7.0
Renault KWID 1.0 RXT Optional,2017,7054.93,55923.4,Petrol,Individual,Manual,First Owner,999.0,67.0,54.12,5.0
Ford Classic 1.6 Duratec Titanium,2014,11980.07,68350.8,Petrol,Individual,Manual,Second Owner,1596.0,99.6,33.14,5.0
Mahindra Quanto C6,2013,5990.03,55923.4,Diesel,Individual,Manual,First Owner,1493.0,100.0,40.48,7.0
Mahindra Scorpio S10 7 Seater,2015,29950.17,43496.0,Diesel,Individual,Manual,First Owner,2179.0,120.0,36.22,7.0
Maruti Swift VXI with ABS,2009,7188.04,49709.7,Petrol,Individual,Manual,First Owner,1197.0,85.0,39.05,5.0
Maruti Alto LX,2007,3460.91,48466.9,Petrol,Individual,Manual,First Owner,796.0,46.3,46.34,5.0
Mahindra Bolero Power Plus SLE,2017,17570.76,27961.7,Diesel,Individual,Manual,First Owner,1493.0,70.0,38.81,7.0
Maruti Alto K10 VXI,2015,6389.37,31068.6,Petrol,Individual,Manual,Second Owner,998.0,67.05,56.33,5.0
Maruti Alto 800 LXI,2017,7321.15,36039.5,Petrol,Individual,Manual,First Owner,796.0,47.3,58.1,5.0
Toyota Innova 2.5 VX 8 STR BSIV,2012,19966.78,74564.5,Diesel,Individual,Manual,First Owner,2494.0,102.0,30.11,8.0
Chevrolet Aveo U-VA 1.2,2007,1730.45,18641.1,Petrol,Individual,Manual,Second Owner,1150.0,76.0,34.58,5.0
Tata Safari Storme EX,2017,22629.01,100662.1,Diesel,Individual,Manual,First Owner,2179.0,147.94,33.17,7.0
Hyundai i20 1.2 Magna Executive,2018,14775.42,15534.3,Petrol,Individual,Manual,Second Owner,1197.0,81.83,43.75,5.0
Mahindra Scorpio 1.99 S6 Plus,2015,21963.46,37282.3,Diesel,Individual,Manual,First Owner,1997.0,120.0,36.22,7.0
Maruti Swift Dzire VDi,2009,4925.14,85749.2,Diesel,Individual,Manual,Second Owner,1248.0,73.9,45.4,5.0
Hyundai i10 Magna,2010,4792.03,43496.0,Petrol,Individual,Manual,Second Owner,1197.0,78.9,47.89,5.0
Maruti Alto LXi,2010,4259.58,29825.8,Petrol,Individual,Manual,Second Owner,796.0,46.3,46.34,5.0
Ford Endeavour 3.0L 4X2 AT,2012,13311.18,68350.8,Diesel,Individual,Automatic,First Owner,2953.0,153.86,26.81,7.0
Maruti Swift VDI BSIV,2014,9983.39,54680.6,Diesel,Individual,Manual,Second Owner,1248.0,74.0,59.27,5.0
Toyota Innova 2.5 GX (Diesel) 7 Seater,2015,23960.13,42253.2,Diesel,Individual,Manual,First Owner,2494.0,100.6,30.55,7.0
Hyundai Grand i10 Sportz,2017,12246.26,43496.0,Petrol,Individual,Manual,First Owner,1197.0,82.0,44.46,5.0
Renault Duster 85PS Diesel RxL,2014,12778.74,49709.7,Diesel,Individual,Manual,First Owner,1461.0,83.8,48.1,5.0
Maruti Swift VDI,2013,8519.16,62137.1,Diesel,Individual,Manual,Third Owner,1248.0,74.0,53.86,5.0
Maruti Swift VDI,2013,9850.28,59651.6,Diesel,Individual,Manual,Second Owner,1248.0,74.0,53.86,5.0
Maruti Zen LX,2002,1996.68,18641.1,Petrol,Individual,Manual,Third Owner,993.0,60.0,40.69,5.0
Maruti Ritz LDi,2016,10648.95,37282.3,Diesel,Individual,Manual,Third Owner,1248.0,73.94,54.57,5.0
Maruti Swift VDI BSIV,2014,11314.51,40389.1,Diesel,Individual,Manual,First Owner,1248.0,74.0,59.27,5.0
Maruti Celerio ZXI,2014,8652.27,29825.8,Petrol,Individual,Manual,First Owner,998.0,67.04,54.33,5.0
Hyundai Grand i10 Magna,2016,9317.83,40575.5,Petrol,Individual,Manual,Second Owner,1197.0,82.0,44.46,5.0
Hyundai i20 1.2 Asta Dual Tone,2018,15973.42,24854.8,Petrol,Individual,Manual,First Owner,1197.0,81.83,43.75,5.0
Chevrolet Beat Diesel,2012,3194.68,37282.3,Diesel,Individual,Manual,Second Owner,936.0,57.6,59.84,5.0
Maruti Alto K10 2010-2014 VXI,2012,5324.47,43496.0,Petrol,Individual,Manual,Second Owner,998.0,67.1,49.21,5.0
Maruti Alto LXi BSIII,2008,2662.24,43496.0,Petrol,Individual,Manual,Third Owner,796.0,46.3,46.34,5.0
Hyundai Grand i10 CRDi Asta,2014,9317.83,43496.0,Diesel,Individual,Manual,Second Owner,1120.0,70.0,56.45,5.0
Maruti Alto LXi,2006,2262.9,93205.6,Petrol,Individual,Manual,Second Owner,796.0,46.3,46.34,5.0
Maruti Alto K10 VXI Optional,2019,10622.33,6213.7,Petrol,Individual,Manual,First Owner,998.0,67.05,56.33,5.0
Hyundai Verna 1.6 CRDI,2014,15440.97,34796.8,Diesel,Individual,Manual,First Owner,1582.0,126.3,52.5,5.0
Datsun RediGO T Option,2017,7720.49,18641.1,Petrol,Individual,Manual,First Owner,799.0,53.64,53.39,5.0
Hyundai Grand i10 Magna,2014,10116.5,31068.6,Petrol,Individual,Manual,Second Owner,1197.0,82.0,44.46,5.0
Ford Figo Diesel EXI,2010,5324.47,74564.5,Diesel,Individual,Manual,First Owner,1399.0,68.0,47.04,5.0
Hyundai Grand i10 1.2 Kappa Asta,2017,13311.18,17087.7,Petrol,Individual,Manual,First Owner,1197.0,81.86,44.46,5.0
Maruti Ertiga VDI,2012,13843.63,45360.1,Diesel,Individual,Manual,First Owner,1248.0,88.76,48.85,7.0
Maruti Swift Dzire VDI,2017,17304.54,46602.8,Diesel,Individual,Manual,First Owner,1248.0,74.0,62.54,5.0
Renault KWID Climber 1.0 MT,2018,10116.5,3106.9,Petrol,Individual,Manual,First Owner,999.0,67.0,54.12,5.0
Maruti Swift Dzire VDI,2015,13843.63,43496.0,Diesel,Individual,Manual,First Owner,1248.0,74.0,62.54,5.0
Maruti Swift Dzire VDI,2015,16239.65,37282.3,Diesel,Individual,Manual,First Owner,1248.0,74.0,62.54,5.0
Maruti Wagon R LXI,2004,2262.9,68350.8,Petrol,Individual,Manual,First Owner,998.0,67.1,44.46,5.0
Renault Duster 85PS Diesel RxL Optional,2013,13044.96,59030.2,Diesel,Individual,Manual,First Owner,1461.0,83.8,48.12,5.0
Hyundai EON Era Plus,2015,6123.12,21126.6,Petrol,Individual,Manual,Second Owner,814.0,55.2,49.63,5.0
Hyundai Grand i10 Sportz,2015,10941.79,15534.3,Petrol,Individual,Manual,First Owner,1197.0,82.0,44.46,5.0
Toyota Etios Cross 1.4L GD,2014,14642.3,19262.5,Diesel,Individual,Manual,First Owner,1364.0,67.06,55.49,5.0
Maruti Ritz VXi (ABS) BS IV,2011,5058.25,29204.4,Petrol,Individual,Manual,First Owner,1197.0,85.8,43.51,5.0
Hyundai Santro Magna AMT BSIV,2019,13284.56,3106.9,Petrol,Individual,Automatic,First Owner,1086.0,68.0,47.75,5.0
Maruti Eeco 7 Seater Standard BSIV,2018,9530.81,27340.3,Petrol,Individual,Manual,First Owner,1196.0,73.0,36.15,7.0
Toyota Etios Diesel TRD Sportivo,2012,7401.02,74564.5,Diesel,Individual,Manual,Second Owner,1364.0,67.1,55.49,5.0
Fiat Grande Punto EVO 1.3 Active,2014,8519.16,24478.9,Diesel,Individual,Manual,First Owner,1248.0,75.0,49.87,5.0
Renault Fluence 1.5,2013,15440.97,41631.9,Diesel,Individual,Manual,Second Owner,1461.0,108.5,47.98,5.0
Honda City VX CVT,2019,34609.08,12427.4,Petrol,Individual,Automatic,First Owner,1497.0,117.6,40.93,5.0
Honda Amaze VX i-DTEC,2018,21963.46,24854.8,Diesel,Individual,Manual,First Owner,1498.0,98.6,60.69,5.0
Toyota Corolla AE,2004,4525.8,74564.5,Petrol,Individual,Manual,Second Owner,1794.0,125.0,31.52,5.0
Toyota Fortuner 4x4 MT,2014,45258.03,49709.7,Diesel,Individual,Manual,Second Owner,2982.0,168.5,29.52,7.0
Hyundai Santro Sportz BSIV,2018,13044.96,4349.6,Petrol,Individual,Manual,First Owner,1086.0,68.0,47.75,5.0
Mahindra XUV500 W4,2018,27953.49,9320.6,Diesel,Individual,Manual,First Owner,2179.0,140.0,37.63,7.0
Chevrolet Beat LT,2016,5590.7,31068.6,Petrol,Individual,Manual,First Owner,1199.0,76.8,43.75,5.0
Mahindra Scorpio Intelli Hybrid S10,2016,33277.96,18641.1,Diesel,Individual,Manual,First Owner,2179.0,120.0,36.22,7.0
Maruti Swift VDI,2012,8519.16,74564.5,Diesel,Individual,Manual,Second Owner,1248.0,74.0,53.86,5.0
Chevrolet Optra Magnum 2.0 LT,2012,10648.95,39767.7,Diesel,Individual,Manual,First Owner,1991.0,123.7,38.86,5.0
Maruti Ritz VDi,2013,8519.16,74564.5,Diesel,Individual,Manual,First Owner,1248.0,73.94,54.57,5.0
Toyota Corolla Altis Diesel D4DG,2012,15973.42,52816.5,Diesel,Individual,Manual,First Owner,1364.0,87.2,50.41,5.0
Maruti Alto K10 2010-2014 VXI,2012,7321.15,31068.6,Petrol,Individual,Manual,First Owner,998.0,67.1,49.21,5.0
Maruti Alto LXi,2009,4525.8,36660.9,Petrol,Individual,Manual,Second Owner,796.0,46.3,46.34,5.0
Chevrolet Beat Diesel LT,2012,4126.47,60894.4,Diesel,Individual,Manual,First Owner,936.0,57.6,59.84,5.0
Renault Duster 85PS Diesel RxL Plus,2015,16505.87,86991.9,Diesel,Individual,Manual,Second Owner,1461.0,83.8,48.1,5.0
Hyundai Grand i10 1.2 Kappa Sportz Option,2017,14109.86,31068.6,Petrol,Individual,Manual,First Owner,1197.0,81.86,44.46,5.0
Toyota Etios Liva VD,2015,14642.3,24854.8,Diesel,Individual,Manual,First Owner,1364.0,67.04,55.49,5.0
Honda City i DTEC SV,2014,15973.42,55923.4,Diesel,Individual,Manual,First Owner,1498.0,98.6,61.16,5.0
Mahindra XUV500 W4,2014,17277.92,72700.4,Diesel,Individual,Manual,Third Owner,2179.0,140.0,35.52,7.0
Honda City i DTEC SV,2014,16638.98,55923.4,Diesel,Individual,Manual,First Owner,1498.0,98.6,61.16,5.0
Chevrolet Spark 1.0 PS,2010,3327.8,43496.0,Petrol,Individual,Manual,First Owner,995.0,63.0,37.63,5.0
Maruti SX4 ZXI MT BSIV Leather,2010,7587.38,96312.5,Petrol,Individual,Manual,Second Owner,1586.0,103.3,36.46,5.0
Tata Xenon XT EX 4X4,2015,15973.42,37282.3,Diesel,Individual,Manual,Second Owner,2179.0,138.03,31.73,5.0
Mahindra KUV 100 mFALCON G80 K8,2016,11341.13,68350.8,Petrol,Individual,Manual,First Owner,1198.0,82.0,42.69,6.0
Tata Indica Vista Terra 1.4 TDI,2010,4792.03,74564.5,Diesel,Individual,Manual,First Owner,1405.0,71.0,39.99,5.0
Hyundai Verna 1.6 VGT CRDi,2011,10648.95,62137.1,Diesel,Individual,Manual,Second Owner,1582.0,126.32,52.5,5.0
Chevrolet Beat LS,2010,3194.68,24854.8,Petrol,Individual,Manual,Second Owner,1199.0,79.4,43.75,5.0
Tata Manza Aura (ABS) Quadrajet BS IV,2012,7986.71,68350.8,Diesel,Individual,Manual,Second Owner,1248.0,88.8,49.68,5.0
Maruti Alto K10 2010-2014 VXI,2011,5058.25,57476.8,Petrol,Individual,Manual,Second Owner,998.0,67.1,49.21,5.0
Maruti Alto 800 LXI,2017,8252.93,12427.4,Petrol,Individual,Manual,First Owner,796.0,47.3,58.1,5.0
Renault KWID RXL,2019,10116.5,9320.6,Petrol,Individual,Manual,First Owner,799.0,53.3,59.2,5.0
Mahindra Bolero Power Plus ZLX,2019,19700.55,8699.2,Diesel,Individual,Manual,First Owner,1493.0,70.0,38.81,7.0
Datsun RediGO T Option,2016,6921.82,21748.0,Petrol,Individual,Manual,First Owner,799.0,53.64,53.39,5.0
Maruti Alto K10 VXI,2017,8519.16,19883.9,Petrol,Individual,Manual,Second Owner,998.0,67.05,56.33,5.0
Maruti Swift Dzire VXI 1.2 BS IV,2018,17304.54,21748.0,Petrol,Individual,Manual,First Owner,1197.0,81.8,51.75,5.0
Maruti Swift Dzire VDI,2017,17331.16,20194.6,Diesel,Individual,Manual,Second Owner,1248.0,74.02,66.8,5.0
Maruti Alto K10 VXI AGS,2019,10116.5,8699.2,Petrol,Individual,Automatic,First Owner,998.0,67.05,56.33,5.0
Chevrolet Beat Diesel LT,2014,4259.58,43496.0,Diesel,Individual,Manual,Third Owner,936.0,56.3,59.84,5.0
Hyundai Verna VTVT 1.6 AT SX Option,2019,33810.41,12427.4,Petrol,Individual,Automatic,First Owner,1591.0,121.3,39.99,5.0
Maruti Swift VDI Optional,2015,10782.06,62137.1,Diesel,Individual,Manual,First Owner,1248.0,74.0,59.27,5.0
Mahindra XUV500 W8 2WD,2015,22629.01,40264.8,Diesel,Individual,Manual,First Owner,2179.0,140.0,35.52,7.0
Mahindra Bolero Power Plus ZLX,2017,18103.21,55923.4,Diesel,Individual,Manual,First Owner,1493.0,70.0,38.81,7.0
Hyundai Xcent 1.2 Kappa SX Option,2014,11367.73,49709.7,Petrol,Individual,Manual,First Owner,1197.0,82.0,44.93,5.0
Hyundai Verna 1.4 CRDi,2015,13976.74,154100.0,Diesel,Individual,Manual,First Owner,1396.0,88.7,58.33,5.0
Toyota Innova 2.5 VX (Diesel) 7 Seater,2014,27154.79,37282.3,Diesel,Individual,Manual,Second Owner,2494.0,100.6,30.55,7.0
Toyota Innova 2.5 G2,2005,6522.48,74564.5,Diesel,Individual,Manual,First Owner,2494.0,102.0,30.11,8.0
Hyundai Elantra CRDi SX,2015,23161.44,74564.5,Diesel,Individual,Manual,First Owner,1582.0,126.2,53.39,5.0
Maruti Vitara Brezza VDi Option,2016,18635.66,53437.9,Diesel,Individual,Manual,First Owner,1248.0,88.5,57.16,5.0
Nissan Sunny Diesel XV,2012,7986.71,55923.4,Diesel,Individual,Manual,First Owner,1461.0,84.8,50.9,5.0
Honda Civic 1.8 S AT,2007,4658.91,135746.6,Petrol,Individual,Automatic,First Owner,1799.0,130.0,30.34,5.0
Toyota Innova 2.5 VX 8 STR,2012,25557.48,95069.8,Diesel,Individual,Manual,First Owner,2494.0,102.0,30.11,8.0
Mahindra Thar CRDe AC,2014,13976.74,43496.0,Diesel,Individual,Manual,Second Owner,2498.0,105.0,38.93,6.0
Hyundai Grand i10 CRDi Sportz,2015,9184.72,37282.3,Diesel,Individual,Manual,First Owner,1120.0,70.0,56.45,5.0
Honda Amaze S i-Vtech,2015,10382.72,31068.6,Petrol,Individual,Manual,First Owner,1198.0,86.7,42.34,5.0
Datsun GO T Option BSIV,2015,7321.15,12427.4,Petrol,Individual,Manual,First Owner,1198.0,67.0,48.52,5.0
Chevrolet Sail 1.2 LS ABS,2014,8252.93,21748.0,Petrol,Individual,Manual,First Owner,1199.0,82.4,42.81,5.0
Hyundai Grand i10 1.2 Kappa Sportz Dual Tone,2017,13311.18,12427.4,Petrol,Individual,Manual,First Owner,1197.0,81.86,44.46,5.0
Chevrolet Sail Hatchback LT ABS,2013,5324.47,43496.0,Diesel,Individual,Manual,First Owner,1248.0,76.9,51.98,5.0
Volkswagen Polo 2015-2019 1.5 TDI Highline Plus,2018,17304.54,32932.7,Diesel,Individual,Manual,First Owner,1498.0,88.0,47.37,5.0
Honda City i-DTEC VX,2018,27447.66,37282.3,Diesel,Individual,Manual,First Owner,1498.0,97.9,60.22,5.0
Hyundai EON 1.0 Era Plus,2018,8785.38,43496.0,Petrol,Individual,Manual,First Owner,998.0,68.05,47.75,5.0
Hyundai Santro Era,2019,10622.33,2485.5,Petrol,Individual,Manual,First Owner,1086.0,68.0,47.75,5.0
Hyundai i10 Magna,2012,6655.59,64001.2,Petrol,Individual,Manual,First Owner,1197.0,78.9,47.89,5.0
Hyundai Grand i10 1.2 CRDi Sportz Option,2017,15973.42,12427.4,Diesel,Individual,Manual,First Owner,1186.0,73.97,56.45,5.0
Maruti Swift VDI,2013,9983.39,47845.6,Diesel,Individual,Manual,First Owner,1248.0,74.0,53.86,5.0
Volkswagen Vento Diesel Highline,2012,9983.39,55923.4,Diesel,Individual,Manual,First Owner,1598.0,103.6,48.31,5.0
Hyundai Verna 1.6 CRDi EX MT,2013,11846.95,54174.2,Diesel,Individual,Manual,Second Owner,1582.0,126.3,52.5,5.0
Maruti Wagon R LXI,2003,1464.23,103769.0,Petrol,Individual,Manual,Second Owner,998.0,67.1,44.46,5.0
Hyundai i20 2015-2017 Asta 1.4 CRDi,2016,16266.27,47845.6,Diesel,Individual,Manual,First Owner,1396.0,88.73,53.02,5.0
Hyundai Verna 1.4 CRDi,2014,12246.26,68350.8,Diesel,Individual,Manual,Second Owner,1396.0,88.7,58.33,5.0
Ford Fiesta EXi 1.4 TDCi Ltd,2011,7321.15,74564.5,Diesel,Individual,Manual,Second Owner,1399.0,68.0,41.87,5.0
Hyundai Verna 1.6 SX,2012,10382.72,62137.1,Diesel,Individual,Manual,Second Owner,1582.0,126.32,52.5,5.0
Chevrolet Spark 1.0 LT,2007,1916.81,24854.8,Petrol,Individual,Manual,Second Owner,995.0,62.0,42.34,5.0
Tata Indica V2 DL BSIII,2007,2396.01,31068.6,Diesel,Individual,Manual,First Owner,1396.0,52.8,42.06,5.0
Toyota Etios GD,2015,13311.18,77671.4,Diesel,Individual,Manual,First Owner,1364.0,67.05,55.49,5.0
Mahindra XUV500 W9 BSIV,2019,41930.23,11184.7,Diesel,Individual,Manual,First Owner,2179.0,152.87,35.52,7.0
Hyundai Grand i10 Sportz,2015,13604.03,18641.1,Petrol,Individual,Manual,First Owner,1197.0,82.0,44.46,5.0
Fiat Grande Punto 1.4 Emotion,2009,3993.36,34175.4,Petrol,Individual,Manual,First Owner,1368.0,88.7,34.34,5.0
Toyota Innova Crysta 2.7 GX AT 8 STR,2020,39933.55,24854.8,Petrol,Individual,Automatic,First Owner,2694.0,163.7,25.29,8.0
Maruti Alto 800 LXI,2013,4925.14,49709.7,Petrol,Individual,Manual,Second Owner,796.0,47.3,53.49,5.0
Maruti Baleno Delta 1.2,2018,14642.3,18641.1,Petrol,Individual,Manual,First Owner,1197.0,83.1,50.34,5.0
Maruti Alto K10 VXI,2017,8652.27,2214.6,Petrol,Individual,Manual,First Owner,998.0,67.05,56.33,5.0
Maruti Swift Dzire VDI Optional,2015,13976.74,49709.7,Diesel,Individual,Manual,First Owner,1248.0,74.0,62.54,5.0
Force One SX ABS 7 Seating,2018,27953.49,8077.8,Diesel,Individual,Manual,First Owner,2200.0,139.01,39.99,7.0
Tata Indigo CS eVX,2012,7986.71,74564.5,Diesel,Individual,Manual,First Owner,1396.0,69.0,58.8,5.0
Chevrolet Beat LT,2011,3194.68,55923.4,Petrol,Individual,Manual,First Owner,1199.0,79.4,43.75,5.0
Hyundai Santro Xing GLS,2011,4525.8,31068.6,Petrol,Individual,Manual,Third Owner,1086.0,62.1,42.15,5.0
Tata Indigo CS eLX BS IV,2010,8519.16,26097.6,Diesel,Individual,Manual,First Owner,1396.0,69.0,54.17,5.0
Maruti Celerio ZXI AT,2016,9317.83,10563.3,Petrol,Individual,Automatic,First Owner,998.0,67.04,54.33,5.0
Maruti Swift AMT VXI,2018,13311.18,24854.8,Petrol,Individual,Automatic,First Owner,1197.0,81.8,51.75,5.0
Tata Indigo LS,2009,3594.02,85127.8,Diesel,Individual,Manual,Second Owner,1405.0,70.0,39.99,5.0
Renault KWID RXL,2018,9051.61,12427.4,Petrol,Individual,Manual,First Owner,799.0,53.3,59.2,5.0
Hyundai Grand i10 Sportz,2020,8785.38,43496.0,Petrol,Individual,Manual,Second Owner,1197.0,81.86,44.46,5.0
Maruti SX4 Vxi BSIV,2011,9317.83,30295.6,Petrol,Individual,Manual,Second Owner,1586.0,103.3,36.46,5.0
Toyota Fortuner 4x2 AT,2015,49251.38,18641.1,Diesel,Individual,Automatic,Second Owner,2982.0,168.5,29.52,7.0
Hyundai Xcent 1.1 CRDi SX,2016,10648.95,68350.8,Diesel,Individual,Manual,First Owner,1120.0,71.0,57.39,5.0
Ford Fiesta Classic 1.4 Duratorq CLXI,2014,8652.27,49909.8,Diesel,Dealer,Manual,First Owner,1399.0,67.0,41.87,5.0
Mahindra Scorpio 1.99 S4,2015,26622.37,21748.0,Diesel,Individual,Manual,First Owner,1997.0,120.0,36.22,7.0
Maruti SX4 ZDI Leather,2012,9317.83,43496.0,Diesel,Individual,Manual,Second Owner,1248.0,88.8,50.57,5.0
Honda Mobilio RS i DTEC,2015,14642.3,74564.5,Diesel,Individual,Manual,Second Owner,1498.0,98.6,57.63,7.0
Tata Safari Storme VX,2015,24625.69,37282.3,Diesel,Individual,Manual,First Owner,2179.0,138.1,32.93,7.0
Mahindra Scorpio VLX AT AIRBAG BSIV,2010,13577.38,60273.0,Diesel,Individual,Automatic,Second Owner,2179.0,120.0,27.73,8.0
Mahindra Xylo D2,2011,6655.59,62137.1,Diesel,Individual,Manual,Second Owner,2489.0,95.0,30.58,8.0
Hyundai i20 Active 1.2 SX,2015,13311.18,22369.4,Petrol,Individual,Manual,First Owner,1197.0,81.86,40.43,5.0
Hyundai Creta 1.4 CRDi S,2019,27953.49,16777.0,Diesel,Individual,Manual,First Owner,1396.0,88.7,50.29,5.0
Maruti Swift Dzire VDI,2014,13044.96,31068.6,Diesel,Individual,Manual,First Owner,1248.0,74.0,55.04,5.0
Maruti Eeco 5 Seater AC BSIV,2020,11048.28,9320.6,Petrol,Individual,Manual,First Owner,1196.0,73.0,36.15,5.0
Maruti Alto 800 LXI Anniversary Edition,2013,5058.25,37282.3,Petrol,Individual,Manual,Second Owner,796.0,47.3,53.49,5.0
Maruti Swift Dzire VDI,2018,18103.21,74564.5,Diesel,Individual,Manual,First Owner,1248.0,74.02,66.8,5.0
Maruti Alto 800 LXI Airbag,2013,5058.25,37282.3,Petrol,Individual,Manual,Second Owner,796.0,47.3,53.49,5.0
Mahindra Scorpio 2009-2014 SLE 7S BSIV,2013,12752.12,107497.2,Diesel,Individual,Manual,First Owner,2179.0,120.0,28.34,7.0
Maruti Alto 800 LXI,2016,7188.04,37282.3,Petrol,Individual,Manual,Second Owner,796.0,47.3,53.49,5.0
Hyundai i10 Era,2008,4525.8,43496.0,Petrol,Individual,Manual,Third Owner,1086.0,68.05,46.6,5.0
Maruti Ciaz 1.4 Alpha,2018,20339.49,15534.3,Petrol,Individual,Manual,First Owner,1373.0,91.1,48.76,5.0
Mahindra Bolero 2011-2019 SLE,2019,18901.88,18641.1,Diesel,Individual,Manual,First Owner,2523.0,62.1,37.54,7.0
Maruti Alto 800 VXI,2017,8252.93,21748.0,Petrol,Individual,Manual,First Owner,796.0,47.3,58.1,5.0
Mahindra Bolero Power Plus SLX,2017,16505.87,62137.1,Diesel,Individual,Manual,Second Owner,1493.0,70.0,38.81,7.0
Hyundai EON Sportz,2017,7454.26,19262.5,Petrol,Individual,Manual,Second Owner,814.0,55.2,49.63,5.0
Toyota Fortuner 4x2 AT,2015,39933.55,49709.7,Diesel,Individual,Automatic,Second Owner,2982.0,168.5,29.52,7.0
Hyundai Grand i10 Asta Option,2016,11980.07,24854.8,Petrol,Individual,Manual,First Owner,1197.0,82.0,44.46,5.0
Mercedes-Benz GLA Class 200 D Sport Edition,2017,58542.59,6213.7,Diesel,Individual,Automatic,Second Owner,2143.0,136.0,42.1,5.0
Mercedes-Benz M-Class ML 350 CDI,2013,95840.53,31068.6,Diesel,Individual,Automatic,First Owner,2987.0,254.8,27.61,5.0
Ford Fiesta Classic 1.6 SXI Duratec,2008,7587.38,37282.3,Petrol,Individual,Manual,Second Owner,1596.0,99.6,35.99,5.0
Toyota Innova 2.5 G (Diesel) 8 Seater BS IV,2007,12379.4,130487.9,Diesel,Individual,Manual,Second Owner,2494.0,102.0,30.11,8.0
BMW 3 Series 320d Highline,2009,29284.61,37282.3,Diesel,Individual,Automatic,Second Owner,1995.0,181.0,37.8,5.0
Volkswagen Vento Diesel Highline,2011,9317.83,68350.8,Diesel,Individual,Manual,Second Owner,1598.0,103.6,48.31,5.0
Maruti Ertiga BSIV LXI,2017,15973.42,21748.0,Petrol,Individual,Manual,First Owner,1373.0,91.1,41.16,7.0
Maruti Baleno Delta 1.2,2017,15174.75,21748.0,Petrol,Individual,Manual,First Owner,1197.0,83.1,50.34,5.0
Maruti Alto K10 VXI,2016,8652.27,12427.4,Petrol,Individual,Manual,First Owner,998.0,67.05,56.33,5.0
Mahindra XUV500 AT W6 1.99 mHawk,2016,25956.81,33554.0,Diesel,Individual,Automatic,First Owner,1997.0,140.0,37.63,7.0
Hyundai i20 2015-2017 Sportz Option 1.2,2015,12778.74,37282.3,Petrol,Individual,Manual,First Owner,1197.0,81.83,43.75,5.0
Maruti Alto 800 Base,2014,4925.14,6400.1,Petrol,Individual,Manual,First Owner,796.0,47.3,53.49,5.0
Hyundai Creta 1.6 CRDi AT SX Plus,2015,27953.49,31068.6,Diesel,Individual,Automatic,First Owner,1582.0,126.2,40.01,5.0
Maruti Baleno Alpha,2019,20233.0,1864.1,Petrol,Individual,Manual,First Owner,1197.0,81.8,49.42,5.0
Volkswagen Polo 2015-2019 1.0 MPI Trendline,2019,15174.75,3106.9,Petrol,Individual,Manual,First Owner,999.0,75.0,44.17,5.0
Maruti Baleno Alpha 1.2,2018,18635.66,8077.8,Petrol,Individual,Manual,First Owner,1197.0,83.1,50.34,5.0
Ford EcoSport 1.5 Ti VCT AT Titanium BSIV,2015,20632.34,18641.1,Petrol,Individual,Automatic,First Owner,1499.0,110.4,36.76,5.0
BMW 7 Series 730Ld,2007,19966.78,37282.3,Diesel,Individual,Automatic,Second Owner,2993.0,258.0,34.08,5.0
Chevrolet Spark 1.0 LS,2010,3727.13,62137.1,Petrol,Individual,Manual,Second Owner,995.0,62.0,42.34,5.0
Maruti Alto 800 Base,2016,5856.92,24854.8,Petrol,Individual,Manual,First Owner,796.0,47.3,53.49,5.0
Hyundai i20 2015-2017 Sportz 1.2,2017,11713.84,31068.6,Petrol,Individual,Manual,Second Owner,1197.0,81.83,43.75,5.0
Hyundai i20 Active 1.4 SX,2017,17304.54,49709.7,Diesel,Individual,Manual,First Owner,1396.0,88.73,49.84,5.0
Mahindra TUV 300 T8 AMT,2017,17570.76,31068.6,Diesel,Individual,Automatic,First Owner,1493.0,100.0,43.49,7.0
Toyota Corolla Altis Diesel D4DG,2012,11048.28,77671.4,Diesel,Individual,Manual,Second Owner,1364.0,87.2,50.41,5.0
Hyundai i10 Magna 1.1L,2012,5990.03,68350.8,Petrol,Individual,Manual,First Owner,1086.0,68.05,46.6,5.0
Maruti Ertiga VDI,2013,15973.42,18641.1,Diesel,Individual,Manual,Second Owner,1248.0,88.76,48.85,7.0
Maruti Ertiga ZDI,2014,16505.87,91962.9,Diesel,Individual,Manual,Second Owner,1248.0,88.8,48.85,7.0
Mahindra TUV 300 T6 Plus,2016,19966.78,21748.0,Diesel,Individual,Manual,First Owner,1493.0,100.0,43.49,7.0
Hyundai Grand i10 Magna,2016,10648.95,49709.7,Petrol,Individual,Manual,Second Owner,1197.0,82.0,44.46,5.0
Maruti Wagon R LX,2005,2928.46,68350.8,Petrol,Individual,Manual,First Owner,998.0,67.1,44.46,5.0
Tata Indica Vista TDI LS,2012,3168.06,59030.2,Diesel,Individual,Manual,Second Owner,1405.0,70.0,45.63,5.0
Honda Amaze S i-Dtech,2015,15973.42,15534.3,Diesel,Individual,Manual,First Owner,1498.0,98.6,60.69,5.0
Tata Zest Quadrajet 1.3 XMS,2014,7454.26,37282.3,Diesel,Individual,Manual,Second Owner,1248.0,88.7,54.1,5.0
Skoda Rapid 1.6 MPI Ambition,2013,9983.39,62137.1,Petrol,Individual,Manual,First Owner,1598.0,105.0,35.28,5.0
Datsun GO Plus T Option BSIV,2016,9317.83,31068.6,Petrol,Individual,Manual,First Owner,1198.0,67.0,45.73,7.0
Hyundai Xcent 1.2 CRDi SX Option,2017,16505.87,19262.5,Diesel,Individual,Manual,First Owner,1186.0,73.97,59.74,5.0
Maruti Swift Dzire VDI,2017,15174.75,74564.5,Diesel,Individual,Manual,First Owner,1248.0,74.0,62.54,5.0
Maruti Swift Dzire VDi,2012,7720.49,65244.0,Diesel,Individual,Manual,Second Owner,1248.0,73.9,45.4,5.0
Maruti Ertiga SHVS ZDI Plus,2016,18928.5,74564.5,Diesel,Individual,Manual,First Owner,1248.0,88.5,57.67,7.0
Maruti Swift VDI,2012,9850.28,37282.3,Diesel,Individual,Manual,First Owner,1248.0,74.0,53.86,5.0
Maruti Dzire LXI,2020,14642.3,9320.6,Petrol,Individual,Manual,First Owner,1197.0,88.5,54.71,5.0
Maruti Swift VXI,2013,8652.27,93205.6,Petrol,Individual,Manual,Second Owner,1197.0,85.8,43.75,5.0
Honda Amaze VX Diesel BSIV,2018,17836.99,57787.5,Diesel,Individual,Manual,First Owner,1498.0,98.63,64.45,5.0
Hyundai i10 Magna 1.1L,2017,10249.61,26097.6,Petrol,Individual,Manual,Second Owner,1086.0,68.05,46.6,5.0
Hyundai Santro Xing GLS,2008,3061.55,49709.7,Petrol,Individual,Manual,Second Owner,1086.0,62.1,42.15,5.0
Hyundai Santro Xing GLS,2010,5324.47,55923.4,Petrol,Individual,Manual,First Owner,1086.0,62.1,42.15,5.0
Maruti Vitara Brezza VDi AMT,2019,22895.24,4038.9,Diesel,Individual,Automatic,First Owner,1248.0,88.5,57.16,5.0
Maruti Baleno Delta 1.3,2018,15973.42,37282.3,Diesel,Individual,Manual,First Owner,1248.0,74.0,64.43,5.0
Maruti Alto K10 VXI,2016,7054.93,68350.8,Petrol,Individual,Manual,First Owner,998.0,67.05,56.33,5.0
Maruti S-Cross 2017-2020 Delta DDiS 200 SH,2019,23960.13,37282.3,Diesel,Individual,Manual,First Owner,1248.0,88.5,59.04,5.0
Maruti Ertiga VDI,2013,17304.54,105633.1,Diesel,Individual,Manual,Third Owner,1248.0,88.76,48.85,7.0
Maruti 800 EX,2004,1863.57,136701.6,Petrol,Individual,Manual,Second Owner,796.0,37.0,37.87,4.0
Maruti Alto 800 LXI,2012,4792.03,49709.7,Petrol,Individual,Manual,First Owner,796.0,47.3,53.49,5.0
Hyundai EON Magna Plus,2013,5324.47,35418.1,Petrol,Individual,Manual,First Owner,814.0,55.2,49.63,5.0
Hyundai i10 Magna 1.1L,2014,7986.71,62137.1,Petrol,Individual,Manual,First Owner,1086.0,68.05,46.6,5.0
Hyundai Verna 1.6 VTVT S,2015,17304.54,24854.8,Petrol,Individual,Manual,First Owner,1591.0,121.3,40.01,5.0
Maruti Alto 800 LXI,2014,7108.17,24854.8,Petrol,Individual,Manual,First Owner,796.0,47.3,53.49,5.0
Hyundai Grand i10 Sportz,2014,10648.95,55923.4,Petrol,Individual,Manual,Second Owner,1197.0,82.0,44.46,5.0
Mahindra Xylo D4 BSIV,2012,8252.93,53437.9,Diesel,Individual,Manual,First Owner,2498.0,112.0,32.93,8.0
Tata Nano Cx,2009,1863.57,9320.6,Petrol,Individual,Manual,First Owner,624.0,35.0,61.16,4.0
Mahindra Bolero 2011-2019 EX AC,2017,17970.1,43496.0,Diesel,Individual,Manual,Second Owner,2523.0,62.1,37.54,7.0
Ford Classic 1.6 Duratec Titanium,2013,9317.83,74564.5,Petrol,Individual,Manual,First Owner,1596.0,99.6,33.14,5.0
Maruti Alto K10 VXI,2014,6389.37,49709.7,Petrol,Individual,Manual,Second Owner,998.0,67.05,56.33,5.0
Tata Indigo CS LX (TDI) BS-III,2014,4925.14,49709.7,Diesel,Individual,Manual,Second Owner,1405.0,69.01,44.9,5.0
Hyundai EON Era Plus,2017,6655.59,31068.6,Petrol,Individual,Manual,First Owner,814.0,55.2,49.63,5.0
Maruti Alto LXi,2009,3594.02,62137.1,Petrol,Individual,Manual,First Owner,796.0,46.3,46.34,5.0
Hyundai Verna 1.6 SX,2011,13311.18,49709.7,Diesel,Individual,Manual,First Owner,1582.0,126.32,52.5,5.0
Tata New Safari DICOR 2.2 VX 4x2,2010,7986.71,67702.7,Diesel,Individual,Manual,First Owner,2179.0,138.0,32.77,7.0
Tata Tiago 1.2 Revotron XT,2017,8732.14,42253.2,Petrol,Individual,Manual,Second Owner,1199.0,84.0,56.08,5.0
Mahindra Bolero 2011-2019 SLE BSIII,2015,13577.38,40389.1,Diesel,Individual,Manual,First Owner,2523.0,62.1,37.54,7.0
Mahindra Xylo H9,2015,15307.86,68350.8,Diesel,Individual,Manual,Second Owner,2179.0,118.3,32.98,8.0
Mahindra Xylo E8 ABS Airbag BSIV,2012,18635.66,31068.6,Diesel,Individual,Manual,First Owner,2498.0,112.0,28.7,8.0
Maruti Wagon R LXI Minor,2008,2795.35,62137.1,Petrol,Individual,Manual,Third Owner,1061.0,67.0,44.46,5.0
Maruti 800 AC,2008,1597.34,49709.7,Petrol,Individual,Manual,Second Owner,796.0,37.0,37.87,4.0
Maruti Alto LXi BSIII,2008,3008.3,49709.7,Petrol,Individual,Manual,Third Owner,796.0,46.3,46.34,5.0
Tata Indica Vista TDI LS,2015,6123.12,74564.5,Diesel,Individual,Manual,Second Owner,1405.0,70.0,44.93,5.0
Ford Figo Diesel ZXI,2012,8652.27,93205.6,Diesel,Individual,Manual,First Owner,1399.0,68.0,47.04,5.0
Hyundai i20 1.2 Spotz,2017,17304.54,12427.4,Petrol,Individual,Manual,First Owner,1197.0,81.83,43.75,5.0
Tata Indigo LX,2009,2262.9,49709.7,Diesel,Individual,Manual,Second Owner,1405.0,70.0,39.99,5.0
Honda Mobilio RS Option i DTEC,2015,15174.75,57787.5,Diesel,Individual,Manual,Second Owner,1498.0,98.6,57.63,7.0
Maruti Swift VDI BSIV,2015,13976.74,83263.7,Diesel,Individual,Manual,First Owner,1248.0,74.0,59.27,5.0
Hyundai i20 Magna,2013,9317.83,55923.4,Petrol,Individual,Manual,Second Owner,1197.0,82.85,43.51,5.0
Maruti Swift VXI with ABS,2007,6655.59,37282.3,Petrol,Individual,Manual,First Owner,1197.0,85.0,39.05,5.0
Mahindra Xylo D2 BS IV,2010,7986.71,74564.5,Diesel,Individual,Manual,Second Owner,2489.0,95.0,32.93,8.0
Jeep Compass 2.0 Limited Option,2017,35274.64,18641.1,Diesel,Individual,Manual,First Owner,1956.0,170.0,40.22,5.0
Hyundai i20 2015-2017 Asta 1.4 CRDi,2017,17304.54,13794.4,Diesel,Individual,Manual,First Owner,1396.0,88.73,53.02,5.0
Hyundai Grand i10 1.2 Kappa Sportz Option,2018,13843.63,3728.2,Petrol,Individual,Manual,First Owner,1197.0,81.86,44.46,5.0
Maruti Swift VXI Deca,2016,13311.18,19883.9,Petrol,Individual,Manual,First Owner,1197.0,81.8,47.98,5.0
Renault KWID RXL,2016,5856.92,55923.4,Petrol,Individual,Manual,First Owner,799.0,53.3,59.2,5.0
Maruti Ciaz 1.3 Alpha,2017,17304.54,48466.9,Diesel,Individual,Manual,Third Owner,1248.0,88.5,66.07,5.0
Honda WR-V i-VTEC VX,2017,21830.32,7456.5,Petrol,Individual,Manual,First Owner,1199.0,88.7,41.16,5.0
Renault Duster 85PS Diesel RxL Explore,2016,17171.43,74564.5,Diesel,Individual,Manual,First Owner,1461.0,83.8,46.74,5.0
Maruti Ertiga SHVS VDI,2015,20765.45,24854.8,Diesel,Individual,Manual,First Owner,1248.0,88.5,57.67,7.0
Honda City 2017-2020 EXi,2008,5723.81,68350.8,Petrol,Individual,Manual,Second Owner,1497.0,78.0,41.63,5.0
Toyota Innova 2.5 V Diesel 7-seater,2007,15973.42,161556.5,Diesel,Individual,Manual,Third Owner,2494.0,102.0,30.11,7.0
Maruti Alto LX,2011,3061.55,6213.7,Petrol,Individual,Manual,First Owner,796.0,46.3,46.34,5.0
Tata Indica V2 LSi,2012,1996.68,7456.5,Petrol,Individual,Manual,First Owner,1193.0,64.4,39.61,5.0
Chevrolet Beat LT,2011,3194.68,37282.3,Petrol,Individual,Manual,First Owner,1199.0,79.4,43.75,5.0
Renault KWID RXT Optional,2016,6655.59,25476.2,Petrol,Individual,Manual,First Owner,799.0,53.3,59.2,5.0
Maruti Omni E MPI STD BS IV,2018,5324.47,15534.3,Petrol,Individual,Manual,First Owner,796.0,34.2,39.52,8.0
Hyundai Xcent 1.2 Kappa S,2015,10116.5,18641.1,Petrol,Individual,Manual,First Owner,1197.0,82.0,44.93,5.0
Honda Amaze S Option i-DTEC,2018,14908.53,31068.6,Diesel,Individual,Manual,First Owner,1498.0,98.6,60.69,5.0
Maruti Ignis 1.2 Zeta BSIV,2018,15307.86,6213.7,Petrol,Individual,Manual,First Owner,1197.0,81.8,49.14,5.0
Mahindra Bolero Power Plus SLE,2017,16505.87,24854.8,Diesel,Individual,Manual,First Owner,1493.0,70.0,38.81,7.0
Mahindra Scorpio VLX 2WD AIRBAG BSIII,2012,13976.74,74564.5,Diesel,Individual,Manual,First Owner,2179.0,120.0,28.34,8.0
Maruti Swift Dzire VDI,2017,16905.2,24854.8,Diesel,Individual,Manual,First Owner,1248.0,74.0,62.54,5.0
Renault Duster Adventure Edition RXZ AWD,2016,17304.54,49709.7,Diesel,Individual,Manual,First Owner,1461.0,108.45,46.38,5.0
Maruti 800 Std,2001,1038.27,26164.7,Petrol,Individual,Manual,First Owner,796.0,37.0,37.87,4.0
Ford Figo Aspire 1.5 TDCi Titanium Opt,2017,14642.3,43496.0,Diesel,Individual,Manual,Second Owner,1498.0,99.0,60.76,5.0
Maruti Ritz VDi,2009,3860.24,93205.6,Diesel,Individual,Manual,Third Owner,1248.0,73.9,49.63,5.0
Tata Indigo LS,2007,3460.91,62137.1,Diesel,Individual,Manual,Third Owner,1405.0,70.0,37.87,5.0
Maruti Ertiga ZDI Plus,2017,21963.46,49088.3,Diesel,Dealer,Manual,First Owner,1248.0,88.5,59.91,7.0
Toyota Fortuner 4x2 AT,2015,43926.91,56544.8,Diesel,Dealer,Automatic,Second Owner,2982.0,168.5,29.52,7.0
Maruti Vitara Brezza ZDi,2018,23294.57,31068.6,Diesel,Dealer,Manual,First Owner,1248.0,88.5,57.16,5.0
Maruti Ciaz ZDi Plus SHVS,2016,17304.54,50331.1,Diesel,Dealer,Manual,Second Owner,1248.0,88.5,66.07,5.0
Jaguar XF 3.0 Litre S Premium Luxury,2014,53244.74,31689.9,Diesel,Individual,Automatic,First Owner,2993.0,270.9,34.67,5.0
BMW X1 sDrive 20d Sportline,2018,75873.75,16777.0,Diesel,Dealer,Automatic,First Owner,1995.0,184.0,40.1,5.0
Audi Q3 35 TDI Quattro Premium Plus,2018,74542.64,16155.6,Diesel,Dealer,Automatic,First Owner,1968.0,174.33,37.0,5.0
BMW 5 Series 520d Sport Line,2018,103827.24,10625.4,Diesel,Dealer,Automatic,First Owner,1995.0,187.74,52.88,5.0
Chevrolet Sail 1.3 LS,2013,6549.1,34796.8,Diesel,Dealer,Manual,First Owner,1248.0,74.0,51.98,5.0
Honda Amaze S Diesel,2013,8652.27,37282.3,Diesel,Dealer,Manual,Second Owner,1498.0,98.63,58.1,5.0
Jeep Compass 1.4 Limited,2019,38602.44,13670.2,Petrol,Dealer,Automatic,First Owner,1368.0,160.0,37.63,5.0
Honda BRV i-VTEC V CVT,2017,22629.01,18641.1,Petrol,Dealer,Automatic,First Owner,1497.0,117.3,36.22,7.0
Volkswagen Vento 1.5 TDI Comfortline,2015,14908.53,26719.6,Diesel,Dealer,Manual,First Owner,1498.0,108.6,52.38,5.0
Maruti Ertiga VDI,2015,15307.86,37282.3,Diesel,Dealer,Manual,First Owner,1248.0,88.5,59.91,7.0
Maruti Celerio VXi AMT,2019,12512.51,5592.3,Petrol,Dealer,Automatic,First Owner,998.0,67.04,50.88,5.0
Tata Indigo CS LS (TDI) BS-III,2014,5883.54,40389.1,Diesel,Dealer,Manual,First Owner,1405.0,69.01,44.9,5.0
Toyota Innova 2.5 G (Diesel) 8 Seater,2014,18103.21,59030.2,Diesel,Dealer,Manual,First Owner,2494.0,100.6,30.55,8.0
Ford Endeavour 2.5L 4X2,2013,18635.66,38525.0,Diesel,Dealer,Manual,First Owner,2499.0,141.0,30.81,7.0
Volvo S60 D4 SUMMUM,2016,51913.62,29825.8,Diesel,Dealer,Automatic,First Owner,1984.0,181.0,21.17,5.0
Hyundai Creta 1.6 CRDi AT SX Plus,2015,23294.57,44738.7,Diesel,Dealer,Automatic,First Owner,1582.0,126.2,40.01,5.0
Hyundai Verna CRDi 1.6 SX Option,2017,22629.01,21748.0,Diesel,Individual,Manual,Third Owner,1582.0,126.2,51.75,5.0
Renault Duster 85PS Diesel RxL Optional,2013,14642.3,62509.9,Diesel,Individual,Manual,Third Owner,1461.0,83.8,48.12,5.0
Maruti Swift Dzire VDI,2013,12778.74,65244.0,Diesel,Individual,Manual,Third Owner,1248.0,74.0,55.04,5.0
Mahindra Scorpio Intelli Hybrid S10 4WD,2017,27953.49,55923.4,Diesel,Individual,Manual,First Owner,2179.0,120.0,36.22,7.0
Mahindra Bolero 2011-2019 ZLX,2016,16798.72,57405.4,Diesel,Individual,Manual,First Owner,2523.0,62.1,37.54,7.0
Tata Nano Twist XT,2015,4392.69,15534.3,Petrol,Individual,Manual,First Owner,624.0,37.5,59.74,4.0
Maruti Ritz VXI,2010,8519.16,37282.3,Petrol,Individual,Manual,Second Owner,1197.0,85.8,49.63,5.0
Maruti Ritz ZXi,2012,9584.05,62137.1,Petrol,Individual,Manual,Second Owner,1197.0,85.8,43.51,5.0
Hyundai Elantra GT,2006,4658.91,15534.3,Petrol,Individual,Manual,Third Owner,1795.0,127.0,30.58,5.0
Hyundai i20 2015-2017 Asta Option 1.4 CRDi,2016,19301.22,74564.5,Diesel,Individual,Manual,First Owner,1396.0,88.73,53.02,5.0
Fiat Linea Classic 1.3 Multijet,2014,7454.26,114953.6,Diesel,Individual,Manual,Third Owner,1248.0,75.0,45.87,5.0
Volkswagen Polo Diesel Highline 1.2L,2011,8652.27,83263.7,Diesel,Individual,Manual,Second Owner,1199.0,73.9,51.91,5.0
Ford Figo Diesel ZXI,2014,8519.16,74564.5,Diesel,Individual,Manual,Third Owner,1399.0,68.05,47.04,5.0
Hyundai Grand i10 1.2 Kappa Sportz BSIV,2018,13311.18,74564.5,Petrol,Individual,Manual,First Owner,1197.0,81.86,44.46,5.0
Mahindra XUV500 W6 2WD,2014,21963.46,102526.2,Diesel,Individual,Manual,Second Owner,2179.0,140.0,35.52,7.0
Maruti Ritz LDi,2016,9317.83,74564.5,Diesel,Individual,Manual,Third Owner,1248.0,73.94,54.57,5.0
Hyundai i20 1.4 CRDi Sportz,2011,12512.51,55302.0,Diesel,Individual,Manual,First Owner,1396.0,90.0,54.1,5.0
Mahindra Renault Logan 1.5 DLE Diesel,2009,3327.8,74564.5,Diesel,Individual,Manual,Third Owner,1461.0,65.0,45.16,5.0
Hyundai Elantra GLS,2006,3727.13,74564.5,Petrol,Individual,Automatic,First Owner,1795.0,127.0,30.81,5.0
Honda Amaze VX i-DTEC,2013,12911.82,31068.6,Diesel,Individual,Manual,First Owner,1498.0,98.6,60.69,5.0
Maruti Alto 800 LXI,2018,8199.69,9320.6,Petrol,Individual,Manual,First Owner,796.0,47.3,58.1,5.0
Hyundai Grand i10 1.2 Kappa Sportz BSIV,2019,15174.75,8077.8,Petrol,Individual,Manual,First Owner,1197.0,81.86,44.46,5.0
Toyota Fortuner 3.0 Diesel,2010,23960.13,149129.0,Diesel,Individual,Manual,First Owner,2982.0,171.0,27.05,7.0
Jeep Compass 2.0 Limited 4X4,2017,47920.27,27961.7,Diesel,Individual,Manual,First Owner,1956.0,170.0,38.34,5.0
Maruti Swift Dzire AMT VXI,2018,18103.21,17398.4,Petrol,Individual,Automatic,First Owner,1197.0,81.8,49.89,5.0
Maruti Swift Dzire ZDI,2017,18635.66,43496.0,Diesel,Individual,Manual,First Owner,1248.0,74.02,66.8,5.0
Mahindra Xylo E4,2011,6389.37,72079.0,Diesel,Individual,Manual,First Owner,2498.0,112.0,32.93,7.0
Hyundai EON Era Plus,2014,7454.26,55923.4,Petrol,Individual,Manual,First Owner,814.0,55.2,49.63,5.0
Tata Indica Vista Aqua 1.4 TDI,2010,3327.8,74564.5,Diesel,Individual,Manual,Second Owner,1405.0,71.0,39.99,5.0
Volvo V40 Cross Country D3,2013,31946.84,45049.4,Diesel,Individual,Automatic,Second Owner,1984.0,150.0,54.81,5.0
Volkswagen Vento Diesel Highline,2013,10648.95,74564.5,Diesel,Individual,Manual,Second Owner,1598.0,103.6,48.31,5.0
Mahindra XUV500 W6 2WD,2014,22629.01,74564.5,Diesel,Individual,Manual,First Owner,2179.0,140.0,35.52,7.0
Hyundai i20 Asta 1.4 CRDi,2014,12645.63,51573.8,Diesel,Individual,Manual,Second Owner,1396.0,88.73,53.02,5.0
Ford Ikon 1.6 EXi NXt,2003,3993.36,24854.8,Petrol,Individual,Manual,Third Owner,1597.0,92.0,33.4,5.0
Toyota Fortuner 2.8 2WD MT BSIV,2018,77204.87,28583.1,Diesel,Individual,Manual,First Owner,2755.0,174.5,33.49,7.0
Toyota Innova 2.5 VX (Diesel) 7 Seater,2015,29284.61,85127.8,Diesel,Individual,Manual,First Owner,2494.0,100.6,30.55,7.0
Maruti Alto 800 LXI,2017,7587.38,15534.3,Petrol,Individual,Manual,Second Owner,796.0,47.3,58.1,5.0
Hyundai Grand i10 1.2 CRDi Asta,2018,17304.54,31068.6,Diesel,Individual,Manual,First Owner,1186.0,73.97,56.45,5.0
Maruti A-Star Vxi,2012,7321.15,37282.3,Petrol,Individual,Manual,First Owner,998.0,66.1,44.69,5.0
Maruti 800 AC,2000,1597.34,62137.1,Petrol,Individual,Manual,Second Owner,796.0,37.0,37.87,4.0
Mahindra Logan Diesel 1.5 DLS,2011,6123.12,65244.0,Diesel,Individual,Manual,Second Owner,1461.0,65.0,45.16,5.0
Maruti Alto K10 LX,2015,7986.71,12427.4,Petrol,Individual,Manual,First Owner,998.0,67.05,56.33,5.0
Maruti Ertiga SHVS ZDI Plus,2016,25025.03,31068.6,Diesel,Individual,Manual,First Owner,1248.0,88.5,57.67,7.0
Maruti Ciaz ZDi,2015,15973.42,74564.5,Diesel,Individual,Manual,Second Owner,1248.0,88.5,61.65,5.0
Maruti Baleno Alpha 1.3,2017,21297.9,43496.0,Diesel,Individual,Manual,First Owner,1248.0,74.0,64.43,5.0
Nissan Sunny XV D,2017,15440.97,55923.4,Diesel,Individual,Manual,Second Owner,1461.0,84.8,53.42,5.0
Tata Tigor 1.2 Revotron XT,2018,11980.07,46602.8,Petrol,Individual,Manual,First Owner,1199.0,84.0,47.75,5.0
Chevrolet Optra Magnum 2.0 LS,2011,7720.49,51263.1,Diesel,Individual,Manual,Second Owner,1991.0,123.7,38.86,5.0
Honda Amaze VX i-DTEC,2014,14109.86,68350.8,Diesel,Individual,Manual,First Owner,1498.0,98.6,60.69,5.0
Hyundai Verna CRDi 1.4 EX,2019,25557.48,12427.4,Diesel,Individual,Manual,First Owner,1396.0,88.76,56.45,5.0
Honda City 1.5 S MT,2009,7720.49,68350.8,Petrol,Individual,Manual,Third Owner,1497.0,118.0,39.99,5.0
Mitsubishi Lancer 2.0 L Diesel LX,2008,4259.58,62137.1,Diesel,Individual,Manual,First Owner,1998.0,68.0,34.81,5.0
Maruti Celerio X ZXI Option BSIV,2017,10648.95,32311.3,Petrol,Individual,Manual,First Owner,998.0,67.0,50.88,5.0
Maruti Vitara Brezza LDi Option,2017,18635.66,55923.4,Diesel,Individual,Manual,First Owner,1248.0,88.5,57.16,5.0
Volkswagen Vento Diesel Highline,2012,9610.68,55923.4,Diesel,Individual,Manual,First Owner,1598.0,103.6,48.31,5.0
Hyundai i20 Magna 1.4 CRDi (Diesel),2013,10382.72,32932.7,Diesel,Individual,Manual,Second Owner,1396.0,88.76,51.51,5.0
Tata Indica Vista Aqua 1.3 Quadrajet BSIV,2012,5324.47,111846.8,Diesel,Individual,Manual,First Owner,1248.0,75.0,43.28,5.0
Maruti Swift VDI,2013,13311.18,32932.7,Diesel,Individual,Manual,First Owner,1248.0,74.0,53.86,5.0
Maruti Alto LXi,2011,5324.47,31441.4,Petrol,Individual,Manual,First Owner,796.0,46.3,46.34,5.0
Ford EcoSport 1.5 Ti VCT MT Titanium BSIV,2015,18103.21,31068.6,Petrol,Individual,Manual,First Owner,1499.0,110.4,37.28,5.0
Maruti Alto 800 LXI,2013,6256.26,32311.3,Petrol,Dealer,Manual,First Owner,796.0,47.3,58.1,5.0
Mahindra XUV500 W11 Option BSIV,2018,45258.03,9320.6,Diesel,Individual,Manual,First Owner,2179.0,152.87,35.52,7.0
Mahindra XUV500 AT W10 FWD,2015,31946.84,31068.6,Diesel,Individual,Automatic,Second Owner,2179.0,140.0,37.63,7.0
Honda City i DTEC VX,2014,16772.09,34796.8,Diesel,Individual,Manual,Second Owner,1498.0,98.6,59.04,5.0
Ford Figo Aspire 1.5 TDCi Trend,2018,17038.32,50952.4,Diesel,Individual,Manual,First Owner,1498.0,99.0,60.76,5.0
Hyundai Xcent 1.2 Kappa S,2014,9450.94,75185.9,Petrol,Dealer,Manual,First Owner,1197.0,82.0,44.93,5.0
Mahindra Scorpio VLX 2WD AIRBAG BSIV,2012,14908.53,63319.6,Diesel,Individual,Manual,Second Owner,2179.0,120.0,28.34,8.0
Maruti Swift Dzire Tour LDI,2018,15440.97,74564.5,Diesel,Individual,Manual,First Owner,1248.0,74.0,55.04,5.0
Ford Figo Diesel EXI Option,2010,4925.14,53169.5,Diesel,Dealer,Manual,First Owner,1399.0,68.0,43.51,5.0
Maruti Baleno Zeta Automatic,2019,17570.76,6213.7,Petrol,Individual,Automatic,First Owner,1197.0,83.1,50.34,5.0
Hyundai EON 1.0 Kappa Magna Plus,2014,5856.92,6213.7,Petrol,Individual,Manual,First Owner,998.0,68.05,47.75,5.0
Hyundai Santro Xing GLS,2007,3993.36,37282.3,Petrol,Individual,Manual,Fourth & Above Owner,1086.0,62.1,42.15,5.0
Mahindra Scorpio M2DI,2011,12911.82,49709.7,Diesel,Individual,Manual,Second Owner,2179.0,115.0,31.75,5.0
Maruti Swift LXI,2019,13577.38,6213.7,Petrol,Individual,Manual,First Owner,1197.0,81.8,49.89,5.0
Mahindra Bolero 2011-2019 ZLX BSIII,2014,13710.52,37282.3,Diesel,Individual,Manual,First Owner,2523.0,62.1,37.54,7.0
Mercedes-Benz B Class B180 Sports,2014,33277.96,26097.6,Petrol,Individual,Automatic,First Owner,1595.0,120.7,27.99,5.0
Chevrolet Enjoy TCDi LS 8 Seater,2014,9317.83,31068.6,Diesel,Individual,Manual,Fourth & Above Owner,1248.0,73.8,42.81,8.0
Maruti Alto K10 VXI,2018,9983.39,7145.8,Petrol,Individual,Manual,First Owner,998.0,67.05,56.33,5.0
Hyundai Creta 1.4 E Plus,2019,25291.25,9320.6,Diesel,Individual,Manual,First Owner,1396.0,88.7,51.98,5.0
Maruti Swift Dzire ZDI,2015,16372.76,19883.9,Diesel,Individual,Manual,First Owner,1248.0,74.0,62.54,5.0
Maruti Swift LXI,2011,7321.15,31068.6,Petrol,Individual,Manual,First Owner,1197.0,85.8,43.75,5.0
BMW X7 xDrive 30d DPE,2020,191681.06,3106.9,Diesel,Individual,Automatic,First Owner,2993.0,265.0,31.47,7.0
Maruti Eeco 5 Seater AC BSIV,2017,10648.95,6213.7,Petrol,Individual,Manual,First Owner,1196.0,73.0,36.15,5.0
Maruti S-Cross 2017-2020 Zeta DDiS 200 SH,2019,24758.8,9320.6,Diesel,Individual,Manual,First Owner,1248.0,88.5,59.04,5.0
Maruti Swift Dzire VXI,2012,8252.93,62137.1,Petrol,Individual,Manual,First Owner,1197.0,85.8,44.93,5.0
Toyota Innova Crysta 2.4 VX MT BSIV,2016,44459.36,15534.3,Diesel,Individual,Manual,Second Owner,2393.0,147.8,32.18,7.0
Maruti Swift Dzire LDI,2013,9477.56,43496.0,Diesel,Individual,Manual,Second Owner,1248.0,74.0,55.04,5.0
Honda City V MT,2013,13311.18,19883.9,Petrol,Individual,Manual,First Owner,1497.0,116.3,39.52,5.0
Tata Tiago 1.2 Revotron XT,2018,10915.15,21748.0,Petrol,Individual,Manual,Second Owner,1199.0,84.0,56.08,5.0
Maruti Vitara Brezza ZDi Plus,2019,26089.92,31068.6,Diesel,Individual,Manual,First Owner,1248.0,88.5,57.16,5.0
Mahindra Bolero DI,2005,3993.36,62137.1,Diesel,Individual,Manual,Second Owner,2523.0,63.0,31.99,7.0
Honda Jazz VX CVT,2019,19966.78,1926.3,Petrol,Individual,Automatic,First Owner,1199.0,88.7,42.81,5.0
Skoda Superb Elegance 1.8 TSI AT,2013,13311.18,37282.3,Petrol,Individual,Automatic,First Owner,1798.0,157.75,32.22,5.0
Maruti Swift VDI,2013,9450.94,105633.1,Diesel,Individual,Manual,First Owner,1248.0,74.0,53.86,5.0
Tata Indica Vista Aqua TDI BSIII,2011,5324.47,31068.6,Diesel,Individual,Manual,Second Owner,1405.0,71.0,39.99,5.0
Toyota Innova 2.5 G (Diesel) 7 Seater BS IV,2008,9850.28,74564.5,Diesel,Individual,Manual,Second Owner,2494.0,102.0,30.11,8.0
Hyundai Xcent 1.2 Kappa SX Option,2015,11980.07,12427.4,Petrol,Individual,Manual,First Owner,1197.0,82.0,44.93,5.0
Hyundai Grand i10 Sportz,2015,12938.47,6213.7,Petrol,Individual,Manual,First Owner,1197.0,82.0,44.46,5.0
Maruti SX4 Celebration Diesel,2011,6442.61,74564.5,Diesel,Individual,Manual,First Owner,1248.0,88.8,50.57,5.0
Hyundai Grand i10 1.2 Kappa Asta,2018,15440.97,15534.3,Petrol,Individual,Manual,First Owner,1197.0,81.86,44.46,5.0
Ford EcoSport 1.5 TDCi Titanium BSIV,2014,13311.18,80778.2,Diesel,Individual,Manual,Second Owner,1498.0,98.59,53.56,5.0
Mahindra Quanto C6,2013,7986.71,24854.8,Diesel,Individual,Manual,First Owner,1493.0,100.0,40.48,7.0
Mahindra Thar DI 4X4 PS,2016,18901.88,37282.3,Diesel,Individual,Manual,First Owner,2523.0,63.0,42.48,7.0
Skoda Fabia 1.2 TDI Ambition Plus,2012,5856.92,43496.0,Diesel,Individual,Manual,Third Owner,1199.0,75.0,49.07,5.0
Maruti Swift AMT VXI,2020,17411.03,621.4,Petrol,Individual,Automatic,First Owner,1197.0,81.8,49.89,5.0
Skoda Rapid 1.6 MPI AT Ambition BSIV,2019,22229.68,6213.7,Petrol,Individual,Automatic,First Owner,1598.0,103.2,34.91,5.0
Ford Fiesta 1.6 ZXi ABS,2010,6655.59,29204.4,Petrol,Individual,Manual,First Owner,1596.0,101.0,35.99,5.0
Maruti Swift VXI,2019,15973.42,11184.7,Petrol,Individual,Manual,First Owner,1197.0,81.8,49.89,5.0
Maruti Swift Dzire VXI,2016,12246.26,37282.3,Petrol,Individual,Manual,First Owner,1197.0,83.14,49.04,5.0
Renault KWID 1.0 RXL,2018,7321.15,12427.4,Petrol,Individual,Manual,First Owner,999.0,67.0,54.12,5.0
Ford Figo 1.2P Titanium MT,2017,10861.93,37282.3,Petrol,Individual,Manual,First Owner,1196.0,86.8,42.72,5.0
Mahindra XUV500 W5 BSIV,2018,31946.84,15534.3,Diesel,Individual,Manual,First Owner,2179.0,152.87,35.52,7.0
Hyundai Xcent 1.2 Kappa S Option,2014,9983.39,32311.3,Petrol,Individual,Manual,First Owner,1197.0,81.86,44.93,5.0
Maruti Alto LXi,2006,2515.81,27340.3,Petrol,Individual,Manual,First Owner,796.0,46.3,46.34,5.0
Volkswagen Polo Petrol Comfortline 1.2L,2011,7986.71,10563.3,Petrol,Individual,Manual,First Owner,1198.0,73.9,38.74,5.0
Honda City 1.5 E MT,2009,9317.83,21748.0,Petrol,Individual,Manual,First Owner,1497.0,118.0,39.99,5.0
Toyota Fortuner 3.0 Diesel,2011,25956.81,74564.5,Diesel,Individual,Manual,Third Owner,2982.0,171.0,27.05,7.0
Hyundai i20 Asta 1.2,2015,15973.42,62137.1,Petrol,Individual,Manual,First Owner,1197.0,81.83,43.75,5.0
Toyota Innova 2.5 G (Diesel) 7 Seater,2014,18635.66,186411.3,Diesel,Individual,Manual,Second Owner,2494.0,100.6,30.55,7.0
Mahindra Bolero Power Plus ZLX,2017,17038.32,55923.4,Diesel,Individual,Manual,First Owner,1493.0,70.0,38.81,7.0
Hyundai Creta 1.6 CRDi SX Option,2017,29550.83,115575.0,Diesel,Individual,Manual,First Owner,1582.0,126.2,46.27,5.0
Maruti Ertiga VDI,2014,15174.75,49088.3,Diesel,Individual,Manual,Second Owner,1248.0,88.76,48.85,7.0
Toyota Innova 2.5 E Diesel MS 7-seater,2010,12033.28,74564.5,Diesel,Individual,Manual,First Owner,2494.0,102.0,30.11,7.0
Renault KWID RXT,2016,6389.37,36847.3,Petrol,Individual,Manual,First Owner,799.0,53.3,59.2,5.0
Mahindra Scorpio S2 7 Seater,2014,18103.21,74564.5,Diesel,Individual,Manual,First Owner,2523.0,75.0,36.22,7.0
Tata Zest Quadrajet 1.3 75PS XE,2015,9317.83,37282.3,Diesel,Individual,Manual,First Owner,1248.0,74.0,53.98,5.0
Volkswagen Vento Petrol Highline,2012,9584.05,37282.3,Petrol,Individual,Manual,Third Owner,1598.0,103.6,35.38,5.0
Ford Figo Petrol ZXI,2010,6655.59,49709.7,Petrol,Individual,Manual,Second Owner,1196.0,70.0,36.69,5.0
Maruti Swift VXI,2019,14642.3,7145.8,Petrol,Individual,Manual,First Owner,1197.0,81.8,49.89,5.0
Hyundai EON Magna Plus,2012,4792.03,34796.8,Petrol,Individual,Manual,First Owner,814.0,55.2,49.63,5.0
Honda Jazz 1.5 E i DTEC,2016,11314.51,42253.2,Diesel,Individual,Manual,First Owner,1498.0,98.6,64.21,5.0
Tata Tiago 1.2 Revotron XT,2019,10915.15,15534.3,Petrol,Individual,Manual,First Owner,1199.0,84.0,56.08,5.0
Tata Tiago 1.2 Revotron XT,2018,11687.19,15534.3,Petrol,Individual,Manual,First Owner,1199.0,84.0,56.08,5.0
Nissan Micra Active XL Petrol,2014,5990.03,62137.1,Petrol,Individual,Manual,First Owner,1198.0,67.04,45.84,5.0
Maruti Swift Dzire VXi,2008,5324.47,62137.1,Petrol,Individual,Manual,First Owner,1298.0,85.8,41.16,5.0
Fiat Grande Punto 1.3 Dynamic (Diesel),2013,6655.59,29204.4,Diesel,Individual,Manual,First Owner,1248.0,75.0,47.75,5.0
Maruti Ritz LDi,2011,4525.8,108739.9,Diesel,Individual,Manual,Second Owner,1248.0,73.9,49.63,5.0
Maruti Swift Dzire 1.2 Vxi BSIV,2010,7986.71,37282.3,Petrol,Individual,Manual,Second Owner,1197.0,85.8,41.16,5.0
Mahindra Bolero DI,2005,4259.58,186411.3,Diesel,Individual,Manual,Third Owner,2523.0,63.0,31.99,7.0
Maruti Swift Dzire VDI,2014,10915.15,93205.6,Diesel,Individual,Manual,Third Owner,1248.0,74.0,55.04,5.0
Hyundai i20 1.4 CRDi Asta,2012,9317.83,68350.8,Diesel,Individual,Manual,Third Owner,1396.0,90.0,54.1,5.0
Renault KWID RXL,2019,8252.93,15534.3,Petrol,Individual,Manual,First Owner,799.0,53.3,59.2,5.0
Maruti Alto LXi,2010,3594.02,59030.2,Petrol,Individual,Manual,Third Owner,796.0,46.3,46.34,5.0
Maruti Ritz VDi,2010,5856.92,62137.1,Diesel,Individual,Manual,First Owner,1248.0,73.9,49.63,5.0
Hyundai Grand i10 1.2 Kappa Sportz BSIV,2017,15174.75,12427.4,Petrol,Individual,Manual,First Owner,1197.0,81.86,44.46,5.0
Maruti Swift Dzire VDI,2014,13311.18,52195.2,Diesel,Individual,Manual,First Owner,1248.0,74.0,55.04,5.0
Hyundai i20 2015-2017 Asta Option 1.4 CRDi,2016,23294.57,24854.8,Diesel,Individual,Manual,First Owner,1396.0,88.73,53.02,5.0
Tata Indica Vista TDI LX,2011,5590.7,62137.1,Diesel,Individual,Manual,First Owner,1405.0,70.0,44.93,5.0
Tata Indica Vista TDI LX,2011,5590.7,74564.5,Diesel,Individual,Manual,First Owner,1405.0,70.0,45.63,5.0
Maruti Alto LX,2011,4658.91,108739.9,Petrol,Individual,Manual,Second Owner,796.0,46.3,46.34,5.0
Hyundai i20 1.2 Asta Option,2017,18635.66,18641.1,Petrol,Individual,Manual,First Owner,1197.0,81.83,43.75,5.0
Hyundai Grand i10 1.2 Kappa Magna AT,2019,14642.3,17398.4,Petrol,Individual,Automatic,First Owner,1197.0,81.86,44.46,5.0
Hyundai Santro Era,2019,11181.4,12427.4,Petrol,Individual,Manual,Second Owner,1086.0,68.0,47.75,5.0
Hyundai i20 Asta,2009,5590.7,55502.1,Petrol,Individual,Manual,Second Owner,1197.0,80.0,39.99,5.0
Chevrolet Beat Diesel LT,2013,4658.91,47224.2,Diesel,Individual,Manual,First Owner,936.0,57.6,59.84,5.0
Maruti Alto LXi,2012,4792.03,43496.0,Petrol,Individual,Manual,Second Owner,796.0,46.3,46.34,5.0
Maruti Alto LX BSIII,2007,3141.44,68350.8,Petrol,Individual,Manual,Second Owner,796.0,46.3,46.34,5.0
Hyundai Verna CRDi,2007,4525.8,74564.5,Diesel,Individual,Manual,Second Owner,1493.0,110.0,39.52,5.0
Maruti Zen Estilo 1.1 LX BSIII,2009,3194.68,68350.8,Petrol,Individual,Manual,Second Owner,1061.0,64.0,42.81,5.0
Maruti Alto LXi,2009,4525.8,55923.4,Petrol,Individual,Manual,Third Owner,796.0,46.3,46.34,5.0
Maruti Swift ZDI Plus,2018,18635.66,37282.3,Diesel,Individual,Manual,First Owner,1248.0,74.0,66.8,5.0
Mahindra Bolero 2011-2019 SLE BSIII,2014,13311.18,30012.2,Diesel,Individual,Manual,Second Owner,2523.0,62.1,37.54,7.0
Maruti Wagon R AX Minor,2007,2129.79,39146.4,Petrol,Individual,Automatic,Third Owner,1061.0,67.0,44.46,5.0
Honda City 2017-2020 EXi,2008,2795.35,68350.8,Petrol,Individual,Manual,Second Owner,1497.0,78.0,41.63,5.0
Maruti Swift Dzire LDI,2016,11314.51,74564.5,Diesel,Individual,Manual,Third Owner,1248.0,74.0,62.54,5.0
Hyundai i20 2015-2017 Sportz 1.2,2017,16638.98,14609.1,Petrol,Individual,Manual,First Owner,1197.0,81.83,43.75,5.0
Hyundai i20 1.2 Spotz,2017,17038.32,13988.3,Petrol,Individual,Manual,First Owner,1197.0,81.83,43.75,5.0
Hyundai i10 Magna 1.2 iTech SE,2010,4792.03,74564.5,Petrol,Individual,Manual,First Owner,1197.0,78.9,47.89,5.0
Maruti Ritz VDi,2009,4126.47,74564.5,Diesel,Individual,Manual,First Owner,1248.0,73.9,49.63,5.0
Maruti Wagon R LX Minor,2007,2262.9,62137.1,Petrol,Individual,Manual,Third Owner,1061.0,67.0,44.46,5.0
Hyundai i10 Magna 1.2 iTech SE,2011,6655.59,43496.0,Petrol,Individual,Manual,First Owner,1197.0,78.9,47.89,5.0
Hyundai Verna 1.6 VTVT AT SX,2017,26622.37,9320.6,Petrol,Individual,Automatic,First Owner,1591.0,121.3,40.01,5.0
Datsun GO A EPS,2016,9317.83,10252.6,Petrol,Individual,Manual,First Owner,1198.0,67.0,48.52,5.0
Maruti Swift Dzire ZDI,2018,19700.55,31068.6,Diesel,Individual,Manual,First Owner,1248.0,74.02,66.8,5.0
Datsun RediGO 1.0 S,2018,7986.71,11806.0,Petrol,Individual,Manual,First Owner,999.0,67.0,52.92,5.0
Volkswagen Ameo 1.5 TDI Comfortline,2017,14642.3,31068.6,Diesel,Individual,Manual,First Owner,1498.0,108.62,50.95,5.0
Mahindra Bolero 2011-2019 SLX,2017,18901.88,43496.0,Diesel,Individual,Manual,First Owner,2523.0,62.1,37.54,7.0
Mahindra Bolero 2011-2019 SLX,2017,18635.66,43496.0,Diesel,Individual,Manual,First Owner,2523.0,62.1,37.54,7.0
Mahindra Bolero 2011-2019 SLE BSIII,2016,14642.3,74564.5,Diesel,Individual,Manual,First Owner,2523.0,62.1,37.54,7.0
Tata Safari DICOR 2.2 EX 4x2,2015,15973.42,37282.3,Diesel,Individual,Manual,First Owner,2179.0,138.03,32.77,7.0
Maruti Swift VDI,2013,10116.5,47224.2,Diesel,Individual,Manual,Second Owner,1248.0,74.0,53.86,5.0
Maruti 800 DX,1998,1198.01,49709.7,Petrol,Individual,Manual,Fourth & Above Owner,796.0,37.0,37.87,4.0
Toyota Innova 2.5 G4 Diesel 8-seater,2010,11980.07,130487.9,Diesel,Individual,Manual,Second Owner,2494.0,102.0,30.11,8.0
Renault Triber RXZ BSIV,2019,17304.54,3106.9,Petrol,Individual,Manual,First Owner,999.0,72.0,47.04,7.0
Maruti Swift VDI,2013,9317.83,52816.5,Diesel,Individual,Manual,First Owner,1248.0,74.0,53.86,5.0
Maruti Vitara Brezza ZDi AMT,2018,24279.57,15534.3,Diesel,Individual,Automatic,First Owner,1248.0,88.5,57.16,5.0
Maruti Swift Dzire VXI 1.2,2018,17304.54,9320.6,Petrol,Individual,Manual,First Owner,1197.0,81.8,49.89,5.0
Maruti Swift Dzire VXi,2012,9317.83,18641.1,Petrol,Individual,Manual,First Owner,1298.0,85.8,41.16,5.0
Maruti Omni E MPI STD BS IV,2016,5058.25,49709.7,Petrol,Individual,Manual,Second Owner,796.0,34.2,39.52,8.0
Hyundai Verna CRDi 1.6 SX Option,2019,31946.84,24854.8,Diesel,Individual,Manual,First Owner,1582.0,126.2,51.75,5.0
Mahindra Bolero 2011-2019 EX NON AC,2013,8119.82,99419.4,Diesel,Individual,Manual,First Owner,2523.0,62.1,37.54,7.0
Hyundai Creta 1.6 CRDi SX,2015,22629.01,67108.1,Diesel,Individual,Manual,First Owner,1582.0,126.2,46.27,5.0
Volkswagen Jetta 2.0 TDI Comfortline,2011,9317.83,74564.5,Diesel,Individual,Manual,Second Owner,1896.0,105.0,35.28,5.0
Hyundai Santro Xing GLS,2010,4792.03,34175.4,Petrol,Individual,Manual,Fourth & Above Owner,1086.0,62.1,42.15,5.0
Tata New Safari Dicor GX 4X2 BS IV,2008,5324.47,68350.8,Diesel,Individual,Manual,First Owner,2179.0,138.1,32.77,7.0
Honda Brio E MT,2012,6123.12,68350.8,Petrol,Individual,Manual,First Owner,1198.0,86.8,45.63,5.0
Maruti Wagon R VXI,2006,3594.02,39084.2,Petrol,Individual,Manual,First Owner,998.0,67.1,44.46,5.0
Volkswagen Jetta 2.0L TDI Highline,2011,11314.51,74564.5,Diesel,Individual,Manual,Second Owner,1968.0,138.1,45.47,5.0
Mahindra XUV500 W10 2WD,2016,35940.2,43496.0,Diesel,Individual,Manual,First Owner,2179.0,140.0,37.63,7.0
Ford Endeavour 4x2 XLT Limited Edition,2009,12778.74,43496.0,Diesel,Individual,Manual,Third Owner,2499.0,143.0,25.64,7.0
Maruti Swift Dzire LDI,2017,12113.18,37282.3,Diesel,Individual,Manual,First Owner,1248.0,74.02,66.8,5.0
Maruti Wagon R VXI Optional,2015,8519.16,37282.3,Petrol,Individual,Manual,First Owner,998.0,67.04,48.24,5.0
Hyundai Elite i20 Sportz Plus BSIV,2019,18449.3,2485.5,Petrol,Individual,Manual,First Owner,1197.0,81.86,43.75,5.0
Maruti Vitara Brezza ZDi Plus,2017,22096.57,21748.0,Diesel,Individual,Manual,First Owner,1248.0,88.5,57.16,5.0
Hyundai Grand i10 Sportz,2016,12512.51,8388.5,Petrol,Individual,Manual,First Owner,1197.0,82.0,44.46,5.0
Honda City i VTEC CVT VX,2017,29284.61,16155.6,Petrol,Individual,Automatic,First Owner,1497.0,117.3,42.34,5.0
Tata Zest Quadrajet 1.3 XM,2016,8652.27,31068.6,Diesel,Individual,Manual,First Owner,1248.0,88.7,54.1,5.0
Hyundai EON Magna Plus,2014,5723.81,31068.6,Petrol,Individual,Manual,First Owner,814.0,55.2,49.63,5.0
Maruti Swift VXI,2018,14908.53,15534.3,Petrol,Individual,Manual,First Owner,1197.0,81.8,51.75,5.0
Maruti Celerio VXI AT,2017,10648.95,18641.1,Petrol,Individual,Automatic,Second Owner,998.0,67.04,54.33,5.0
Ford EcoSport 1.5 Diesel Titanium Plus BSIV,2017,19301.22,27961.7,Diesel,Individual,Manual,First Owner,1498.0,98.96,54.1,5.0
Honda Brio 1.2 VX MT,2014,8652.27,32585.9,Petrol,Trustmark Dealer,Manual,Second Owner,1198.0,86.8,43.51,5.0
Hyundai i10 Magna,2013,6123.12,24233.5,Petrol,Dealer,Manual,First Owner,1197.0,78.9,47.89,5.0
Mercedes-Benz New C-Class C 200 Kompressor Elegance AT,2007,10648.95,26097.6,Petrol,Dealer,Automatic,First Owner,1796.0,186.0,27.61,5.0
Volkswagen Polo 1.2 MPI Highline,2015,11953.44,21223.5,Petrol,Dealer,Manual,First Owner,1198.0,74.0,38.74,5.0
Hyundai Grand i10 1.2 Kappa Sportz BSIV,2017,12113.18,21221.1,Petrol,Dealer,Manual,First Owner,1197.0,81.86,44.46,5.0
Audi A4 35 TDI Premium Plus,2015,46589.15,22990.7,Diesel,Dealer,Automatic,First Owner,1968.0,187.74,42.93,5.0
Toyota Innova Crysta 2.8 GX AT BSIV,2017,37005.09,60894.4,Diesel,Dealer,Automatic,First Owner,2755.0,171.5,26.72,7.0
Hyundai Creta 1.6 SX Option,2019,30615.73,19262.5,Petrol,Dealer,Manual,First Owner,1591.0,121.3,37.16,5.0
Hyundai i20 1.2 Magna Executive,2018,17304.54,39047.6,Petrol,Trustmark Dealer,Manual,First Owner,1197.0,81.83,43.75,5.0
Hyundai Creta 1.6 CRDi SX,2016,25291.25,23984.9,Diesel,Dealer,Manual,First Owner,1582.0,126.2,46.27,5.0
Maruti Swift Dzire AMT ZDI Plus,2018,18582.41,17183.4,Diesel,Dealer,Automatic,First Owner,1248.0,74.02,66.8,5.0
Hyundai Creta 1.6 CRDi SX,2017,25956.81,30259.5,Diesel,Dealer,Manual,First Owner,1582.0,126.2,46.27,5.0
Maruti Wagon R VXI AMT 1.2,2018,11846.95,20502.1,Petrol,Dealer,Automatic,First Owner,1197.0,81.8,48.27,5.0
Tata Zest Quadrajet 1.3 75PS XM,2018,14349.46,37282.3,Diesel,Individual,Manual,First Owner,1248.0,74.0,53.98,5.0
Maruti Swift Vdi BSIII,2010,9317.83,68350.8,Diesel,Individual,Manual,Fourth & Above Owner,1248.0,75.0,41.87,5.0
Mahindra Scorpio VLX 2WD AIRBAG BSIII,2011,14642.3,161556.5,Diesel,Individual,Manual,Fourth & Above Owner,2179.0,120.0,28.34,8.0
Renault Duster 85PS Diesel RxE,2015,14642.3,80778.2,Diesel,Individual,Manual,Second Owner,1461.0,83.8,48.1,5.0
Volkswagen Polo Diesel Highline 1.2L,2011,8785.38,74564.5,Diesel,Individual,Manual,First Owner,1199.0,73.9,51.91,5.0
Hyundai EON Era Plus,2014,5856.92,49709.7,Petrol,Individual,Manual,Third Owner,814.0,55.2,49.63,5.0
Maruti Ritz ZXi,2013,11048.28,37282.3,Petrol,Individual,Manual,Second Owner,1197.0,85.8,43.51,5.0
Maruti Alto LX BSIII,2007,3993.36,46602.8,Petrol,Individual,Manual,First Owner,796.0,46.3,46.34,5.0
Hyundai Getz GLS,2005,3993.36,55302.0,Petrol,Individual,Manual,Second Owner,1341.0,83.0,35.99,5.0
Hyundai Verna CRDi ABS,2007,6389.37,68350.8,Diesel,Individual,Manual,First Owner,1493.0,110.0,42.57,5.0
Maruti Alto LX BSIII,2009,4525.8,55923.4,Petrol,Individual,Manual,Second Owner,796.0,46.3,46.34,5.0
Maruti Ciaz ZDi Plus SHVS,2015,14642.3,24854.8,Diesel,Individual,Manual,Third Owner,1248.0,88.5,66.07,5.0
Nissan Micra Fashion Edition XL CVT,2017,13311.18,16155.6,Petrol,Individual,Automatic,First Owner,1198.0,76.0,45.49,5.0
Mahindra Xylo D2,2011,4792.03,74564.5,Diesel,Individual,Manual,Second Owner,2489.0,95.0,30.58,8.0
Mahindra KUV 100 mFALCON G80 K4,2017,9584.05,18019.8,Petrol,Individual,Manual,First Owner,1198.0,82.0,42.69,6.0
Maruti Swift Dzire VXI,2014,10648.95,74564.5,Petrol,Individual,Manual,First Owner,1197.0,85.8,44.93,5.0
Hyundai Accent GLE,2009,3194.68,43496.0,Petrol,Individual,Manual,Second Owner,1495.0,94.0,31.05,5.0
Maruti Vitara Brezza ZDi Plus Dual Tone,2016,20366.11,62137.1,Diesel,Individual,Manual,Second Owner,1248.0,88.5,57.16,5.0
Maruti Vitara Brezza ZDi Plus Dual Tone,2016,24492.55,56016.6,Diesel,Individual,Manual,First Owner,1248.0,88.5,57.16,5.0
Toyota Platinum Etios 1.4 GXD,2018,19434.33,55923.4,Diesel,Individual,Manual,First Owner,1364.0,67.05,55.49,5.0
Tata Zest Quadrajet 1.3 75PS XM,2016,8519.16,74564.5,Diesel,Individual,Manual,First Owner,1248.0,74.0,53.98,5.0
Honda Amaze S i-Dtech,2015,12113.18,55923.4,Diesel,Individual,Manual,Second Owner,1498.0,98.6,60.69,5.0
Datsun GO T Option BSIV,2015,9317.83,31068.6,Petrol,Individual,Manual,First Owner,1198.0,67.0,48.52,5.0
Mahindra TUV 300 T8,2016,13577.38,68350.8,Diesel,Individual,Manual,First Owner,1493.0,100.0,43.49,7.0
Tata Indigo LS,2011,4658.91,53251.5,Diesel,Individual,Manual,Second Owner,1405.0,70.0,39.99,5.0
Tata Indigo CS GLS BSIII,2011,3194.68,43496.0,Petrol,Individual,Manual,Second Owner,1193.0,65.0,35.75,5.0
Hyundai i10 Sportz,2014,7986.71,18641.1,Petrol,Individual,Manual,Second Owner,1197.0,78.9,47.89,5.0
Honda City i DTEC E,2015,13311.18,62137.1,Diesel,Individual,Manual,First Owner,1498.0,98.6,61.16,5.0
Maruti Baleno Delta 1.2,2016,14961.77,15744.9,Petrol,Individual,Manual,First Owner,1197.0,83.1,50.34,5.0
Hyundai EON Magna Plus,2014,6655.59,6213.7,Petrol,Individual,Manual,First Owner,814.0,55.2,49.63,5.0
Tata Zest Quadrajet 1.3 XT,2017,12911.82,21748.0,Diesel,Individual,Manual,First Owner,1248.0,88.7,48.57,5.0
Hyundai i10 Sportz,2013,7454.26,21748.0,Petrol,Individual,Manual,Second Owner,1197.0,78.9,47.89,5.0
Maruti Ertiga VDI,2015,15201.37,42253.2,Diesel,Individual,Manual,Second Owner,1248.0,88.76,48.85,7.0
Maruti Swift VXI,2013,10648.95,24854.8,Petrol,Individual,Manual,First Owner,1197.0,85.8,43.75,5.0
Tata Indigo CS LS (TDI) BS-III,2015,7853.6,74564.5,Diesel,Individual,Manual,Second Owner,1405.0,69.01,44.9,5.0
Ford Figo Petrol EXI,2011,6655.59,15534.3,Petrol,Individual,Manual,First Owner,1196.0,70.0,36.69,5.0
Mahindra Bolero 2011-2019 SLE,2015,16239.65,24854.8,Diesel,Individual,Manual,Second Owner,2523.0,62.1,37.54,7.0
Tata Indica Vista Quadrajet VX,2012,4658.91,37282.3,Diesel,Individual,Manual,First Owner,1248.0,74.0,52.45,5.0
Ford Figo Diesel Titanium,2011,5457.56,43496.0,Diesel,Individual,Manual,Second Owner,1399.0,68.0,47.04,5.0
Mahindra XUV500 W8 2WD,2013,19966.78,49709.7,Diesel,Individual,Manual,Second Owner,2179.0,140.0,35.52,7.0
Maruti Swift Dzire VDI Optional,2017,15680.58,25620.4,Diesel,Dealer,Manual,First Owner,1248.0,74.0,62.54,5.0
Toyota Innova 2.5 G (Diesel) 8 Seater BS IV,2005,8252.93,124274.2,Diesel,Individual,Manual,Second Owner,2494.0,102.0,30.11,8.0
Mahindra Bolero B4,2015,11846.95,38525.0,Diesel,Dealer,Manual,First Owner,1498.0,74.96,49.4,7.0
Tata New Safari 3L Dicor LX 4x2,2012,11980.07,42402.4,Diesel,Dealer,Manual,First Owner,2956.0,138.1,32.77,7.0
Mahindra Scorpio 1.99 S10 4WD,2008,11980.07,48466.9,Diesel,Dealer,Manual,First Owner,1997.0,120.0,36.22,7.0
Maruti Wagon R VXI,2010,5324.47,21748.0,Petrol,Dealer,Manual,First Owner,998.0,67.1,44.46,5.0
Maruti Swift Dzire LXI,2018,16266.27,5592.3,Petrol,Dealer,Manual,First Owner,1197.0,85.8,44.93,5.0
Hyundai Creta 1.6 CRDi Anniversary Edition,2016,21830.32,24233.5,Diesel,Dealer,Manual,First Owner,1582.0,126.2,46.27,5.0
Hyundai Creta 1.4 CRDi S,2016,21963.46,24233.5,Diesel,Dealer,Manual,First Owner,1396.0,88.7,50.29,5.0
Ford Ecosport 1.5 Diesel Titanium,2015,15946.8,57570.6,Diesel,Dealer,Manual,First Owner,1498.0,98.96,51.04,5.0
Maruti Swift LXi BSIV,2018,13044.96,17398.4,Petrol,Dealer,Manual,First Owner,1197.0,85.0,37.87,5.0
Tata Zest Revotron 1.2 XT,2020,13311.18,24854.8,Petrol,Individual,Manual,First Owner,1193.0,88.7,41.33,5.0
Mahindra XUV500 W10 2WD,2017,29284.61,55149.2,Diesel,Dealer,Manual,First Owner,2179.0,140.0,37.63,7.0
Ford Aspire Titanium BSIV,2019,17970.1,4349.6,Petrol,Individual,Manual,First Owner,1194.0,94.93,45.63,5.0
Mahindra XUV500 W9 2WD,2018,35940.2,24854.8,Diesel,Individual,Manual,First Owner,2179.0,138.0,37.63,7.0
Hyundai Grand i10 1.2 Kappa Sportz Dual Tone,2018,15174.75,12427.4,Petrol,Individual,Manual,First Owner,1197.0,81.86,44.46,5.0
Hyundai Grand i10 1.2 CRDi Asta,2017,12113.18,31068.6,Diesel,Individual,Manual,First Owner,1186.0,73.97,56.45,5.0
Hyundai EON Era Plus,2013,4392.69,27961.7,Petrol,Individual,Manual,Second Owner,814.0,55.2,49.63,5.0
Honda City i VTEC VX Option BL,2016,24625.69,13670.2,Petrol,Individual,Manual,First Owner,1497.0,117.3,41.87,5.0
Tata Indigo CS eLX BS IV,2014,5723.81,62137.1,Diesel,Individual,Manual,Second Owner,1396.0,69.01,58.8,5.0
Maruti Swift VXI Optional,2016,12512.51,14726.5,Petrol,Individual,Manual,First Owner,1197.0,81.8,47.98,5.0
Maruti Swift VXI Deca,2016,12512.51,14726.5,Petrol,Individual,Manual,First Owner,1197.0,81.8,47.98,5.0
Maruti Ciaz ZDi Plus SHVS,2017,17304.54,37282.3,Diesel,Individual,Manual,First Owner,1248.0,88.5,66.07,5.0
Renault Captur 1.5 Diesel RXT,2017,23960.13,31068.6,Diesel,Individual,Manual,First Owner,1461.0,108.45,47.91,5.0
Ford Fiesta Classic 1.4 SXI Duratorq,2009,5058.25,62137.1,Diesel,Individual,Manual,Second Owner,1399.0,67.0,41.87,5.0
Hyundai i20 Active 1.4 SX with AVN,2017,19034.99,37282.3,Diesel,Individual,Manual,First Owner,1396.0,88.73,49.84,5.0
Tata Indigo CS eVX,2013,6069.87,37282.3,Diesel,Individual,Manual,Second Owner,1396.0,69.01,58.8,5.0
Chevrolet Beat Diesel LT,2015,5324.47,24854.8,Diesel,Individual,Manual,First Owner,936.0,56.3,59.84,5.0
Maruti Ertiga SHVS VDI,2016,19301.22,68350.8,Diesel,Individual,Manual,First Owner,1248.0,88.5,57.67,7.0
Ford Figo Diesel Titanium,2014,7986.71,49709.7,Diesel,Individual,Manual,First Owner,1399.0,68.05,47.04,5.0
Toyota Innova 2.5 GX (Diesel) 8 Seater,2016,30642.35,43185.3,Diesel,Individual,Manual,Second Owner,2494.0,100.6,30.55,8.0
Datsun GO T BSIV,2014,5990.03,20505.2,Petrol,Individual,Manual,First Owner,1198.0,67.0,48.52,5.0
Hyundai i10 Magna 1.1L,2016,10116.5,49709.7,Petrol,Individual,Manual,First Owner,1086.0,68.05,46.6,5.0
Hyundai Elite i20 Magna Plus BSIV,2019,16772.09,3106.9,Petrol,Individual,Manual,First Owner,1197.0,81.86,43.75,5.0
Hyundai i10 Magna 1.2 iTech SE,2014,9344.45,15534.3,Petrol,Individual,Manual,First Owner,1197.0,78.9,47.89,5.0
Skoda Fabia 1.2 TDI Active Plus,2012,5297.85,31068.6,Diesel,Individual,Manual,Second Owner,1199.0,75.0,49.07,5.0
Tata Hexa XE,2017,22629.01,31068.6,Diesel,Individual,Manual,First Owner,2179.0,147.94,41.4,7.0
Tata Indica Vista Terra Quadrajet 1.3L,2010,2795.35,74564.5,Diesel,Individual,Manual,Second Owner,1248.0,75.0,42.34,5.0
Tata Manza Aura (ABS) Quadrajet,2010,7986.71,74564.5,Diesel,Individual,Manual,Third Owner,1248.0,90.0,44.22,5.0
Toyota Innova 2.5 GX (Diesel) 7 Seater,2016,25291.25,49709.7,Diesel,Individual,Manual,First Owner,2494.0,100.6,30.55,7.0
Mahindra TUV 300 T8,2015,11447.62,68350.8,Diesel,Individual,Manual,Second Owner,1493.0,100.0,43.49,7.0
Ford Endeavour 3.2 Titanium AT 4X4,2016,55906.98,49709.7,Diesel,Individual,Automatic,First Owner,3198.0,197.0,25.66,7.0
Hyundai Grand i10 1.2 CRDi Sportz,2018,14376.08,18641.1,Diesel,Individual,Manual,First Owner,1186.0,73.97,56.45,5.0
Hyundai Creta 1.6 CRDi AT SX Plus,2018,30615.73,27340.3,Diesel,Individual,Automatic,First Owner,1582.0,126.2,40.01,5.0
Maruti Alto 800 LXI,2020,9317.83,3106.9,Petrol,Individual,Manual,First Owner,796.0,47.3,51.86,5.0
Hyundai Elite i20 Petrol Asta Option,2019,18369.44,11184.7,Petrol,Individual,Manual,First Owner,1197.0,81.86,43.75,5.0
Hyundai i20 Asta 1.4 CRDi,2015,14242.97,49709.7,Diesel,Individual,Manual,First Owner,1396.0,88.73,53.02,5.0
Maruti Vitara Brezza ZDi Plus,2016,19434.33,62137.1,Diesel,Individual,Manual,First Owner,1248.0,88.5,57.16,5.0
Hyundai EON Era Plus,2016,7454.26,11806.0,Petrol,Individual,Manual,First Owner,814.0,55.2,49.63,5.0
Maruti Swift AMT ZXI,2019,17304.54,20505.2,Petrol,Individual,Automatic,First Owner,1197.0,81.8,49.89,5.0
Toyota Innova 2.5 GX 7 STR,2012,13843.63,100662.1,Diesel,Individual,Manual,Fourth & Above Owner,2494.0,102.0,30.11,7.0
Hyundai Xcent 1.2 VTVT E,2020,9584.05,40389.1,Petrol,Individual,Manual,Second Owner,1197.0,81.86,47.37,5.0
Maruti Swift Dzire Vdi BSIV,2011,6655.59,105633.1,Diesel,Individual,Manual,First Owner,1248.0,73.9,45.4,5.0
Volkswagen Ameo 1.5 TDI Trendline,2017,15307.86,24854.8,Diesel,Individual,Manual,First Owner,1498.0,108.62,50.95,5.0
Tata Indigo CS LS (TDI) BS III,2012,4525.8,74564.5,Diesel,Individual,Manual,Third Owner,1396.0,69.0,44.9,5.0
Maruti Vitara Brezza LDi Option,2017,18928.5,32932.7,Diesel,Individual,Manual,First Owner,1248.0,88.5,57.16,5.0
Maruti Wagon R VXI BSIII,2013,6655.59,55923.4,Petrol,Individual,Manual,First Owner,998.0,67.1,44.46,5.0
Maruti Swift Dzire VDI Optional,2017,17970.1,21748.0,Diesel,Individual,Manual,First Owner,1248.0,74.0,62.54,5.0
Maruti Wagon R VXI BS IV,2016,8652.27,31068.6,Petrol,Individual,Manual,First Owner,998.0,67.04,48.24,5.0
Maruti Alto 800 LXI,2016,6655.59,12427.4,Petrol,Individual,Manual,First Owner,796.0,47.3,53.49,5.0
Maruti Swift AMT ZDI,2019,19700.55,23612.1,Diesel,Individual,Automatic,First Owner,1248.0,74.0,66.8,5.0
Honda CR-V 2.4L 4WD AT AVN,2017,46589.15,45360.1,Petrol,Dealer,Automatic,First Owner,2354.0,187.4,28.23,5.0
Maruti Ciaz 1.3 Alpha,2017,21297.9,17429.5,Diesel,Dealer,Manual,First Owner,1248.0,88.5,66.07,5.0
Honda CR-V 2.4L 4WD AT AVN,2017,48585.83,36039.5,Petrol,Dealer,Automatic,First Owner,2354.0,187.4,28.23,5.0
Tata Hexa XTA,2017,34475.97,36039.5,Diesel,Dealer,Automatic,First Owner,2179.0,153.86,41.4,7.0
Renault Duster 85PS Diesel RxZ,2014,11314.51,42874.6,Diesel,Dealer,Manual,First Owner,1461.0,83.8,46.74,5.0
Mercedes-Benz GL-Class 350 CDI Luxury,2016,108885.49,43496.0,Diesel,Dealer,Automatic,First Owner,2987.0,224.0,28.23,7.0
Hyundai Creta 1.6 SX Automatic Diesel,2015,24226.36,24854.8,Diesel,Dealer,Automatic,First Owner,1582.0,126.2,41.4,5.0
Mahindra Bolero 2011-2019 SLX,2011,8652.27,88234.7,Diesel,Individual,Manual,First Owner,2523.0,62.1,37.54,7.0
Maruti Swift VXI Deca,2016,13311.18,14258.6,Petrol,Individual,Manual,First Owner,1197.0,81.8,47.98,5.0
Hyundai i10 Sportz,2013,7986.71,18641.1,Petrol,Individual,Manual,Second Owner,1197.0,78.9,47.89,5.0
Hyundai EON D Lite Plus,2016,7188.04,4767.2,Petrol,Individual,Manual,First Owner,814.0,55.2,49.63,5.0
Maruti Alto LXi,2010,4259.58,22778.8,Petrol,Individual,Manual,First Owner,796.0,46.3,46.34,5.0
Maruti Omni E MPI STD BS IV,2016,5590.7,37282.3,Petrol,Individual,Manual,First Owner,796.0,34.2,39.52,8.0
Mahindra XUV500 W4,2014,22629.01,74564.5,Diesel,Individual,Manual,First Owner,2179.0,140.0,35.52,7.0
Mahindra XUV500 W4,2014,23427.69,74564.5,Diesel,Individual,Manual,First Owner,2179.0,140.0,35.52,7.0
Maruti Zen Estilo Sports,2010,3993.36,24233.5,Petrol,Individual,Manual,First Owner,1061.0,64.9,39.75,5.0
Mahindra TUV 300 T8 AMT,2015,20632.34,27961.7,Diesel,Individual,Automatic,First Owner,1493.0,100.0,43.49,7.0
Maruti Alto LXi,2009,4259.58,43496.0,Petrol,Individual,Manual,Third Owner,796.0,46.3,46.34,5.0
Ford Figo Diesel EXI,2012,5856.92,62137.1,Diesel,Individual,Manual,Second Owner,1399.0,68.0,47.04,5.0
Hyundai i20 1.4 Asta Option,2017,17836.99,29825.8,Diesel,Individual,Manual,First Owner,1396.0,88.73,53.02,5.0
Hyundai i20 1.4 Sportz,2018,20765.45,21748.0,Diesel,Individual,Manual,First Owner,1396.0,88.73,53.02,5.0
Maruti Baleno Sigma 1.2,2017,13710.52,14291.5,Petrol,Individual,Manual,First Owner,1197.0,83.1,50.34,5.0
Hyundai i20 2015-2017 Asta 1.4 CRDi,2017,21297.9,8699.2,Diesel,Individual,Manual,First Owner,1396.0,88.73,53.02,5.0
Mahindra XUV500 W8 2WD,2014,22629.01,37282.3,Diesel,Individual,Manual,First Owner,2179.0,140.0,35.52,7.0
Hyundai EON Era Plus,2013,5324.47,37282.3,Petrol,Individual,Manual,Second Owner,814.0,55.2,49.63,5.0
Skoda Fabia 1.4 TDI Ambiente,2008,3727.13,93205.6,Diesel,Individual,Manual,Third Owner,1422.0,70.0,45.63,5.0
Hyundai Verna 1.6 VTVT AT SX,2016,21297.9,49709.7,Petrol,Individual,Automatic,Second Owner,1591.0,121.3,40.01,5.0
Maruti Alto K10 2010-2014 VXI,2013,6655.59,21748.0,Petrol,Individual,Manual,First Owner,998.0,67.1,49.21,5.0
Maruti S-Cross 2017-2020 Zeta DDiS 200 SH,2017,21297.9,27651.0,Diesel,Individual,Manual,First Owner,1248.0,88.5,59.04,5.0
Maruti Ciaz ZDi Plus,2015,15973.42,37282.3,Diesel,Individual,Manual,Third Owner,1248.0,88.5,61.65,5.0
Renault Fluence Diesel E4,2012,6655.59,74564.5,Diesel,Individual,Manual,Third Owner,1461.0,78.0,51.28,5.0
Honda Amaze S i-DTEC,2016,13311.18,49709.7,Diesel,Individual,Manual,Second Owner,1498.0,98.6,60.69,5.0
Maruti Gypsy King Soft Top MPI BSIV,2019,19966.78,6151.6,Petrol,Individual,Manual,First Owner,1298.0,80.0,28.13,8.0
Maruti Swift ZDi,2014,17304.54,42253.2,Diesel,Individual,Manual,First Owner,1248.0,74.0,53.86,5.0
Honda BRV i-DTEC V MT,2016,25291.25,37282.3,Diesel,Individual,Manual,First Owner,1498.0,98.6,51.51,7.0
Hyundai Grand i10 1.2 Kappa Sportz Dual Tone,2019,17038.32,6213.7,Petrol,Individual,Manual,First Owner,1197.0,81.86,44.46,5.0
Mahindra Scorpio VLX 2WD AT BSIII,2014,21297.9,49709.7,Diesel,Individual,Automatic,First Owner,2179.0,120.0,27.73,8.0
Maruti A-Star Vxi,2011,9237.96,18641.1,Petrol,Individual,Manual,First Owner,998.0,66.1,44.69,5.0
Mahindra XUV500 W8 2WD,2014,26622.37,74564.5,Diesel,Individual,Manual,Third Owner,2179.0,140.0,35.52,7.0
Hyundai EON Sportz,2016,7986.71,21748.0,Petrol,Individual,Manual,First Owner,814.0,55.2,49.63,5.0
Tata Tigor 1.2 Revotron XZ,2017,13124.83,24854.8,Petrol,Individual,Manual,First Owner,1199.0,84.0,47.75,5.0
Hyundai Grand i10 Magna,2014,9850.28,37282.3,Petrol,Individual,Manual,First Owner,1197.0,82.0,44.46,5.0
Maruti Swift Dzire ZDi,2008,6655.59,55923.4,Diesel,Individual,Manual,Fourth & Above Owner,1248.0,73.9,45.4,5.0
Datsun RediGO 1.0 T Option,2017,7986.71,12427.4,Petrol,Individual,Manual,First Owner,999.0,67.0,52.92,5.0
Renault KWID Climber 1.0 AMT,2017,11980.07,24854.8,Petrol,Individual,Automatic,First Owner,999.0,67.0,56.55,5.0
Ford Figo Diesel Titanium,2010,4925.14,77246.4,Diesel,Dealer,Manual,Second Owner,1399.0,68.0,47.04,5.0
Mahindra XUV300 W8 Option Dual Tone Diesel BSIV,2019,32612.4,4066.3,Diesel,Individual,Manual,First Owner,1497.0,115.0,47.04,5.0
Toyota Innova 2.5 GX (Diesel) 8 Seater,2015,26622.37,31068.6,Diesel,Individual,Manual,First Owner,2494.0,100.6,30.55,8.0
Hyundai i20 Magna 1.2,2016,15973.42,6213.7,Petrol,Individual,Manual,First Owner,1197.0,81.83,43.75,5.0
Mahindra XUV500 W7 BSIV,2018,29284.61,31068.6,Diesel,Individual,Manual,First Owner,2179.0,152.87,35.52,7.0
Hyundai Grand i10 SportZ Edition,2015,9584.05,18641.1,Petrol,Individual,Manual,Second Owner,1197.0,81.86,44.46,5.0
Maruti Swift Dzire VXi,2012,7587.38,42874.6,Petrol,Individual,Manual,First Owner,1298.0,85.8,41.16,5.0
Mahindra KUV 100 mFALCON D75 K8,2016,9317.83,30820.0,Diesel,Individual,Manual,Second Owner,1198.0,77.0,59.56,6.0
Hyundai i10 Era,2008,3460.91,18641.1,Petrol,Individual,Manual,Second Owner,1086.0,68.05,46.6,5.0
Chevrolet Enjoy 1.3 TCDi LTZ 8,2016,13311.18,123031.5,Diesel,Individual,Manual,First Owner,1248.0,73.74,42.81,8.0
Hyundai i20 Asta (o),2010,9317.83,49709.7,Petrol,Individual,Manual,First Owner,1197.0,80.0,39.99,5.0
Maruti Baleno Delta Automatic,2019,18236.32,11806.0,Petrol,Individual,Automatic,First Owner,1197.0,83.1,50.34,5.0
Hyundai Grand i10 1.2 Kappa Magna BSIV,2017,13976.74,6213.7,Petrol,Individual,Manual,First Owner,1197.0,81.86,44.46,5.0
Maruti Ertiga BSIV VXI,2017,20366.11,24854.8,Petrol,Individual,Manual,First Owner,1373.0,91.1,41.16,7.0
Maruti Swift VDI,2012,11980.07,60273.0,Diesel,Individual,Manual,Third Owner,1248.0,74.0,53.86,5.0
Nissan Micra Active XV,2014,10382.72,18641.1,Petrol,Individual,Manual,First Owner,1198.0,67.04,46.31,5.0
Maruti Ertiga SHVS ZDI Plus,2017,25025.03,74564.5,Diesel,Individual,Manual,First Owner,1248.0,88.5,57.67,7.0
Renault Duster 110PS Diesel RxZ,2013,17304.54,74564.5,Diesel,Individual,Manual,Second Owner,1461.0,108.45,44.71,5.0
Ford Figo Diesel Titanium,2012,8519.16,64618.9,Diesel,Individual,Manual,Fourth & Above Owner,1399.0,68.0,47.04,5.0
Toyota Corolla AE,2003,3860.24,43496.0,Petrol,Individual,Manual,Second Owner,1794.0,125.0,31.52,5.0
Ford Figo Aspire 1.5 TDCi Titanium,2017,17836.99,43496.0,Diesel,Individual,Manual,First Owner,1498.0,99.0,60.76,5.0
Maruti SX4 ZDI Leather,2011,9317.83,71457.7,Diesel,Individual,Manual,Fourth & Above Owner,1248.0,88.8,50.57,5.0
Tata Indica Vista Quadrajet VX,2012,7587.38,110604.0,Diesel,Individual,Manual,Second Owner,1248.0,74.0,52.45,5.0
Maruti Zen Estilo LX BSIV,2011,7986.71,24854.8,Petrol,Individual,Manual,Third Owner,998.0,67.1,44.69,5.0
Ford Figo Diesel EXI,2011,7986.71,49709.7,Diesel,Individual,Manual,First Owner,1399.0,68.0,47.04,5.0
Audi Q7 3.0 TDI Quattro,2009,21564.12,60894.4,Diesel,Individual,Automatic,Fourth & Above Owner,2967.0,241.4,28.39,7.0
Tata Indica V2 DLS TC,2009,2396.01,73321.8,Diesel,Individual,Manual,Second Owner,1405.0,62.0,39.52,5.0
Maruti Alto LX,2004,2662.24,62137.1,Petrol,Individual,Manual,Second Owner,796.0,46.3,46.34,5.0
Tata Indica V2 2001-2011 DLS BSIII,2009,2396.01,74564.5,Diesel,Individual,Manual,Second Owner,1396.0,52.8,42.06,5.0
Mahindra Scorpio Gateway 2WD,2013,12246.26,74564.5,Diesel,Individual,Manual,Second Owner,2609.0,115.0,31.75,5.0
Toyota Innova 2.5 G (Diesel) 8 Seater BS IV,2009,13976.74,134837.5,Diesel,Individual,Manual,Fourth & Above Owner,2494.0,102.0,30.11,8.0
Maruti Wagon R AX BSIV,2011,6655.59,40389.1,Petrol,Individual,Manual,Second Owner,998.0,67.1,44.46,5.0
Hyundai i10 Asta,2012,7986.71,25476.2,Petrol,Individual,Manual,Second Owner,1197.0,78.9,47.89,5.0
Maruti Swift ZXI ABS,2005,3460.91,74564.5,Petrol,Individual,Manual,Second Owner,1298.0,88.2,37.87,5.0
Maruti Alto K10 LXI,2011,5297.85,43496.0,Petrol,Individual,Manual,Third Owner,998.0,67.1,49.21,5.0
Renault Duster 85PS Diesel RxL Optional,2012,14509.19,55923.4,Diesel,Individual,Manual,Second Owner,1461.0,83.8,48.12,5.0
Maruti Ertiga ZDI,2014,15174.75,49709.7,Diesel,Individual,Manual,Second Owner,1248.0,88.8,48.85,7.0
Honda City 2017-2020 VTEC,2006,3993.36,74564.5,Petrol,Individual,Manual,Second Owner,1497.0,100.0,39.75,5.0
Maruti Alto STD,2009,3061.55,62137.1,Petrol,Individual,Manual,First Owner,796.0,46.3,46.34,5.0
Tata Tigor 1.2 Revotron XT,2018,11980.07,21748.0,Petrol,Individual,Manual,First Owner,1199.0,84.0,47.75,5.0
Renault Triber RXT BSIV,2019,15973.42,3106.9,Petrol,Individual,Manual,First Owner,999.0,72.0,47.04,7.0
Maruti Vitara Brezza VDi Option,2016,16239.65,68350.8,Diesel,Individual,Manual,First Owner,1248.0,88.5,57.16,5.0
Hyundai i20 1.2 Asta Option,2017,18369.44,12427.4,Petrol,Individual,Manual,First Owner,1197.0,81.83,43.75,5.0
Tata Nexon 1.2 Revotron XZ Plus,2018,21031.67,9320.6,Petrol,Individual,Manual,First Owner,1198.0,108.5,39.99,5.0
Maruti Alto K10 2010-2014 VXI,2014,6788.68,24854.8,Petrol,Individual,Manual,Second Owner,998.0,67.1,49.21,5.0
Honda Jazz 1.2 V i VTEC,2016,13311.18,25476.2,Petrol,Individual,Manual,First Owner,1199.0,88.7,43.99,5.0
Mahindra Bolero SLX,2011,9051.61,62137.1,Diesel,Individual,Manual,Second Owner,2523.0,63.0,31.99,7.0
Mahindra Bolero SLX,2007,6522.48,68350.8,Diesel,Individual,Manual,Third Owner,2523.0,63.0,31.99,7.0
Ford Fiesta Classic 1.4 Duratorq CLXI,2012,9051.61,74564.5,Diesel,Individual,Manual,Third Owner,1399.0,67.0,41.87,5.0
Maruti Wagon R LXI,2008,5883.54,21753.0,Petrol,Dealer,Manual,First Owner,998.0,67.05,51.25,5.0
Datsun RediGO T,2017,7188.04,19324.6,Petrol,Dealer,Manual,First Owner,799.0,53.64,53.39,5.0
Hyundai Xcent 1.1 CRDi Base,2014,12113.18,26291.4,Diesel,Dealer,Manual,First Owner,1120.0,71.0,57.39,5.0
Toyota Etios G Safety,2011,7986.71,44738.7,Petrol,Dealer,Manual,First Owner,1496.0,88.7,41.4,5.0
Toyota Etios Liva 1.4 GD,2014,12778.74,34107.7,Diesel,Dealer,Manual,First Owner,1364.0,67.04,55.49,5.0
Hyundai Verna CRDi 1.6 AT SX Plus,2018,26622.37,18641.1,Diesel,Individual,Automatic,First Owner,1582.0,126.2,51.75,5.0
BMW 3 Series 320d Luxury Line Plus,2017,69218.16,27340.3,Diesel,Dealer,Automatic,First Owner,1995.0,190.0,53.37,5.0
Toyota Innova Crysta 2.8 ZX AT BSIV,2017,49251.38,11737.7,Diesel,Dealer,Automatic,First Owner,2755.0,171.5,26.72,7.0
Renault Koleos 2.0 Diesel,2013,26622.37,46609.0,Diesel,Dealer,Automatic,First Owner,1995.0,148.0,32.3,5.0
Renault Pulse RxZ Optional,2012,6522.48,62137.1,Diesel,Dealer,Manual,First Owner,1461.0,63.1,54.29,5.0
Hyundai Grand i10 Magna AT,2019,16638.98,2694.9,Petrol,Dealer,Automatic,First Owner,1197.0,82.0,44.46,5.0
Volkswagen Polo 2015-2019 1.0 MPI Trendline,2018,14908.53,9006.8,Petrol,Dealer,Manual,First Owner,999.0,75.0,44.17,5.0
Mahindra XUV500 W9 BSIV,2018,39268.0,14912.9,Diesel,Dealer,Manual,First Owner,2179.0,152.87,35.52,7.0
Toyota Corolla Altis Diesel D4DG,2010,11314.51,51937.3,Diesel,Dealer,Manual,First Owner,1364.0,87.2,50.41,5.0
Volkswagen Polo GT TSI,2014,14642.3,19262.5,Petrol,Dealer,Automatic,Second Owner,1197.0,103.6,40.48,5.0
Toyota Innova Crysta 2.4 GX MT BSIV,2016,39268.0,62137.1,Diesel,Dealer,Manual,First Owner,2393.0,147.8,32.18,7.0
Renault Duster 85PS Diesel RxL,2017,19966.78,30078.1,Diesel,Dealer,Manual,First Owner,1461.0,83.8,46.74,5.0
Hyundai i20 Era 1.4 CRDi,2016,15174.75,34945.3,Diesel,Dealer,Manual,First Owner,1396.0,88.73,53.02,5.0
Maruti Baleno Delta 1.2,2015,15574.09,20656.2,Petrol,Dealer,Manual,First Owner,1197.0,83.1,50.34,5.0
Honda Jazz 1.2 S AT i VTEC,2016,15973.42,16155.6,Petrol,Dealer,Automatic,First Owner,1199.0,88.7,44.69,5.0
Hyundai i20 Active 1.2 SX with AVN,2016,14109.86,74564.5,Petrol,Individual,Manual,Second Owner,1197.0,81.86,40.43,5.0
Ford Ikon 1.3 Flair,2005,3993.36,9853.7,Petrol,Individual,Manual,First Owner,1299.0,70.0,32.46,5.0
Maruti Alto 800 LXI,2017,8252.93,9320.6,Petrol,Individual,Manual,First Owner,796.0,47.3,58.1,5.0
Chevrolet Beat Diesel,2013,5324.47,37282.3,Diesel,Individual,Manual,Second Owner,936.0,57.6,59.84,5.0
Renault Lodgy 85PS RxE 7 Seater,2018,23960.13,21748.0,Diesel,Individual,Manual,First Owner,1461.0,83.8,49.49,7.0
Ambassador CLASSIC 1500 DSL AC,2000,1996.68,55923.4,Diesel,Individual,Manual,Second Owner,1489.0,35.5,30.11,5.0
Maruti Swift LXI Optional-O,2015,10648.95,31068.6,Petrol,Individual,Manual,First Owner,1197.0,83.11,47.98,5.0
Honda Mobilio RS i DTEC,2015,17304.54,68350.8,Diesel,Individual,Manual,First Owner,1498.0,98.6,57.63,7.0
Maruti Swift VDI,2015,12778.74,54585.6,Diesel,Dealer,Manual,First Owner,1248.0,74.0,66.8,5.0
Maruti Alto LXi,2009,3727.13,21748.0,Petrol,Individual,Manual,First Owner,796.0,46.3,46.34,5.0
Maruti Swift VXI 2018,2018,14642.3,3106.9,Petrol,Individual,Manual,First Owner,1197.0,81.8,51.75,5.0
Maruti Wagon R AMT VXI,2017,10116.5,18019.8,Petrol,Individual,Automatic,First Owner,998.0,67.0,48.24,5.0
Tata Indigo CS LS (TDI) BS-III,2016,11713.84,12427.4,Diesel,Individual,Manual,First Owner,1405.0,69.01,44.9,5.0
Maruti Swift Dzire VXI 1.2,2018,16772.09,9320.6,Petrol,Individual,Manual,First Owner,1197.0,81.8,49.89,5.0
Renault KWID RXL,2017,6655.59,24854.8,Petrol,Individual,Manual,First Owner,799.0,53.3,59.2,5.0
Maruti Alto LX,2009,3194.68,10563.3,Petrol,Individual,Manual,First Owner,796.0,46.3,46.34,5.0
Tata Manza Aura Quadrajet BS IV,2012,7640.62,74564.5,Diesel,Individual,Manual,First Owner,1248.0,88.8,49.68,5.0
Maruti Baleno Delta 1.2,2016,14642.3,27961.7,Petrol,Individual,Manual,First Owner,1197.0,83.1,50.34,5.0
Mahindra Scorpio 1.99 S10 4WD,2016,25291.25,37282.3,Diesel,Individual,Manual,Third Owner,1997.0,120.0,36.22,7.0
Tata Harrier XZ Dark Edition BSIV,2019,43394.46,15534.3,Diesel,Individual,Manual,First Owner,1956.0,138.1,39.99,5.0
Ford Fiesta 1.5 TDCi Trend,2015,13337.81,49709.7,Diesel,Individual,Manual,Second Owner,1498.0,89.75,58.83,5.0
Mahindra Bolero 2011-2019 ZLX BSIII,2014,14642.3,43496.0,Diesel,Individual,Manual,First Owner,2523.0,62.1,37.54,7.0
Maruti Alto 800 LXI,2016,7986.71,15534.3,Petrol,Individual,Manual,First Owner,796.0,47.3,53.49,5.0
Maruti Wagon R VXI BS IV,2015,7986.71,31068.6,Petrol,Individual,Manual,Third Owner,998.0,67.04,48.24,5.0
Chevrolet Sail 1.2 LS ABS,2016,14642.3,9320.6,Petrol,Individual,Manual,First Owner,1199.0,82.4,42.81,5.0
Mahindra XUV500 W8 2WD,2012,18635.66,62137.1,Diesel,Individual,Manual,Second Owner,2179.0,140.0,35.52,7.0
Tata Indigo CS eGLX BS IV,2011,4818.65,43496.0,Petrol,Individual,Manual,First Owner,1193.0,64.1,36.79,5.0
Mahindra Scorpio VLS AT 2.2 mHAWK,2009,9717.17,68350.8,Diesel,Individual,Automatic,Second Owner,2179.0,120.0,27.73,8.0
Maruti Alto K10 VXI AGS Optional,2017,10648.95,6213.7,Petrol,Individual,Automatic,First Owner,998.0,67.1,56.33,5.0
Hyundai i10 Sportz,2010,5590.7,68350.8,Petrol,Individual,Manual,First Owner,1197.0,78.9,47.89,5.0
Hyundai Verna 1.6 SX,2013,13311.18,54059.3,Diesel,Individual,Manual,Second Owner,1582.0,126.32,52.5,5.0
Jaguar XE 2016-2019 2.0L Diesel Prestige,2017,72173.24,5592.3,Diesel,Dealer,Automatic,First Owner,1999.0,177.0,31.99,5.0
Tata Zest Revotron 1.2 XT,2017,14642.3,74564.5,Petrol,Individual,Manual,First Owner,1193.0,88.7,41.33,5.0
Maruti Ertiga ZDI,2013,13577.38,91962.9,Diesel,Individual,Manual,First Owner,1248.0,88.8,48.85,7.0
Hyundai i20 Asta 1.4 CRDi,2013,12246.26,37282.3,Diesel,Individual,Manual,Second Owner,1396.0,88.76,50.03,5.0
Maruti Alto 800 LXI,2015,8252.93,11184.7,Petrol,Individual,Manual,First Owner,796.0,47.3,53.49,5.0
Tata Zest Quadrajet 1.3 75PS XMS,2018,20632.34,49709.7,Diesel,Individual,Manual,First Owner,1248.0,74.0,53.98,5.0
Maruti Alto LXI,2004,2795.35,59651.6,Petrol,Individual,Manual,Third Owner,796.0,46.3,46.34,5.0
Honda Amaze S i-Dtech,2015,11447.62,60273.0,Diesel,Individual,Manual,Second Owner,1498.0,98.6,60.69,5.0
Hyundai i20 Sportz 1.4 CRDi,2013,9584.05,130487.9,Diesel,Individual,Manual,Third Owner,1396.0,88.76,51.51,5.0
Volkswagen Vento Diesel Breeze,2012,10648.95,37282.3,Diesel,Individual,Manual,Third Owner,1598.0,105.0,48.22,5.0
Maruti Swift Dzire ZDI,2014,15973.42,55923.4,Diesel,Individual,Manual,First Owner,1248.0,74.0,55.04,5.0
Honda WR-V i-VTEC VX,2019,15440.97,21748.0,Petrol,Individual,Manual,First Owner,1199.0,88.7,41.16,5.0
Mahindra Verito 1.5 D2 BSIV,2012,3727.13,74564.5,Diesel,Individual,Manual,Second Owner,1461.0,65.0,49.47,5.0
Tata Indigo TDI,2008,5590.7,62137.1,Diesel,Individual,Manual,First Owner,1405.0,70.0,46.13,5.0
Hyundai Grand i10 Asta Option,2017,14642.3,12427.4,Petrol,Individual,Manual,First Owner,1197.0,82.0,44.46,5.0
Chevrolet Sail Hatchback Petrol LS ABS,2013,3194.68,68350.8,Petrol,Individual,Manual,Second Owner,1199.0,84.8,42.81,5.0
Toyota Innova 2.5 GX (Diesel) 7 Seater,2013,10648.95,21748.0,Diesel,Individual,Manual,First Owner,2494.0,100.6,30.55,7.0
Honda WR-V i-DTEC VX,2018,27554.15,9320.6,Diesel,Individual,Manual,First Owner,1498.0,98.6,59.98,5.0
Maruti Ciaz VDi Plus,2015,16638.98,55923.4,Diesel,Individual,Manual,First Owner,1248.0,88.5,61.65,5.0
Hyundai i10 Magna,2008,5324.47,24854.8,Petrol,Individual,Manual,First Owner,1197.0,78.9,47.89,5.0
Tata Manza Club Class Quadrajet90 EX,2013,8412.67,86991.9,Diesel,Individual,Manual,First Owner,1248.0,88.76,49.44,5.0
Maruti Vitara Brezza ZDi,2017,21643.99,68350.8,Diesel,Individual,Manual,First Owner,1248.0,88.5,57.16,5.0
Toyota Innova Crysta 2.8 GX AT BSIV,2016,41930.23,34175.4,Diesel,Individual,Automatic,First Owner,2755.0,171.5,26.72,7.0
Toyota Innova 2.5 VX (Diesel) 8 Seater,2013,23960.13,45360.1,Diesel,Individual,Manual,First Owner,2494.0,100.0,30.55,8.0
Maruti Ertiga VDI,2015,17304.54,62137.1,Diesel,Individual,Manual,First Owner,1248.0,88.76,48.85,7.0
Ford Figo Aspire 1.5 TDCi Trend,2015,12246.26,19883.9,Diesel,Individual,Manual,Second Owner,1498.0,99.0,60.76,5.0
Nissan Sunny Diesel XV,2012,7720.49,69638.3,Diesel,Individual,Manual,First Owner,1461.0,84.8,50.9,5.0
Ford Figo Diesel EXI,2014,10648.95,18641.1,Diesel,Individual,Manual,First Owner,1399.0,68.05,47.04,5.0
Maruti Swift VDI BSIV,2016,15041.64,43496.0,Diesel,Individual,Manual,Second Owner,1248.0,74.0,59.27,5.0
Chevrolet Spark 1.0 LS,2009,3993.36,49709.7,Petrol,Individual,Manual,Second Owner,995.0,62.0,42.34,5.0
BMW 3 Series 320d Sedan,2007,12778.74,68350.8,Diesel,Individual,Automatic,Fourth & Above Owner,1995.0,181.0,37.8,5.0
Maruti Zen Estilo 1.1 LX BSIII,2007,1863.57,49709.7,Petrol,Individual,Manual,Second Owner,1061.0,64.0,42.81,5.0
Mercedes-Benz E-Class E 250 Elegance,2011,31680.62,49709.7,Petrol,Individual,Automatic,Second Owner,2497.0,204.0,25.71,5.0
Ford EcoSport 1.5 Diesel Titanium Plus BSIV,2018,23960.13,11806.0,Diesel,Individual,Manual,First Owner,1498.0,98.96,54.1,5.0
Hyundai i20 Sportz Option 1.4 CRDi,2015,15973.42,24854.8,Diesel,Individual,Manual,First Owner,1396.0,88.73,53.02,5.0
Mahindra Scorpio S10 7 Seater,2015,29284.61,32478.4,Diesel,Individual,Manual,First Owner,2179.0,120.0,36.22,7.0
Hyundai i20 Magna,2009,6123.12,37282.3,Petrol,Individual,Manual,Third Owner,1197.0,80.0,43.51,5.0
Honda Amaze i-VTEC Privilege Edition,2017,15174.75,9805.2,Petrol,Individual,Manual,First Owner,1198.0,86.7,41.87,5.0
Hyundai Verna 1.6 SX,2014,15307.86,65865.3,Diesel,Individual,Manual,First Owner,1582.0,126.32,52.5,5.0
Volkswagen Vento Diesel Highline,2012,7454.26,49709.7,Diesel,Individual,Manual,Third Owner,1598.0,103.6,48.31,5.0
Hyundai i20 Active 1.4 SX Dual Tone,2015,15440.97,45981.5,Diesel,Individual,Manual,Second Owner,1396.0,88.73,49.84,5.0
Maruti Ertiga VDI,2018,23294.57,21748.0,Diesel,Individual,Manual,Second Owner,1248.0,88.5,59.91,7.0
Hyundai Verna 1.6 SX CRDi (O),2013,13311.18,43496.0,Diesel,Individual,Manual,Third Owner,1582.0,126.32,52.5,5.0
Maruti Ciaz ZDi,2015,18635.66,37282.3,Diesel,Individual,Manual,First Owner,1248.0,88.5,61.65,5.0
Ford Figo 1.2P Titanium MT,2016,10329.48,31068.6,Petrol,Individual,Manual,Second Owner,1196.0,86.8,42.72,5.0
Hyundai i10 Sportz,2011,5990.03,49709.7,Petrol,Individual,Manual,Second Owner,1197.0,78.9,47.89,5.0
Tata Indigo CS eGLX BS IV,2011,2396.01,55923.4,Petrol,Individual,Manual,Second Owner,1193.0,64.08,36.79,5.0
Renault Duster 110PS Diesel RxZ,2014,15973.42,70836.3,Diesel,Individual,Manual,First Owner,1461.0,108.45,44.71,5.0
Hyundai i20 Magna,2009,6256.26,62137.1,Petrol,Individual,Manual,First Owner,1197.0,80.0,43.51,5.0
Hyundai i20 1.4 CRDi Asta,2011,9317.83,62137.1,Diesel,Individual,Manual,Second Owner,1396.0,90.0,54.1,5.0
Hyundai i10 Sportz,2011,6256.26,49709.7,Petrol,Individual,Manual,Second Owner,1197.0,78.9,47.89,5.0
Maruti Alto LXi,2010,5058.25,21748.0,Petrol,Individual,Manual,First Owner,796.0,46.3,46.34,5.0
Tata Manza Aura (ABS) Quadrajet BS IV,2011,8652.27,49088.3,Diesel,Individual,Manual,First Owner,1248.0,88.8,49.68,5.0
Volkswagen Vento Diesel Highline,2011,7986.71,74564.5,Diesel,Individual,Manual,Third Owner,1598.0,103.6,48.31,5.0
Tata Tigor 1.2 Revotron XT,2017,14642.3,6213.7,Petrol,Individual,Manual,First Owner,1199.0,84.0,47.75,5.0
Mahindra XUV500 W8 AWD,2013,19168.11,93205.6,Diesel,Individual,Manual,Second Owner,2179.0,140.0,35.52,7.0
Nissan Micra XE,2011,2928.46,68350.8,Petrol,Individual,Manual,First Owner,1198.0,75.0,42.48,5.0
Maruti Alto 800 VXI,2018,8252.93,6213.7,Petrol,Individual,Manual,First Owner,796.0,47.3,58.1,5.0
Tata Indica Vista TDI LX,2012,6921.82,28583.1,Diesel,Individual,Manual,First Owner,1405.0,70.0,45.63,5.0
Hyundai Accent GLS,2002,1464.23,74564.5,Petrol,Individual,Manual,Fourth & Above Owner,1495.0,94.0,31.05,5.0
Maruti Swift VDI,2013,11980.07,67605.2,Diesel,Individual,Manual,Third Owner,1248.0,74.0,53.86,5.0
Hyundai i10 Sportz Option,2009,5297.85,43496.0,Petrol,Individual,Manual,Second Owner,1197.0,78.9,47.89,5.0
Mahindra Scorpio S3 9 Seater BSIV,2018,26622.37,21748.0,Diesel,Individual,Manual,First Owner,2523.0,75.0,36.22,7.0
Ford Figo Diesel EXI,2011,6389.37,44738.7,Diesel,Individual,Manual,First Owner,1399.0,68.0,47.04,5.0
Renault KWID RXL,2018,9317.83,24854.8,Petrol,Individual,Manual,First Owner,799.0,53.3,59.2,5.0
Mahindra Bolero 2011-2019 ZLX BSIII,2014,14109.86,74564.5,Diesel,Individual,Manual,Third Owner,2523.0,62.1,37.54,7.0
Chevrolet Spark 1.0 LS,2011,3993.36,21748.0,Petrol,Individual,Manual,First Owner,995.0,62.0,42.34,5.0
Hyundai Elite i20 Magna Plus BSIV,2019,16638.98,7767.1,Petrol,Individual,Manual,First Owner,1197.0,81.86,43.75,5.0
Hyundai Grand i10 Magna,2014,10063.26,49709.7,Petrol,Individual,Manual,First Owner,1197.0,82.0,44.46,5.0
Renault KWID RXT,2015,5590.7,130487.9,Petrol,Individual,Manual,Second Owner,799.0,53.3,59.2,5.0
Maruti Swift Dzire VDI,2018,18635.66,62137.1,Diesel,Individual,Manual,Second Owner,1248.0,74.02,66.8,5.0
Hyundai Santro Xing GL Plus,2011,4153.09,68350.8,Petrol,Individual,Manual,Second Owner,1086.0,62.1,42.15,5.0
Mahindra Bolero Power Plus ZLX,2016,18635.66,64001.2,Diesel,Individual,Manual,First Owner,1493.0,70.0,38.81,7.0
Maruti Alto LX,2006,3194.68,62137.1,Petrol,Individual,Manual,Second Owner,796.0,46.3,46.34,5.0
Honda Amaze S AT i-Vtech,2015,11048.28,27961.7,Petrol,Individual,Automatic,First Owner,1198.0,86.7,36.46,5.0
Honda Amaze S AT i-Vtech,2015,11980.07,27961.7,Petrol,Individual,Automatic,First Owner,1198.0,86.7,36.46,5.0
Honda Brio S MT,2014,8652.27,24854.8,Petrol,Individual,Manual,Third Owner,1198.0,86.8,45.63,5.0
Hyundai EON Magna Plus,2017,7054.93,62137.1,Petrol,Individual,Manual,First Owner,814.0,55.2,49.63,5.0
Maruti Omni 8 Seater BSII,2008,2662.24,74564.5,Petrol,Individual,Manual,Second Owner,796.0,35.0,46.34,8.0
Tata Zest Quadrajet 1.3 XM,2015,10648.95,62137.1,Diesel,Individual,Manual,First Owner,1248.0,88.7,54.1,5.0
Hyundai i20 Magna Optional 1.4 CRDi,2013,9184.72,24854.8,Diesel,Individual,Manual,First Owner,1396.0,88.8,51.51,5.0
Mahindra Thar CRDe,2018,22629.01,9320.6,Diesel,Individual,Manual,Second Owner,2498.0,105.0,38.93,6.0
Maruti Ignis 1.2 AMT Zeta BSIV,2018,16505.87,9320.6,Petrol,Individual,Automatic,First Owner,1197.0,81.8,49.14,5.0
Maruti Baleno Alpha 1.2,2018,18635.66,6213.7,Petrol,Individual,Manual,Second Owner,1197.0,83.1,50.34,5.0
Tata Indica Vista Quadrajet VX,2012,5324.47,55923.4,Diesel,Individual,Manual,First Owner,1248.0,74.0,52.45,5.0
Mahindra Bolero Power Plus LX,2017,17570.76,49709.7,Diesel,Individual,Manual,First Owner,1493.0,70.0,38.81,7.0
Mitsubishi Pajero Sport 4X4,2015,45258.03,24233.5,Diesel,Individual,Manual,First Owner,2477.0,175.56,31.75,7.0
Tata Indica V2 DLE BSIII,2009,2396.01,37282.3,Diesel,Individual,Manual,Second Owner,1396.0,52.8,42.06,5.0
Mahindra XUV500 W6 2WD,2015,27953.49,17398.4,Diesel,Individual,Manual,Second Owner,2179.0,140.0,35.52,7.0
Ford Figo Petrol EXI,2010,4259.58,55923.4,Petrol,Individual,Manual,Second Owner,1196.0,70.0,36.69,5.0
Honda Civic 1.8 (E) MT,2006,3993.36,49709.7,Petrol,Individual,Manual,Third Owner,1799.0,130.0,31.75,5.0
Maruti Zen Estilo LX BSIV,2010,5324.47,21748.0,Petrol,Individual,Manual,First Owner,998.0,67.1,44.69,5.0
Toyota Corolla Altis Diesel D4DG,2011,9717.17,114953.6,Diesel,Individual,Manual,Second Owner,1364.0,87.2,50.41,5.0
Fiat Punto 1.2 Active,2009,3727.13,68350.8,Petrol,Individual,Manual,Second Owner,1172.0,67.0,36.93,5.0
Fiat Avventura Power Up 1.3 Active,2016,9584.05,62137.1,Diesel,Individual,Manual,First Owner,1248.0,91.72,48.22,5.0
Honda City 2017-2020 GXi,2008,5324.47,68350.8,Petrol,Individual,Manual,Second Owner,1497.0,78.0,41.63,5.0
Skoda Laura Ambiente,2010,6655.59,62137.1,Diesel,Individual,Manual,Second Owner,1896.0,106.0,41.16,5.0
Skoda Laura Ambiente 1.9 PD,2008,6123.12,68350.8,Diesel,Individual,Manual,Second Owner,1896.0,106.0,41.16,5.0
Ford Fiesta 1.4 ZXi TDCi ABS,2011,8519.16,80778.2,Diesel,Individual,Manual,Second Owner,1399.0,68.0,41.87,5.0
Hyundai Creta 1.6 SX,2018,31946.84,16777.0,Petrol,Individual,Manual,First Owner,1591.0,121.3,37.16,5.0
Maruti Baleno Zeta Automatic,2018,19700.55,5592.3,Petrol,Individual,Automatic,First Owner,1197.0,83.1,50.34,5.0
Maruti Ignis 1.2 AMT Zeta BSIV,2019,15174.75,11806.0,Petrol,Individual,Automatic,Second Owner,1197.0,81.8,49.14,5.0
Tata Indigo CR4,2013,6655.59,62137.1,Diesel,Individual,Manual,First Owner,1396.0,70.0,55.44,5.0
Maruti Wagon R AMT VXI,2017,11447.62,12427.4,Petrol,Individual,Automatic,First Owner,998.0,67.0,48.24,5.0
Hyundai EON Era,2014,5990.03,21748.0,Petrol,Individual,Manual,First Owner,814.0,55.2,49.63,5.0
Hyundai i20 Sportz 1.4 CRDi,2014,11713.84,43496.0,Diesel,Individual,Manual,Second Owner,1396.0,88.73,53.02,5.0
Maruti Vitara Brezza ZDi Plus Dual Tone,2016,21297.9,43496.0,Diesel,Individual,Manual,First Owner,1248.0,88.5,57.16,5.0
Hyundai Grand i10 CRDi Sportz,2015,11980.07,32932.7,Diesel,Individual,Manual,First Owner,1120.0,70.0,56.45,5.0
Maruti Swift Dzire VDI,2013,11181.4,65244.0,Diesel,Individual,Manual,Second Owner,1248.0,74.0,55.04,5.0
Toyota Innova 2.5 EV PS 8 STR BSIV,2011,13311.18,75770.6,Diesel,Dealer,Manual,First Owner,2494.0,102.0,30.11,8.0
Tata Tiago 1.2 Revotron XZ,2016,9317.83,9320.6,Petrol,Individual,Manual,First Owner,1199.0,84.0,56.08,5.0
Mahindra Xylo D2 BSIV,2014,7454.26,62137.1,Diesel,Individual,Manual,First Owner,2489.0,95.0,32.93,8.0
Renault Duster 85PS Diesel RxL Optional with Nav,2013,11314.51,94564.0,Diesel,Dealer,Manual,Second Owner,1461.0,83.8,48.1,5.0
Hyundai i10 Magna,2013,7853.6,51105.3,Petrol,Dealer,Manual,First Owner,1197.0,78.9,47.89,5.0
Maruti Swift VXI Optional,2016,14376.08,12427.4,Petrol,Individual,Manual,First Owner,1197.0,81.8,47.98,5.0
Maruti Swift Dzire ZDI,2017,20073.27,24854.8,Diesel,Individual,Manual,First Owner,1248.0,74.02,66.8,5.0
Toyota Innova 2.5 GX 8 STR BSIV,2011,17304.54,55662.4,Diesel,Dealer,Manual,Second Owner,2494.0,102.0,30.11,8.0
Toyota Innova 2.5 VX 7 STR,2011,14642.3,155342.8,Diesel,Individual,Manual,Second Owner,2494.0,102.0,30.11,7.0
Toyota Innova 2.5 V Diesel 7-seater,2011,14642.3,155342.8,Diesel,Individual,Manual,Second Owner,2494.0,102.0,30.11,7.0
Ford Figo 1.2P Titanium MT,2019,17970.1,1733.0,Petrol,Dealer,Manual,First Owner,1196.0,86.8,42.72,5.0
Ford Freestyle Titanium Plus Diesel,2018,18635.66,21920.7,Diesel,Dealer,Manual,First Owner,1499.0,98.97,55.98,5.0
Ford Freestyle Titanium Diesel,2018,21164.78,1777.1,Diesel,Dealer,Manual,First Owner,1499.0,98.97,55.98,5.0
Toyota Innova 2.5 VX 7 STR,2010,13710.52,124274.2,Diesel,Individual,Manual,First Owner,2494.0,102.0,30.11,7.0
Mahindra KUV 100 G80 K4 Plus,2018,11980.07,12427.4,Petrol,Individual,Manual,First Owner,1198.0,82.0,42.69,6.0
Hyundai Getz 1.1 GVS,2008,4126.47,37282.3,Petrol,Individual,Manual,Third Owner,1086.0,66.6,35.28,5.0
Toyota Etios VXD,2011,9317.83,62137.1,Diesel,Individual,Manual,Second Owner,1364.0,67.1,55.49,5.0
Ford Figo Diesel Titanium,2011,6655.59,48816.1,Diesel,Dealer,Manual,First Owner,1399.0,68.0,47.04,5.0
Hyundai Verna 1.6 SX,2011,11980.07,59651.6,Diesel,Individual,Manual,Fourth & Above Owner,1582.0,126.32,52.5,5.0
Maruti 800 EX BSII,2003,1480.18,22424.0,Petrol,Individual,Manual,First Owner,796.0,37.0,37.87,4.0
Hyundai i20 Sportz 1.4 CRDi,2014,11181.4,31068.6,Diesel,Individual,Manual,First Owner,1396.0,88.73,53.02,5.0
Maruti S-Cross 2017-2020 Alpha DDiS 200 SH,2018,19966.78,24854.8,Diesel,Individual,Manual,First Owner,1248.0,88.5,59.04,5.0
Datsun GO T Option,2020,11980.07,6213.7,Petrol,Individual,Manual,First Owner,1198.0,67.05,44.74,5.0
Maruti Swift Vdi BSIII,2008,4658.91,37282.3,Diesel,Individual,Manual,Second Owner,1248.0,75.0,41.87,5.0
Hyundai i20 Active SX Petrol,2019,17304.54,6213.7,Petrol,Individual,Manual,First Owner,1197.0,81.86,40.43,5.0
Maruti Ertiga ZDI Plus,2018,27953.49,6213.7,Diesel,Individual,Manual,First Owner,1248.0,88.5,59.91,7.0
Hyundai Verna 1.6 SX CRDi (O),2011,9983.39,21748.0,Diesel,Individual,Manual,Second Owner,1582.0,126.32,52.5,5.0
Hyundai Santa Fe 2WD MT,2014,29284.61,49709.7,Diesel,Individual,Manual,First Owner,2199.0,194.3,34.67,7.0
Mahindra XUV500 W11 BSIV,2019,41264.67,17398.4,Diesel,Individual,Manual,First Owner,2179.0,152.87,35.52,7.0
Ford Figo Aspire 1.5 TDCi Sports Edition,2017,16505.87,21748.0,Diesel,Individual,Manual,First Owner,1498.0,99.0,57.13,5.0
Jeep Compass 2.0 Limited 4X4,2017,40226.4,19883.9,Diesel,Individual,Manual,First Owner,1956.0,170.0,38.34,5.0
Maruti Wagon R LXI,2003,3594.02,24854.8,Petrol,Individual,Manual,First Owner,998.0,67.1,44.46,5.0
Renault KWID RXL,2019,8519.16,6213.7,Petrol,Individual,Manual,First Owner,799.0,53.3,59.2,5.0
Mahindra XUV500 W11 AT BSIV,2019,43926.91,15534.3,Diesel,Individual,Automatic,Second Owner,2179.0,152.87,35.52,7.0
Maruti Alto K10 VXI,2016,8519.16,31068.6,Petrol,Individual,Manual,First Owner,998.0,67.05,56.33,5.0
Maruti Swift Dzire Zdi BSIV,2012,10648.95,80156.9,Diesel,Individual,Manual,First Owner,1248.0,73.9,45.4,5.0
Mahindra XUV500 AT W10 FWD,2015,23960.13,62137.1,Diesel,Individual,Automatic,Second Owner,2179.0,140.0,37.63,7.0
Maruti Alto 800 LXI,2018,8252.93,18641.1,Petrol,Individual,Manual,First Owner,796.0,47.3,58.1,5.0
Tata Nexon 1.2 Revotron XM,2018,15840.31,17398.4,Petrol,Individual,Manual,Second Owner,1198.0,108.5,39.99,5.0
Mahindra Verito 1.6 G6 Executive BSIII,2013,9317.83,43496.0,Petrol,Individual,Manual,First Owner,1598.0,86.0,32.62,5.0
Tata Indica Vista TDI LX,2013,7321.15,68350.8,Diesel,Individual,Manual,First Owner,1405.0,70.0,44.93,5.0
Maruti Eeco 5 Seater AC BSIV,2019,11181.4,6213.7,Petrol,Individual,Manual,First Owner,1196.0,73.0,36.15,5.0
Hyundai Verna CRDi SX ABS,2008,6655.59,68350.8,Diesel,Individual,Manual,Second Owner,1493.0,110.0,42.57,5.0
Maruti Swift Ldi BSIV,2007,6655.59,62137.1,Diesel,Individual,Manual,Second Owner,1248.0,75.0,41.87,5.0
Hyundai Xcent 1.2 Kappa AT SX Option,2016,13976.74,37282.3,Petrol,Individual,Automatic,First Owner,1197.0,82.0,39.75,5.0
Mahindra Scorpio LX 2.6 Turbo,2008,6655.59,68350.8,Diesel,Individual,Manual,Third Owner,2609.0,120.0,24.7,7.0
Maruti Celerio VXI,2017,11447.62,6213.7,Petrol,Individual,Manual,First Owner,998.0,67.04,54.33,5.0
Maruti Baleno Zeta 1.2,2017,16772.09,21748.0,Petrol,Individual,Manual,First Owner,1197.0,83.1,50.34,5.0
Tata Tigor 1.2 Revotron XZ Option,2018,14642.3,14291.5,Petrol,Individual,Manual,First Owner,1199.0,84.0,47.75,5.0
Maruti Swift VDI,2019,16772.09,9320.6,Diesel,Individual,Manual,Second Owner,1248.0,74.0,66.8,5.0
Mahindra Bolero SLX 2WD,2011,12113.18,55923.4,Diesel,Individual,Manual,First Owner,2523.0,63.0,31.99,7.0
Mahindra Bolero SLX 2WD,2011,11846.95,55923.4,Diesel,Individual,Manual,First Owner,2523.0,63.0,31.99,7.0
Hyundai i20 Sportz 1.4 CRDi,2013,9850.28,49709.7,Diesel,Individual,Manual,First Owner,1396.0,88.76,51.51,5.0
Hyundai Grand i10 Sportz,2016,13311.18,31068.6,Petrol,Individual,Manual,First Owner,1197.0,82.0,44.46,5.0
Tata Indica Vista TDI LX,2012,3727.13,114953.6,Diesel,Individual,Manual,Second Owner,1405.0,70.0,45.63,5.0
Maruti Swift VXI,2019,14642.3,24854.8,Petrol,Individual,Manual,First Owner,1197.0,81.8,49.89,5.0
Renault KWID 1.0 RXT Optional,2017,7986.71,18641.1,Petrol,Individual,Manual,First Owner,999.0,67.0,54.12,5.0
Tata Indigo CS eLX BS IV,2011,3993.36,74564.5,Diesel,Individual,Manual,First Owner,1396.0,69.0,54.17,5.0
Maruti Wagon R VXI BS IV,2011,6123.12,310685.5,Petrol,Individual,Manual,Second Owner,998.0,67.1,44.46,5.0
Mahindra Scorpio Intelli Hybrid S6 Plus,2017,23427.69,28583.1,Diesel,Individual,Manual,First Owner,2179.0,120.0,36.22,7.0
Toyota Fortuner 3.0 Diesel,2011,23960.13,74564.5,Diesel,Individual,Manual,First Owner,2982.0,171.0,27.05,7.0
Hyundai i20 Magna 1.4 CRDi,2016,14642.3,55923.4,Diesel,Individual,Manual,Second Owner,1396.0,88.73,53.02,5.0
Maruti Swift VDI BSIV,2016,14242.97,43496.0,Diesel,Individual,Manual,First Owner,1248.0,74.0,59.27,5.0
Hyundai Xcent 1.1 CRDi Base,2015,8519.16,56544.8,Diesel,Individual,Manual,Third Owner,1120.0,71.0,57.39,5.0
Hyundai i20 Sportz Option 1.4 CRDi,2015,13311.18,55923.4,Diesel,Individual,Manual,First Owner,1396.0,88.73,53.02,5.0
Maruti Ertiga VDI,2014,13976.74,68350.8,Diesel,Individual,Manual,Second Owner,1248.0,88.76,48.85,7.0
Renault KWID 1.0 RXT BSIV,2019,5856.92,55923.4,Petrol,Individual,Manual,First Owner,999.0,67.0,54.12,5.0
Tata Tiago 1.2 Revotron XT,2018,9317.83,31068.6,Petrol,Individual,Manual,First Owner,1199.0,84.0,56.08,5.0
Mahindra TUV 300 mHAWK100 T8,2016,14109.86,37282.3,Diesel,Individual,Manual,First Owner,1493.0,100.0,43.49,7.0
Maruti Alto 800 LXI,2013,5723.81,21748.0,Petrol,Individual,Manual,First Owner,796.0,47.3,53.49,5.0
Volkswagen Vento Diesel Highline,2012,8918.49,62137.1,Diesel,Individual,Manual,First Owner,1598.0,103.6,48.31,5.0
Hyundai Xcent 1.1 CRDi Base,2015,8519.16,55923.4,Diesel,Individual,Manual,Second Owner,1120.0,71.0,57.39,5.0
Ford Figo Diesel LXI,2011,3594.02,74564.5,Diesel,Individual,Manual,Second Owner,1399.0,68.0,47.04,5.0
Maruti A-Star Vxi,2009,4658.91,59030.2,Petrol,Individual,Manual,Second Owner,998.0,66.1,44.69,5.0
Mahindra Bolero 2011-2019 ZLX,2017,21297.9,21748.0,Diesel,Individual,Manual,First Owner,2523.0,62.1,37.54,7.0
Tata Indica GLS BS IV,2007,2076.54,23612.1,Petrol,Individual,Manual,Second Owner,1193.0,65.3,35.99,5.0
Honda City i VTEC VX,2014,15041.64,34796.8,Petrol,Individual,Manual,Second Owner,1497.0,117.3,40.93,5.0
Hyundai i20 2015-2017 Sportz 1.4 CRDi,2017,15307.86,31068.6,Diesel,Individual,Manual,First Owner,1396.0,88.73,53.02,5.0
Hyundai EON Era Plus,2014,4525.8,43496.0,Petrol,Individual,Manual,Second Owner,814.0,55.2,49.63,5.0
Maruti Alto 800 VXI,2014,6682.19,18641.1,Petrol,Individual,Manual,First Owner,796.0,47.3,53.49,5.0
Mahindra XUV500 W10 2WD,2015,25291.25,116817.7,Diesel,Individual,Manual,First Owner,2179.0,140.0,37.63,7.0
Honda City i VTEC E,2014,17304.54,37282.3,Petrol,Individual,Manual,First Owner,1497.0,117.3,41.87,5.0
Tata Safari Storme EX,2013,14642.3,82642.3,Diesel,Individual,Manual,First Owner,2179.0,138.1,32.93,7.0
Toyota Innova 2.5 E Diesel PS 7-Seater,2010,17304.54,99419.4,Diesel,Individual,Manual,First Owner,2494.0,102.0,30.11,7.0
Mahindra XUV500 W8 4WD,2013,21297.9,93205.6,Diesel,Individual,Manual,Second Owner,2179.0,140.0,35.52,7.0
Maruti Alto 800 VXI,2020,6682.19,18641.1,Petrol,Individual,Manual,First Owner,796.0,47.3,51.86,5.0
Maruti Alto 800 LXI,2013,4525.8,37282.3,Petrol,Individual,Manual,Second Owner,796.0,47.3,53.49,5.0
Tata Indigo CS LE (TDI) BS-III,2013,6655.59,18641.1,Diesel,Individual,Manual,First Owner,1396.0,69.0,44.9,5.0
Chevrolet Enjoy Petrol LS 7 Seater,2014,8306.18,49709.7,Petrol,Individual,Manual,First Owner,1399.0,98.82,32.22,7.0
Maruti Alto 800 LXI,2014,6655.59,12427.4,Petrol,Individual,Manual,First Owner,796.0,47.3,53.49,5.0
Hyundai EON Magna Plus,2013,5324.47,49709.7,Petrol,Individual,Manual,First Owner,814.0,55.2,49.63,5.0
Mahindra Scorpio S2 7 Seater,2016,17836.99,45360.1,Diesel,Individual,Manual,First Owner,2523.0,75.0,36.22,7.0
Hyundai EON D Lite Plus,2017,7188.04,31068.6,Petrol,Individual,Manual,First Owner,814.0,55.2,49.63,5.0
Mahindra Bolero 2011-2019 SLX,2012,9584.05,124274.2,Diesel,Individual,Manual,First Owner,2523.0,62.1,37.54,7.0
Maruti Swift VDI,2018,16772.09,28583.1,Diesel,Individual,Manual,First Owner,1248.0,74.0,66.8,5.0
Mahindra Supro LX 8 Str,2018,10648.95,31068.6,Diesel,Individual,Manual,First Owner,909.0,45.0,55.28,8.0
Maruti XL6 Alpha,2019,26622.37,9320.6,Petrol,Individual,Manual,First Owner,1462.0,103.2,44.71,6.0
Maruti SX4 S Cross 2015-2017 DDiS 200 Sigma,2017,17304.54,27340.3,Diesel,Dealer,Manual,First Owner,1248.0,88.5,55.63,5.0
Maruti Ritz VDi,2010,5777.05,74564.5,Diesel,Individual,Manual,First Owner,1248.0,73.9,49.63,5.0
Maruti Swift ZXI,2012,7454.26,43496.0,Petrol,Individual,Manual,Second Owner,1197.0,85.8,43.75,5.0
Ford Classic 1.6 Duratec LXI,2013,9317.83,55923.4,Petrol,Individual,Manual,First Owner,1596.0,99.6,33.14,5.0
Mahindra XUV500 W10 2WD,2017,30615.73,26097.6,Diesel,Individual,Manual,Second Owner,2179.0,140.0,37.63,7.0
Hyundai Grand i10 Magna,2016,11181.4,18641.1,Petrol,Individual,Manual,Second Owner,1197.0,82.0,44.46,5.0
Maruti Ciaz 1.4 Alpha,2017,21564.12,49709.7,Petrol,Individual,Manual,First Owner,1373.0,91.1,48.76,5.0
Hyundai i20 1.2 Sportz,2011,7720.49,55923.4,Petrol,Individual,Manual,Third Owner,1197.0,80.0,39.99,5.0
Chevrolet Beat LT,2012,4792.03,37282.3,Petrol,Individual,Manual,First Owner,1199.0,79.4,43.75,5.0
Maruti Eeco 5 Seater AC BSIV,2010,4259.58,100662.1,Petrol,Individual,Manual,First Owner,1196.0,73.0,36.15,5.0
Tata Nano XE,2017,1757.08,43496.0,Petrol,Individual,Manual,Third Owner,624.0,37.48,56.22,4.0
Maruti Wagon R Stingray VXI,2015,9823.65,12427.4,Petrol,Individual,Manual,Second Owner,998.0,67.04,48.24,5.0
Tata New Safari DICOR 2.2 VX 4x2 BS IV,2012,7986.71,49709.7,Diesel,Individual,Manual,Second Owner,2179.0,138.1,32.77,7.0
Mahindra Bolero PLUS AC,2008,9317.83,55923.4,Diesel,Individual,Manual,First Owner,2523.0,63.0,31.99,7.0
Hyundai i10 Asta Sunroof AT,2008,5856.92,74564.5,Petrol,Individual,Automatic,Second Owner,1197.0,80.0,45.16,5.0
Maruti Swift Ldi BSIV,2009,5883.54,62137.1,Diesel,Individual,Manual,Second Owner,1248.0,75.0,41.87,5.0
Tata Zest Revotron 1.2 XT,2017,10648.95,21748.0,Petrol,Individual,Manual,First Owner,1193.0,88.7,41.33,5.0
Toyota Camry V4 (MT),2004,6655.59,74564.5,Petrol,Individual,Manual,Second Owner,2362.0,164.7,31.52,5.0
Mahindra Bolero DI BSIII,2011,10382.72,74564.5,Diesel,Individual,Manual,Fourth & Above Owner,2523.0,63.0,31.99,7.0
Maruti Eeco 5 Seater AC BSIV,2012,5058.25,68350.8,Petrol,Individual,Manual,First Owner,1196.0,73.0,36.15,5.0
Renault KWID RXT,2017,7986.71,37282.3,Petrol,Individual,Manual,First Owner,799.0,53.3,59.2,5.0
Hyundai i20 1.4 Asta Dual Tone,2017,19966.78,16777.0,Diesel,Individual,Manual,First Owner,1396.0,88.73,53.02,5.0
Maruti Swift Dzire VDI,2016,17304.54,31068.6,Diesel,Individual,Manual,First Owner,1248.0,74.0,62.54,5.0
Honda Amaze i-VTEC Privilege Edition,2018,16905.2,24854.8,Petrol,Individual,Manual,First Owner,1198.0,86.7,41.87,5.0
Hyundai Verna 1.6 SX,2013,13843.63,54680.6,Diesel,Individual,Manual,Second Owner,1582.0,126.32,52.5,5.0
Mahindra Scorpio S11 4WD BSIV,2020,39933.55,31068.6,Diesel,Individual,Manual,First Owner,2179.0,140.0,38.48,7.0
Hyundai Verna 1.6 SX CRDi (O),2012,11048.28,49709.7,Diesel,Individual,Manual,Second Owner,1582.0,126.32,52.5,5.0
Hyundai Elite i20 Diesel Sportz,2019,18635.66,37282.3,Diesel,Individual,Manual,First Owner,1396.0,88.76,53.02,5.0
Maruti Swift LXI,2017,12911.82,16155.6,Petrol,Individual,Manual,Second Owner,1197.0,81.8,49.89,5.0
Ford Fiesta 1.4 Durasport EXI,2007,3194.68,49709.7,Petrol,Individual,Manual,Second Owner,1388.0,68.0,39.05,5.0
Hyundai EON Era Plus,2014,5856.92,37282.3,Petrol,Individual,Manual,Second Owner,814.0,55.2,49.63,5.0
Hyundai i10 Magna,2014,8519.16,49709.7,Petrol,Individual,Manual,Second Owner,1197.0,78.9,47.89,5.0
Maruti Swift VDI,2011,9983.39,55923.4,Diesel,Individual,Manual,Second Owner,1248.0,74.0,53.86,5.0
Hyundai Verna 1.6 SX CRDi (O),2012,11713.84,49709.7,Diesel,Individual,Manual,Second Owner,1582.0,126.32,52.5,5.0
Hyundai Grand i10 1.2 Kappa Magna AT,2019,14642.3,9320.6,Petrol,Individual,Automatic,First Owner,1197.0,81.86,44.46,5.0
Maruti Swift ZDI BSIV,2017,17038.32,21748.0,Diesel,Individual,Manual,Second Owner,1248.0,74.0,59.27,5.0
Toyota Etios GD,2014,11181.4,74564.5,Diesel,Individual,Manual,First Owner,1364.0,67.04,55.49,5.0
Hyundai Grand i10 CRDi Sportz,2016,8785.38,39146.4,Diesel,Individual,Manual,Third Owner,1120.0,70.0,56.45,5.0
Volkswagen Ameo 1.5 TDI Highline Plus,2019,21297.9,15534.3,Diesel,Individual,Manual,First Owner,1498.0,108.62,50.95,5.0
Maruti Wagon R LXI BS IV,2011,6389.37,40078.4,Petrol,Individual,Manual,First Owner,998.0,67.1,44.46,5.0
Mahindra KUV 100 mFALCON D75 K2 Plus,2016,9584.05,62137.1,Diesel,Individual,Manual,Second Owner,1198.0,77.0,59.56,6.0
Hyundai Verna 1.6 CRDi SX,2017,19966.78,24854.8,Diesel,Individual,Manual,First Owner,1582.0,126.2,56.22,5.0
Hyundai i20 1.2 Magna Executive,2017,15174.75,9320.6,Petrol,Individual,Manual,Second Owner,1197.0,81.83,43.75,5.0
Toyota Etios Liva GD,2015,11980.07,15534.3,Diesel,Individual,Manual,First Owner,1364.0,67.04,55.49,5.0
Maruti Ritz LXi,2016,7188.04,50952.4,Petrol,Individual,Manual,Third Owner,1197.0,85.8,43.51,5.0
Maruti Ertiga VDI,2012,12246.26,54059.3,Diesel,Individual,Manual,First Owner,1248.0,88.76,48.85,7.0
Maruti Alto K10 VXI,2015,6389.37,49709.7,Petrol,Individual,Manual,Second Owner,998.0,67.05,56.33,5.0
Renault Duster 110PS Diesel RxZ,2012,8519.16,68350.8,Diesel,Individual,Manual,Third Owner,1461.0,108.45,44.71,5.0
Tata Manza Aura (ABS) Quadrajet BS IV,2011,3966.73,91962.9,Diesel,Individual,Manual,Second Owner,1248.0,88.8,49.68,5.0
Mahindra Scorpio S11 BSIV,2018,39933.55,24854.8,Diesel,Individual,Manual,First Owner,2179.0,140.0,38.48,7.0
Hyundai Accent Executive,2011,4792.03,43496.0,Petrol,Individual,Manual,First Owner,1495.0,93.7,38.48,5.0
Maruti 800 AC,2008,1730.45,24854.8,Petrol,Individual,Manual,Second Owner,796.0,37.0,37.87,4.0
Tata Indigo LX,2010,3460.91,74564.5,Diesel,Individual,Manual,First Owner,1405.0,70.0,39.99,5.0
Ford Fiesta Classic 1.4 Duratorq CLXI,2012,8785.38,37282.3,Diesel,Individual,Manual,First Owner,1399.0,67.0,41.87,5.0
Tata Manza Aura (ABS) Quadrajet,2011,5058.25,55923.4,Diesel,Dealer,Manual,First Owner,1248.0,90.0,44.22,5.0
Maruti Swift VDI,2014,13337.81,42253.2,Diesel,Dealer,Manual,First Owner,1248.0,74.0,53.86,5.0
Honda Amaze S i-DTEC,2017,15973.42,15223.6,Diesel,Dealer,Manual,First Owner,1498.0,98.6,60.69,5.0
Mahindra XUV500 W8 4WD,2012,15174.75,47845.6,Diesel,Dealer,Manual,Second Owner,2179.0,140.0,35.52,7.0
Honda Amaze VX O iDTEC,2015,11980.07,52816.5,Diesel,Dealer,Manual,First Owner,1498.0,98.6,60.69,5.0
Toyota Etios 1.5 V,2011,7587.38,28272.4,Petrol,Dealer,Manual,First Owner,1496.0,88.73,39.47,5.0
Maruti Swift VDI,2014,13044.96,41631.9,Diesel,Dealer,Manual,First Owner,1248.0,74.0,66.8,5.0
Maruti Swift VDI,2014,13311.18,47845.6,Diesel,Dealer,Manual,First Owner,1248.0,74.0,66.8,5.0
Hyundai EON Magna Plus,2016,7321.15,29204.4,Petrol,Dealer,Manual,First Owner,814.0,55.2,49.63,5.0
Tata Tiago XT,2017,11713.84,35418.1,Petrol,Dealer,Manual,First Owner,1199.0,84.48,56.08,5.0
Hyundai i20 1.4 Asta Option,2018,21963.46,44428.0,Diesel,Dealer,Manual,First Owner,1396.0,88.73,53.02,5.0
Toyota Etios Liva 1.4 GD,2012,10941.79,68350.8,Diesel,Dealer,Manual,First Owner,1364.0,67.04,55.49,5.0
Maruti Swift Dzire VDI,2013,12512.51,50952.4,Diesel,Dealer,Manual,Second Owner,1248.0,74.0,62.54,5.0
Maruti Swift VDI,2013,11846.95,43496.0,Diesel,Dealer,Manual,Second Owner,1248.0,74.0,66.8,5.0
Maruti Baleno Zeta Diesel,2017,20020.02,17398.4,Diesel,Dealer,Manual,First Owner,1248.0,74.0,64.43,5.0
Skoda Rapid 1.5 TDI Style Plus Black Package,2016,17304.54,77671.4,Diesel,Dealer,Manual,Second Owner,1498.0,103.52,49.72,5.0
Maruti Swift VDI,2013,11980.07,41631.9,Diesel,Dealer,Manual,Second Owner,1248.0,74.0,66.8,5.0
Honda City 1.5 V MT,2011,9317.83,58098.2,Petrol,Dealer,Manual,Third Owner,1497.0,118.0,39.99,5.0
Maruti Swift VVT VXI,2012,13604.03,5281.7,Petrol,Dealer,Manual,First Owner,1197.0,81.8,51.75,5.0
Maruti Baleno Zeta 1.3,2016,18635.66,49709.7,Diesel,Dealer,Manual,First Owner,1248.0,74.0,64.43,5.0
Ford Fiesta 1.4 Duratec EXI Limited Edition,2007,3780.38,60273.0,Petrol,Individual,Manual,First Owner,1388.0,68.0,39.05,5.0
Tata New Safari DICOR 2.2 VX 4x2,2012,19301.22,55923.4,Diesel,Individual,Manual,First Owner,2179.0,138.0,32.77,7.0
Hyundai i20 1.2 Asta Option,2017,16772.09,18641.1,Petrol,Individual,Manual,First Owner,1197.0,81.83,43.75,5.0
Hyundai i20 Sportz 1.2,2015,12778.74,31068.6,Petrol,Individual,Manual,First Owner,1197.0,81.83,43.75,5.0
Maruti Alto K10 VXI,2016,8785.38,18641.1,Petrol,Individual,Manual,First Owner,998.0,67.05,56.33,5.0
Maruti Gypsy King Soft Top MPI BSIV,2017,13311.18,12427.4,Petrol,Individual,Manual,First Owner,1298.0,80.0,28.13,8.0
Volkswagen Polo Diesel Highline 1.2L,2012,7986.71,37468.7,Diesel,Individual,Manual,First Owner,1199.0,73.9,51.91,5.0
Tata Zest Quadrajet 1.3 XM,2015,10648.95,21748.0,Diesel,Individual,Manual,First Owner,1248.0,88.7,54.1,5.0
Tata Safari DICOR 2.2 EX 4x2,2011,8519.16,49709.7,Diesel,Individual,Manual,First Owner,2179.0,138.03,32.77,7.0
Hyundai i10 Magna 1.1L,2008,4792.03,27583.3,Petrol,Individual,Manual,Second Owner,1086.0,68.05,46.6,5.0
Maruti Baleno Sigma 1.3,2016,14109.86,36039.5,Diesel,Individual,Manual,First Owner,1248.0,74.0,64.43,5.0
Mahindra Bolero 2011-2019 Special Edition,2015,15973.42,24854.8,Diesel,Individual,Manual,First Owner,2523.0,62.1,37.54,7.0
Maruti Ertiga SHVS ZDI,2017,20765.45,41010.5,Diesel,Individual,Manual,Second Owner,1248.0,88.5,57.67,7.0
Honda City i DTec SV,2016,18635.66,68350.8,Diesel,Individual,Manual,First Owner,1498.0,98.6,61.16,5.0
Chevrolet Beat Diesel,2013,4658.91,34992.5,Diesel,Individual,Manual,First Owner,936.0,57.6,59.84,5.0
Mahindra Bolero Power Plus SLE,2017,19567.44,43496.0,Diesel,Individual,Manual,First Owner,1493.0,70.0,38.81,7.0
Toyota Etios Liva GD,2013,8652.27,74564.5,Diesel,Individual,Manual,First Owner,1364.0,67.06,55.49,5.0
Tata Zest Quadrajet 1.3 XM,2015,9317.83,55923.4,Diesel,Individual,Manual,Second Owner,1248.0,88.7,54.1,5.0
Maruti Zen Estilo LXI BSIII,2007,2262.9,99419.4,Petrol,Individual,Manual,Fourth & Above Owner,998.0,67.1,42.81,5.0
Toyota Corolla AE,2006,3993.36,62137.1,Petrol,Individual,Manual,Fourth & Above Owner,1794.0,125.0,31.52,5.0
Maruti Swift Dzire VDi,2009,5990.03,74564.5,Diesel,Individual,Manual,Third Owner,1248.0,73.9,45.4,5.0
Tata Indica Vista Terra Quadrajet 1.3L,2010,2955.08,62137.1,Diesel,Individual,Manual,Second Owner,1248.0,75.0,42.34,5.0
Maruti Wagon R VXI Minor,2007,3993.36,43496.0,Petrol,Individual,Manual,Third Owner,1061.0,67.0,44.46,5.0
Hyundai EON Era Plus,2017,7986.71,9414.4,Petrol,Individual,Manual,Second Owner,814.0,55.2,49.63,5.0
Mahindra Scorpio 1.99 S6 Plus,2015,16772.09,37282.3,Diesel,Individual,Manual,First Owner,1997.0,120.0,36.22,7.0
Hyundai i10 Era,2011,5484.21,62137.1,Petrol,Individual,Manual,First Owner,1086.0,68.05,46.6,5.0
Maruti Wagon R LXI,2006,1863.57,68350.8,Petrol,Individual,Manual,Fourth & Above Owner,998.0,67.1,44.46,5.0
Hyundai Grand i10 1.2 Kappa Magna AT,2019,15094.88,4349.6,Petrol,Individual,Automatic,First Owner,1197.0,81.86,44.46,5.0
Ford EcoSport 1.5 Ti VCT MT Titanium BSIV,2013,13311.18,43496.0,Petrol,Individual,Manual,Second Owner,1499.0,110.4,37.28,5.0
Hyundai Grand i10 Sportz,2015,10648.95,79535.5,Petrol,Individual,Manual,First Owner,1197.0,82.0,44.46,5.0
Toyota Innova 2.5 GX 8 STR,2012,22629.01,74564.5,Diesel,Individual,Manual,Second Owner,2494.0,102.0,30.11,8.0
Maruti Swift VDI BSIV,2014,15174.75,9320.6,Diesel,Individual,Manual,First Owner,1248.0,74.0,59.27,5.0
Maruti Swift Dzire VDI,2017,18609.04,37282.3,Diesel,Individual,Manual,First Owner,1248.0,74.02,66.8,5.0
Honda Brio Exclusive Edition,2013,9450.94,49709.7,Petrol,Individual,Manual,First Owner,1198.0,86.8,45.63,5.0
Maruti Swift Dzire VDI Optional,2016,18369.44,49709.7,Diesel,Individual,Manual,First Owner,1248.0,74.0,62.54,5.0
Ford Fiesta 1.4 Duratorq ZXI,2006,4792.03,71035.8,Diesel,Individual,Manual,Second Owner,1399.0,68.0,41.87,5.0
Tata Indica Vista TDI LX,2013,5324.47,74564.5,Diesel,Individual,Manual,First Owner,1405.0,70.0,45.63,5.0
Mahindra Scorpio VLX 2WD AIRBAG AT BSIV,2012,15307.86,74564.5,Diesel,Individual,Manual,Second Owner,2179.0,120.0,28.34,8.0
Toyota Etios Liva GD,2014,11048.28,90720.2,Diesel,Individual,Manual,First Owner,1364.0,67.06,55.49,5.0
Hyundai EON D Lite Plus,2017,9317.83,12427.4,Petrol,Individual,Manual,First Owner,814.0,55.2,49.63,5.0
Toyota Platinum Etios 1.4 GD,2017,16825.34,93205.6,Diesel,Individual,Manual,First Owner,1364.0,67.05,55.49,5.0
Hyundai Elantra SX,2013,13604.03,55923.4,Petrol,Individual,Manual,Second Owner,1797.0,147.5,38.34,5.0
Honda City 1.5 V MT,2010,7986.71,62137.1,Petrol,Individual,Manual,Third Owner,1497.0,118.0,39.99,5.0
Maruti Wagon R LXI,2005,1863.57,116817.7,Petrol,Individual,Manual,Fourth & Above Owner,998.0,67.1,44.46,5.0
Hyundai i10 Sportz 1.1L,2008,4792.03,62137.1,Petrol,Individual,Manual,Third Owner,1086.0,68.05,46.6,5.0
Hyundai i20 1.2 Asta,2017,19434.33,23197.6,Petrol,Individual,Manual,First Owner,1197.0,81.83,43.75,5.0
Maruti Ertiga VDI,2014,11980.07,9320.6,Diesel,Individual,Manual,Second Owner,1248.0,88.76,48.85,7.0
Hyundai Sonata 2.4 GDi MT,2012,14642.3,205052.4,Petrol,Individual,Manual,Second Owner,2359.0,198.25,31.61,5.0
Toyota Etios GD,2016,13577.38,49709.7,Diesel,Individual,Manual,Second Owner,1364.0,67.05,55.49,5.0
Toyota Innova 2.5 G (Diesel) 7 Seater,2015,24093.24,68350.8,Diesel,Individual,Manual,First Owner,2494.0,100.6,30.55,7.0
Maruti Alto LX,2011,3727.13,44738.7,Petrol,Individual,Manual,Second Owner,796.0,46.3,46.34,5.0
Toyota Innova 2.5 G (Diesel) 7 Seater BS IV,2006,7986.71,86991.9,Diesel,Individual,Manual,Second Owner,2494.0,102.0,30.11,8.0
Maruti Ritz LXi,2015,7986.71,49709.7,Petrol,Individual,Manual,Second Owner,1197.0,85.8,43.51,5.0
Maruti Swift Dzire VDi,2010,5990.03,74564.5,Diesel,Individual,Manual,Second Owner,1248.0,73.9,45.4,5.0
Toyota Innova 2.5 G (Diesel) 8 Seater,2015,22895.24,55923.4,Diesel,Individual,Manual,Second Owner,2494.0,100.6,30.55,8.0
Renault Duster 85PS Diesel RxL Optional,2012,10648.95,62137.1,Diesel,Individual,Manual,Second Owner,1461.0,83.8,48.12,5.0
Maruti Swift Dzire LXi,2009,5058.25,55923.4,Petrol,Individual,Manual,Third Owner,1298.0,85.8,41.16,5.0
Honda Amaze VX i-DTEC,2013,9317.83,86991.9,Diesel,Individual,Manual,Third Owner,1498.0,98.6,60.69,5.0
Chevrolet Spark 1.0 LS,2010,1996.68,74564.5,Petrol,Individual,Manual,First Owner,995.0,62.0,42.34,5.0
Maruti Vitara Brezza VDi AMT,2019,22895.24,21748.0,Diesel,Individual,Automatic,First Owner,1248.0,88.5,57.16,5.0
Maruti Alto K10 VXI,2014,6655.59,31068.6,Petrol,Individual,Manual,Second Owner,998.0,67.05,56.33,5.0
Hyundai Verna 1.4 CRDi,2017,18635.66,50952.4,Diesel,Individual,Manual,First Owner,1396.0,88.7,58.33,5.0
Maruti Swift VDI BSIV,2014,10622.33,43496.0,Diesel,Individual,Manual,Third Owner,1248.0,74.0,59.27,5.0
Maruti Ritz LXi,2016,8519.16,55923.4,Petrol,Individual,Manual,First Owner,1197.0,85.8,43.51,5.0
Skoda Octavia Ambition 2.0 TDI MT,2014,29284.61,49088.3,Diesel,Individual,Manual,Second Owner,1968.0,141.0,48.45,5.0
Toyota Innova 2.5 V Diesel 7-seater,2011,19966.78,180819.0,Diesel,Individual,Manual,Second Owner,2494.0,102.0,30.11,7.0
Toyota Innova 2.5 V Diesel 7-seater,2010,19966.78,155342.8,Diesel,Individual,Manual,Second Owner,2494.0,102.0,30.11,7.0
Maruti Ciaz ZDi Plus SHVS,2017,19966.78,32932.7,Diesel,Individual,Manual,First Owner,1248.0,88.5,66.07,5.0
Nissan Micra XV CVT,2017,14908.53,13359.5,Petrol,Individual,Automatic,First Owner,1198.0,76.0,45.49,5.0
Tata Tiago 1.05 Revotorq XZ WO Alloy,2017,11980.07,55302.0,Diesel,Individual,Manual,First Owner,1047.0,69.0,64.17,5.0
Maruti Swift Dzire VXI,2013,12246.26,21748.0,Petrol,Individual,Manual,Second Owner,1197.0,85.8,44.93,5.0
Maruti Zen Estilo LXI BS IV,2013,6256.26,26719.0,Petrol,Individual,Manual,Second Owner,998.0,67.1,44.69,5.0
Hyundai Santro Xing GLS,2009,4792.03,49709.7,Petrol,Individual,Manual,Second Owner,1086.0,62.1,42.15,5.0
Hyundai Santro Xing XS,2007,3727.13,49709.7,Petrol,Individual,Manual,Second Owner,1086.0,63.0,41.87,5.0
Hyundai i20 Asta 1.4 CRDi,2014,16505.87,68350.8,Diesel,Individual,Manual,First Owner,1396.0,88.73,53.02,5.0
Hyundai EON Era,2012,5058.25,62137.1,Petrol,Individual,Manual,First Owner,814.0,55.2,49.63,5.0
Hyundai EON Sportz,2018,10116.5,15534.3,Petrol,Individual,Manual,First Owner,814.0,55.2,49.63,5.0
Ford EcoSport S Diesel BSIV,2019,30482.61,12427.4,Diesel,Individual,Manual,First Owner,1498.0,98.96,54.1,5.0
Tata Zest Quadrajet 1.3 75PS XE,2017,14376.08,43496.0,Diesel,Individual,Manual,First Owner,1248.0,74.0,53.98,5.0
Toyota Innova 2.5 V Diesel 7-seater,2011,21297.9,122410.1,Diesel,Individual,Manual,First Owner,2494.0,102.0,30.11,7.0
Maruti Wagon R LXI BSIII,2006,3993.36,62137.1,Petrol,Individual,Manual,Second Owner,1061.0,64.0,32.93,5.0
Maruti 800 Std,1995,1464.23,43496.0,Petrol,Individual,Manual,First Owner,796.0,37.0,37.87,4.0
Mahindra XUV500 W10 2WD,2015,24492.55,86991.9,Diesel,Individual,Manual,First Owner,2179.0,140.0,37.63,7.0
Maruti Alto LXi BSIII,2009,3594.02,31068.6,Petrol,Individual,Manual,First Owner,796.0,46.3,46.34,5.0
Tata Tiago 1.2 Revotron XZ,2017,9051.61,25041.3,Petrol,Individual,Manual,First Owner,1199.0,84.0,56.08,5.0
Toyota Innova 2.5 G (Diesel) 7 Seater BS IV,2010,13976.74,74564.5,Diesel,Individual,Manual,Second Owner,2494.0,102.0,30.11,8.0
Maruti Celerio VXI,2016,10941.79,15534.3,Petrol,Individual,Manual,Second Owner,998.0,67.04,54.33,5.0
Maruti Wagon R LXI Minor,2010,3993.36,96312.5,Petrol,Individual,Manual,Third Owner,998.0,67.1,44.46,5.0
Honda Jazz 1.2 V AT i VTEC,2015,15307.86,31068.6,Petrol,Individual,Automatic,First Owner,1199.0,88.7,44.69,5.0
Hyundai i20 Asta Option 1.2,2017,15840.31,18659.8,Petrol,Dealer,Manual,First Owner,1197.0,81.83,43.75,5.0
Hyundai Xcent 1.2 Kappa SX Option,2017,13976.74,18037.8,Petrol,Dealer,Manual,First Owner,1197.0,82.0,44.93,5.0
Maruti Ritz VDi,2012,8918.49,44783.5,Diesel,Dealer,Manual,First Owner,1248.0,73.9,49.63,5.0
Ford Figo Diesel EXI,2012,7986.71,33554.0,Diesel,Individual,Manual,First Owner,1399.0,68.0,47.04,5.0
Hyundai i20 2015-2017 Sportz Option 1.4 CRDi,2012,11048.28,51003.4,Diesel,Dealer,Manual,First Owner,1396.0,88.73,53.02,5.0
Mahindra XUV500 W8 2WD,2016,24625.69,29825.8,Diesel,Individual,Manual,Second Owner,2179.0,140.0,37.63,7.0
Maruti Ertiga BSIV ZXI Plus,2016,19966.78,12427.4,Petrol,Individual,Manual,First Owner,1373.0,91.1,41.16,7.0
Hyundai Verna CRDi 1.6 AT SX Option,2018,30615.73,30447.2,Diesel,Individual,Automatic,First Owner,1582.0,126.2,51.75,5.0
Datsun GO Plus T BSIV,2015,6921.82,21748.0,Petrol,Individual,Manual,Third Owner,1198.0,67.0,45.73,7.0
Maruti Swift Dzire Vdi BSIV,2011,9237.96,50082.5,Diesel,Individual,Manual,First Owner,1248.0,73.9,45.4,5.0
Hyundai EON Magna Optional,2013,5191.36,36417.9,Petrol,Individual,Manual,Second Owner,814.0,55.2,49.63,5.0
Fiat Punto Pure 1.2L FIRE,2016,7054.93,20507.1,Petrol,Individual,Manual,First Owner,1172.0,67.0,36.93,5.0
Hyundai i20 Magna 1.2,2016,15707.2,10252.6,Petrol,Individual,Manual,First Owner,1197.0,81.83,43.75,5.0
Toyota Innova 2.5 GX 8 STR BSIV,2012,17304.54,85749.2,Diesel,Individual,Manual,Second Owner,2494.0,102.0,30.11,8.0
Maruti Swift Dzire ZDi,2011,9317.83,74564.5,Diesel,Individual,Manual,Second Owner,1248.0,73.9,45.4,5.0
Tata Nexon 1.5 Revotorq XM,2018,19940.16,18641.1,Diesel,Individual,Manual,First Owner,1497.0,108.5,50.57,5.0
Tata Indigo CS LS (TDI) BS III,2010,3993.36,43496.0,Diesel,Individual,Manual,Second Owner,1396.0,69.0,44.9,5.0
Maruti Zen LX,2003,1544.1,105633.1,Petrol,Individual,Manual,Third Owner,993.0,60.0,40.69,5.0
Mahindra Verito 1.5 D2 BSIV,2011,5324.47,74564.5,Diesel,Individual,Manual,Third Owner,1461.0,64.1,49.4,5.0
Tata Indica Vista Quadrajet LS,2014,6389.37,104390.3,Diesel,Individual,Manual,Second Owner,1248.0,74.0,52.45,5.0
Honda Amaze E i-DTEC,2017,13710.52,37282.3,Diesel,Individual,Manual,Second Owner,1498.0,98.6,60.69,5.0
Maruti Alto LXi,2008,3860.24,74564.5,Petrol,Individual,Manual,Second Owner,796.0,46.3,46.34,5.0
Maruti Wagon R VXI Optional,2016,11980.07,3604.0,Petrol,Individual,Manual,Second Owner,998.0,67.04,48.24,5.0
Maruti A-Star Lxi,2010,4765.4,42688.2,Petrol,Individual,Manual,Third Owner,998.0,66.1,44.69,5.0
Hyundai Verna Xi (Petrol),2007,5856.92,67108.1,Petrol,Individual,Manual,Third Owner,1599.0,103.2,32.69,5.0
Ford EcoSport 1.5 Petrol Titanium Plus BSIV,2018,22629.01,55923.4,Petrol,Individual,Manual,First Owner,1497.0,121.36,39.99,5.0
Volkswagen Polo Petrol Highline 1.2L,2011,7188.04,37282.3,Petrol,Individual,Manual,Second Owner,1198.0,73.9,38.74,5.0
Hyundai EON Magna Plus,2016,8918.49,10563.3,Petrol,Individual,Manual,First Owner,814.0,55.2,49.63,5.0
Maruti Wagon R VXI Optional,2018,12246.26,3106.9,Petrol,Individual,Manual,First Owner,998.0,67.04,48.24,5.0
Maruti Vitara Brezza LDi Option,2017,18901.88,37282.3,Diesel,Individual,Manual,First Owner,1248.0,88.5,57.16,5.0
Maruti Swift Dzire LDI,2015,8785.38,86991.9,Diesel,Individual,Manual,Second Owner,1248.0,74.0,62.54,5.0
Jeep Compass 2.0 Limited,2017,40332.89,9320.6,Diesel,Individual,Manual,First Owner,1956.0,170.0,40.22,5.0
Tata Nexon 1.2 Revotron XZ Plus,2018,19966.78,15534.3,Petrol,Individual,Manual,First Owner,1198.0,108.5,39.99,5.0
Chevrolet Spark 1.0 LT,2016,4259.58,31068.6,Petrol,Individual,Manual,Second Owner,995.0,62.1,38.1,5.0
Chevrolet Beat Diesel LT Option,2016,5723.81,37282.3,Diesel,Individual,Manual,Second Owner,936.0,56.3,59.84,5.0
Tata Nano Cx BSIII,2012,1597.34,24854.8,Petrol,Individual,Manual,Second Owner,624.0,38.0,59.74,4.0
Maruti Swift Dzire VXI,2014,12778.74,44738.7,Petrol,Individual,Manual,First Owner,1197.0,85.8,44.93,5.0
Tata Manza Aqua Quadrajet BS IV,2012,3727.13,121167.3,Diesel,Individual,Manual,Second Owner,1248.0,88.8,49.68,5.0
Hyundai EON D Lite,2012,5324.47,43496.0,Petrol,Individual,Manual,First Owner,814.0,55.2,49.63,5.0
Nissan Micra Diesel XL Optional,2013,10648.95,51573.8,Diesel,Individual,Manual,First Owner,1461.0,63.1,54.29,5.0
Hyundai EON Era Plus,2012,4792.03,62137.1,Petrol,Individual,Manual,Second Owner,814.0,55.2,49.63,5.0
Maruti Swift VXI Optional,2015,14642.3,15534.3,Petrol,Individual,Manual,First Owner,1197.0,81.8,47.98,5.0
Maruti Swift VDI Optional,2016,14642.3,31068.6,Diesel,Individual,Manual,First Owner,1248.0,74.0,59.27,5.0
Maruti Ertiga VDI,2012,14642.3,41631.9,Diesel,Individual,Manual,First Owner,1248.0,88.76,48.85,7.0
Maruti Zen Estilo VXI BSIV,2011,7188.04,18641.1,Petrol,Individual,Manual,First Owner,998.0,67.1,44.69,5.0
Renault Pulse RxL,2013,8386.05,52816.5,Diesel,Individual,Manual,First Owner,1461.0,63.12,54.29,5.0
Mahindra Thar CRDe,2018,23294.57,15534.3,Diesel,Individual,Manual,First Owner,2498.0,105.0,38.93,6.0
Toyota Innova 2.5 G (Diesel) 8 Seater BS IV,2007,10648.95,105633.1,Diesel,Individual,Manual,First Owner,2494.0,102.0,30.11,8.0
Mahindra Scorpio EX,2014,14376.08,68350.8,Diesel,Individual,Manual,First Owner,2523.0,75.0,32.93,8.0
Hyundai Verna 1.6 SX CRDi (O),2011,9584.05,49709.7,Diesel,Individual,Manual,Second Owner,1582.0,126.32,52.5,5.0
Maruti Wagon R VXI BS IV,2014,7986.71,19262.5,Petrol,Individual,Manual,First Owner,998.0,67.04,48.24,5.0
Hyundai Grand i10 CRDi Sportz,2014,9317.83,62137.1,Diesel,Individual,Manual,First Owner,1120.0,70.0,56.45,5.0
Mahindra NuvoSport N8,2016,17304.54,80778.2,Diesel,Individual,Manual,First Owner,1493.0,100.0,41.05,7.0
Maruti Wagon R LXI Optional,2016,9317.83,12427.4,Petrol,Individual,Manual,First Owner,998.0,67.04,48.24,5.0
Ford EcoSport 1.5 TDCi Trend Plus BSIV,2017,18635.66,37282.3,Diesel,Individual,Manual,First Owner,1498.0,98.59,53.56,5.0
Maruti Swift Dzire VDI,2013,11048.28,63998.7,Diesel,Individual,Manual,Second Owner,1248.0,74.0,55.04,5.0
Hyundai i20 Sportz 1.4 CRDi,2015,14642.3,37282.3,Diesel,Individual,Manual,First Owner,1396.0,88.73,53.02,5.0
Mahindra XUV500 W8 4WD,2012,15840.31,80156.9,Diesel,Individual,Manual,Third Owner,2179.0,140.0,35.52,7.0
Fiat Grande Punto EVO 1.3 Dynamic,2015,14642.3,41631.9,Diesel,Individual,Manual,First Owner,1248.0,75.0,49.87,5.0
Toyota Fortuner 2.5 4x2 MT TRD Sportivo,2015,53244.74,74564.5,Diesel,Individual,Manual,First Owner,2494.0,142.0,30.58,7.0
Tata Safari DICOR 2.2 EX 4x2,2010,10648.95,74564.5,Diesel,Individual,Manual,Fourth & Above Owner,2179.0,138.03,32.77,7.0
Fiat Avventura Power Up 1.3 Emotion,2015,13311.18,59962.3,Diesel,Individual,Manual,First Owner,1248.0,91.72,48.22,5.0
Maruti Wagon R LXI BSIII,2017,9051.61,32567.3,Petrol,Dealer,Manual,First Owner,998.0,67.1,44.46,5.0
Mahindra Scorpio SLE BS IV,2012,12778.74,53109.8,Diesel,Dealer,Manual,First Owner,2179.0,120.0,28.34,8.0
Ford EcoSport 1.5 TDCi Titanium Plus BSIV,2013,12778.74,54340.1,Diesel,Dealer,Manual,Second Owner,1498.0,98.59,53.56,5.0
Ford EcoSport 1.5 Diesel Ambiente BSIV,2018,19966.78,10563.3,Diesel,Individual,Manual,First Owner,1498.0,98.96,54.1,5.0
Maruti Wagon R LXI Minor,2008,2662.24,41339.8,Petrol,Individual,Manual,Second Owner,1061.0,67.0,44.46,5.0
Hyundai i20 Magna,2013,7720.49,24854.8,Petrol,Individual,Manual,First Owner,1197.0,82.85,43.51,5.0
Fiat Avventura Power Up 1.3 Emotion,2015,11314.51,59962.3,Diesel,Individual,Manual,First Owner,1248.0,91.72,48.22,5.0
Honda City V MT,2010,7587.38,49088.3,Petrol,Individual,Manual,First Owner,1497.0,116.3,39.52,5.0
Mahindra TUV 300 mHAWK100 T8,2016,16638.98,31068.6,Diesel,Individual,Manual,First Owner,1493.0,100.0,43.49,7.0
Fiat Grande Punto Active (Diesel),2012,4525.8,37282.3,Diesel,Individual,Manual,Second Owner,1248.0,75.0,47.75,5.0
Tata Zest Revotron 1.2T XMS,2018,12246.26,21748.0,Petrol,Individual,Manual,First Owner,1193.0,88.7,41.33,5.0
Fiat Avventura MULTIJET Emotion,2015,11980.07,74564.5,Diesel,Individual,Manual,First Owner,1248.0,91.72,48.22,5.0
Maruti Swift Dzire AMT VXI,2019,17304.54,6213.7,Petrol,Individual,Automatic,First Owner,1197.0,81.8,49.89,5.0
Hyundai i20 Active 1.2 S,2017,15973.42,9320.6,Petrol,Individual,Manual,First Owner,1197.0,81.86,40.43,5.0
Maruti Alto 800 LXI,2016,7986.71,3106.9,Petrol,Individual,Manual,First Owner,796.0,47.3,53.49,5.0
Maruti Alto LXi,2009,3993.36,24854.8,Petrol,Individual,Manual,First Owner,796.0,46.3,46.34,5.0
Hyundai Elite i20 Petrol Magna Exective,2019,15707.2,6213.7,Petrol,Individual,Manual,First Owner,1197.0,81.86,43.75,5.0
Hyundai EON Era Plus,2016,8252.93,15534.3,Petrol,Individual,Manual,First Owner,814.0,55.2,49.63,5.0
Tata Zest Revotron 1.2T XMS,2017,10648.95,32932.7,Petrol,Individual,Manual,First Owner,1193.0,88.7,41.33,5.0
Ashok Leyland Stile LE,2013,7986.71,124274.2,Diesel,Individual,Manual,Second Owner,1461.0,75.0,47.21,8.0
Mahindra XUV300 W8 Option BSIV,2019,26622.37,13670.2,Petrol,Individual,Manual,First Owner,1197.0,110.0,39.99,5.0
Maruti Wagon R VXI,2003,1730.45,43496.0,Petrol,Individual,Manual,Fourth & Above Owner,998.0,67.1,44.46,5.0
Honda Amaze VX i-DTEC,2015,13577.38,46602.8,Diesel,Individual,Manual,Second Owner,1498.0,98.6,60.69,5.0
Maruti Wagon R VXI BSIII,2012,5883.54,43496.0,Petrol,Individual,Manual,First Owner,998.0,67.1,44.46,5.0
Volkswagen Vento 1.6 Highline,2014,10382.72,39767.7,Petrol,Individual,Manual,Third Owner,1598.0,103.2,35.38,5.0
Maruti Gypsy King Soft Top MPI BSIV,2002,9317.83,37282.3,Petrol,Individual,Manual,First Owner,1298.0,80.0,28.13,8.0
Maruti Alto LXi,2009,5191.36,24854.8,Petrol,Individual,Manual,First Owner,796.0,46.3,46.34,5.0
Audi Q7 3.0 TDI Quattro,2010,46589.15,68350.8,Diesel,Individual,Automatic,Second Owner,2967.0,241.4,28.39,7.0
Mahindra Scorpio VLX 2WD AIRBAG BSIII,2013,15973.42,37282.3,Diesel,Individual,Manual,First Owner,2179.0,120.0,28.34,8.0
Hyundai i20 Sportz Option 1.4 CRDi,2015,16372.76,44738.7,Diesel,Individual,Manual,First Owner,1396.0,88.73,53.02,5.0
Hyundai i20 Magna 1.4 CRDi (Diesel),2013,9317.83,43496.0,Diesel,Individual,Manual,Second Owner,1396.0,88.76,51.51,5.0
Chevrolet Beat Diesel LS,2012,3727.13,46602.8,Diesel,Individual,Manual,First Owner,936.0,57.6,59.84,5.0
Hyundai i20 1.4 Sportz,2017,17304.54,20089.5,Diesel,Individual,Manual,Second Owner,1396.0,88.73,53.02,5.0
Hyundai Creta 1.6 CRDi SX Plus,2016,29284.61,43496.0,Diesel,Individual,Manual,First Owner,1582.0,126.2,46.27,5.0
Hyundai i20 1.4 CRDi Sportz,2010,7587.38,49709.7,Diesel,Individual,Manual,Second Owner,1396.0,90.0,54.1,5.0
Chevrolet Spark 1.0 LT,2011,5058.25,12427.4,Petrol,Individual,Manual,Second Owner,995.0,62.0,42.34,5.0
Nissan Sunny XL,2012,9317.83,68350.8,Petrol,Individual,Manual,First Owner,1498.0,97.7,39.87,5.0
Hyundai Grand i10 Asta,2014,10648.95,24854.8,Petrol,Individual,Manual,Second Owner,1197.0,82.0,44.46,5.0
Toyota Innova Crysta 2.7 ZX AT BSIV,2016,55906.98,24854.8,Petrol,Individual,Automatic,First Owner,2694.0,163.7,25.29,7.0
Hyundai i20 Sportz 1.2,2015,11580.7,55923.4,Petrol,Individual,Manual,Second Owner,1197.0,81.83,43.75,5.0
Maruti Swift Dzire VXI,2014,11980.07,31068.6,Petrol,Individual,Manual,Second Owner,1197.0,85.8,44.93,5.0
Daewoo Matiz SD,2001,1198.01,85127.8,Petrol,Individual,Manual,First Owner,796.0,53.0,43.51,5.0
Hyundai i20 Asta 1.2,2015,11980.07,37282.3,Petrol,Individual,Manual,First Owner,1197.0,81.83,43.75,5.0
Maruti Swift VDI Optional,2017,15440.97,18641.1,Diesel,Individual,Manual,First Owner,1248.0,74.0,59.27,5.0
Hyundai Creta 1.6 CRDi SX,2016,23960.13,60894.4,Diesel,Individual,Manual,First Owner,1582.0,126.2,46.27,5.0
Maruti Ertiga SHVS ZDI,2016,19966.78,31068.6,Diesel,Individual,Manual,First Owner,1248.0,88.5,57.67,7.0
Tata Indigo CS LS (TDI) BS III,2009,3727.13,74564.5,Diesel,Individual,Manual,Third Owner,1396.0,69.0,44.9,5.0
Hyundai Grand i10 1.2 Kappa Sportz BSIV,2017,13976.74,18641.1,Petrol,Individual,Manual,First Owner,1197.0,81.86,44.46,5.0
Tata Indigo CS LS (TDI) BS III,2009,3061.55,74564.5,Diesel,Individual,Manual,Third Owner,1396.0,69.0,44.9,5.0
Tata Tiago 1.2 Revotron XZ,2016,10622.33,24854.8,Petrol,Individual,Manual,First Owner,1199.0,84.0,56.08,5.0
Tata Indica V2 Turbomax DLS BS IV,2012,7321.15,55923.4,Diesel,Individual,Manual,Second Owner,1405.0,71.0,44.69,5.0
Hyundai i20 1.4 CRDi Magna,2011,9051.61,49709.7,Diesel,Individual,Manual,Second Owner,1396.0,90.0,51.51,5.0
Mahindra Ssangyong Rexton RX7,2013,22629.01,124274.2,Diesel,Individual,Automatic,First Owner,2696.0,184.0,26.3,7.0
Tata Indica V2 DLS,2007,1863.57,68350.8,Diesel,Individual,Manual,Second Owner,1396.0,53.5,40.46,5.0
Tata Tiago 1.2 Revotron XT,2017,11447.62,23612.1,Petrol,Individual,Manual,Second Owner,1199.0,84.0,56.08,5.0
Tata Tiago 1.2 Revotron XT,2017,11447.62,21748.0,Petrol,Individual,Manual,Second Owner,1199.0,84.0,56.08,5.0
Maruti Wagon R VXI BS IV,2014,8519.16,43496.0,Petrol,Individual,Manual,First Owner,998.0,67.04,48.24,5.0
Renault Fluence Diesel E4,2012,13311.18,74564.5,Diesel,Individual,Manual,Second Owner,1461.0,78.0,51.28,5.0
Renault Duster 110PS Diesel RxL,2012,13311.18,68350.8,Diesel,Individual,Manual,Second Owner,1461.0,108.45,44.71,5.0
Tata Indica Vista Aura Plus 1.3 Quadrajet BS IV,2010,6123.12,86991.9,Diesel,Individual,Manual,First Owner,1248.0,75.0,43.28,5.0
Mahindra Scorpio VLS AT 2.2 mHAWK,2009,15973.42,96312.5,Diesel,Individual,Automatic,Second Owner,2179.0,120.0,27.73,8.0
Renault Pulse RxL Optional,2017,13311.18,49709.7,Diesel,Individual,Manual,Second Owner,1461.0,63.1,54.29,5.0
Mahindra Bolero SLX 2WD,2010,8386.05,74564.5,Diesel,Individual,Manual,Second Owner,2523.0,63.0,31.99,7.0
Maruti Wagon R VXI Minor,2011,7054.93,49709.7,Petrol,Individual,Manual,First Owner,998.0,67.1,44.46,5.0
Ford Figo 1.5D Base MT,2015,9317.83,68350.8,Diesel,Individual,Manual,Second Owner,1498.0,99.0,60.76,5.0
Tata Indigo CR4,2012,5324.47,142915.3,Diesel,Individual,Manual,First Owner,1396.0,70.0,55.44,5.0
Tata Indica V2 DLE BSIII,2011,3061.55,106875.8,Diesel,Individual,Manual,Second Owner,1396.0,52.8,42.06,5.0
Hyundai i20 Magna 1.2,2014,11314.51,15534.3,Petrol,Individual,Manual,First Owner,1197.0,81.83,43.75,5.0
Ford EcoSport 1.5 Diesel Trend BSIV,2019,23960.13,21748.0,Diesel,Individual,Manual,First Owner,1498.0,98.96,54.1,5.0
Mahindra Scorpio 2009-2014 SLE 7S BSIV,2014,14642.3,78292.7,Diesel,Individual,Manual,First Owner,2179.0,120.0,28.34,7.0
Honda WR-V i-DTEC VX,2018,23960.13,18641.1,Diesel,Individual,Manual,First Owner,1498.0,98.6,59.98,5.0
Hyundai i10 Era,2011,4392.69,60273.0,Petrol,Individual,Manual,Third Owner,1086.0,68.05,46.6,5.0
Hyundai Verna 1.6 CRDI AT SX Option,2016,22629.01,74564.5,Diesel,Individual,Automatic,First Owner,1582.0,126.2,44.88,5.0
Hyundai Verna 1.6 CRDi S Option,2016,22629.01,74564.5,Diesel,Individual,Manual,First Owner,1582.0,126.32,56.22,5.0
Mahindra Thar CRDe AC,2014,14642.3,49709.7,Diesel,Individual,Manual,Second Owner,2498.0,105.0,38.93,6.0
Maruti Swift Dzire Vdi BSIV,2011,13311.18,37282.3,Diesel,Individual,Manual,Second Owner,1248.0,73.9,45.4,5.0
Hyundai i10 Era,2011,4259.58,37282.3,Petrol,Individual,Manual,First Owner,1086.0,68.05,46.6,5.0
Honda City i DTEC VX,2015,17836.99,37282.3,Diesel,Individual,Manual,First Owner,1498.0,98.6,59.04,5.0
Maruti Swift ZDi,2014,11447.62,55923.4,Diesel,Individual,Manual,First Owner,1248.0,74.0,53.86,5.0
Hyundai Xcent 1.2 Kappa Base,2015,9983.39,18641.1,Petrol,Individual,Manual,First Owner,1197.0,82.0,44.93,5.0
Hyundai i20 Asta Option 1.2,2016,17304.54,21748.0,Petrol,Individual,Manual,First Owner,1197.0,81.83,43.75,5.0
Maruti Swift Dzire LDI,2016,13311.18,21748.0,Diesel,Individual,Manual,First Owner,1248.0,74.0,62.54,5.0
Mahindra XUV500 W10 2WD,2017,35940.2,15534.3,Diesel,Individual,Manual,First Owner,2179.0,140.0,37.63,7.0
Volkswagen Ameo 1.5 TDI Comfortline,2018,15973.42,24854.8,Diesel,Individual,Manual,First Owner,1498.0,108.62,50.95,5.0
Hyundai Creta 1.6 CRDi SX Plus,2017,31946.84,15534.3,Diesel,Individual,Manual,First Owner,1582.0,126.2,46.27,5.0
Hyundai Grand i10 Sportz,2017,14642.3,14574.9,Petrol,Dealer,Manual,First Owner,1197.0,82.0,44.46,5.0
Mahindra XUV500 W10 2WD,2015,32612.4,24233.5,Diesel,Dealer,Manual,First Owner,2179.0,140.0,37.63,7.0
Honda WR-V i-VTEC S,2017,18635.66,9320.6,Petrol,Individual,Manual,First Owner,1199.0,88.7,41.16,5.0
Maruti Swift Dzire VDI,2013,14109.86,24854.8,Diesel,Individual,Manual,First Owner,1248.0,74.0,55.04,5.0
Chevrolet Beat LT,2010,3993.36,43496.0,Petrol,Individual,Manual,First Owner,1199.0,79.4,43.75,5.0
Maruti Swift Dzire VXI,2014,12645.63,24854.8,Petrol,Individual,Manual,First Owner,1197.0,85.8,44.93,5.0
Mahindra Scorpio SLX 4WD,2008,9983.39,84817.1,Diesel,Individual,Manual,Fourth & Above Owner,2609.0,120.0,29.87,8.0
Mahindra KUV 100 mFALCON D75 K6 Plus,2016,11314.51,43496.0,Diesel,Individual,Manual,Second Owner,1198.0,77.0,59.56,6.0
Honda City i DTEC VX,2015,21297.9,55923.4,Diesel,Individual,Manual,Second Owner,1498.0,98.6,59.04,5.0
Maruti 800 DX,1996,1064.89,19883.9,Petrol,Individual,Manual,Second Owner,796.0,37.0,37.87,4.0
Maruti Wagon R AMT VXI Option,2018,13577.38,4971.0,Petrol,Individual,Automatic,Second Owner,998.0,67.0,48.24,5.0
Toyota Etios Liva VD,2015,10302.86,105633.1,Diesel,Individual,Manual,First Owner,1364.0,67.04,55.49,5.0
Maruti Alto 800 VXI,2014,6256.26,15534.3,Petrol,Individual,Manual,First Owner,796.0,47.3,53.49,5.0
Maruti Swift Vdi BSIII,2010,9051.61,68350.8,Diesel,Individual,Manual,Third Owner,1248.0,75.0,41.87,5.0
Mahindra XUV500 W6 2WD,2016,26622.37,62137.1,Diesel,Individual,Manual,First Owner,2179.0,140.0,37.63,7.0
Ford Ikon 1.4 TDCi DuraTorq,2009,4259.58,71457.7,Diesel,Individual,Manual,Second Owner,1399.0,68.0,32.46,5.0
Mahindra Scorpio SLX 4WD LE,2008,9717.17,74564.5,Diesel,Individual,Manual,Fourth & Above Owner,2609.0,120.0,29.87,8.0
Skoda Fabia 1.2L Diesel Elegance,2011,7986.71,164663.3,Diesel,Individual,Manual,Second Owner,1199.0,75.0,49.07,5.0
Maruti Swift Vdi BSIII,2008,6921.82,55923.4,Diesel,Individual,Manual,Second Owner,1248.0,75.0,41.87,5.0
Honda Jazz V CVT,2018,22895.24,24854.8,Petrol,Individual,Automatic,First Owner,1199.0,88.7,42.81,5.0
Hyundai Verna 1.6 Xi ABS,2008,3061.55,34175.4,Petrol,Individual,Manual,Second Owner,1599.0,103.2,32.69,5.0
Maruti Alto LXi,2007,2662.24,55923.4,Petrol,Individual,Manual,Second Owner,796.0,46.3,46.34,5.0
Volkswagen Vento 1.5 TDI Highline,2014,15041.64,68972.2,Diesel,Individual,Manual,First Owner,1498.0,103.2,47.84,5.0
Mahindra Xylo E4 BS III,2013,11980.07,74564.5,Diesel,Individual,Manual,Second Owner,2498.0,112.0,27.47,7.0
Maruti Baleno Zeta 1.2,2017,16638.98,9320.6,Petrol,Individual,Manual,First Owner,1197.0,83.1,50.34,5.0
Maruti Alto 800 VXI,2016,7454.26,18641.1,Petrol,Individual,Manual,Second Owner,796.0,47.3,53.49,5.0
Maruti Alto K10 VXI,2017,8785.38,31068.6,Petrol,Individual,Manual,First Owner,998.0,67.05,56.33,5.0
Hyundai Creta 1.6 CRDi Anniversary Edition,2015,34609.08,24854.8,Diesel,Individual,Manual,First Owner,1582.0,126.2,46.27,5.0
Tata Indica V2 GLX BSIII,2008,1730.45,31068.6,Petrol,Individual,Manual,Second Owner,1396.0,70.0,35.99,5.0
Tata Tiago 1.2 Revotron XZ,2018,12778.74,27961.7,Petrol,Individual,Manual,Second Owner,1199.0,84.0,56.08,5.0
Tata Tiago 1.05 Revotorq XZ,2016,10648.95,21748.0,Diesel,Individual,Manual,Second Owner,1047.0,69.0,64.17,5.0
Tata New Safari DICOR 2.2 GX 4x2,2009,13311.18,49709.7,Diesel,Individual,Manual,First Owner,2179.0,138.0,32.77,7.0
Mahindra Xylo E4 ABS BS IV,2012,8519.16,74564.5,Diesel,Individual,Manual,First Owner,2498.0,112.0,27.47,7.0
Mahindra XUV500 W8 2WD,2014,19966.78,55923.4,Diesel,Individual,Manual,Second Owner,2179.0,140.0,35.52,7.0
Mahindra Bolero Power Plus SLE,2017,16505.87,62137.1,Diesel,Individual,Manual,First Owner,1493.0,70.0,38.81,7.0
Maruti Swift Dzire ZDi,2011,7986.71,74564.5,Diesel,Individual,Manual,Third Owner,1248.0,73.9,45.4,5.0
Hyundai Creta 1.6 SX Option Executive,2018,37404.43,9320.6,Petrol,Individual,Manual,First Owner,1591.0,121.3,37.16,5.0
Maruti Alto 800 LX,2017,7507.51,9320.6,Petrol,Individual,Manual,First Owner,796.0,47.3,58.1,5.0
Maruti Swift Dzire AMT VXI,2017,18635.66,9320.6,Petrol,Individual,Automatic,First Owner,1197.0,81.8,49.89,5.0
Ford Figo Aspire 1.5 TDCi Titanium,2017,18635.66,43496.0,Diesel,Individual,Manual,First Owner,1498.0,99.0,60.76,5.0
Ford EcoSport 1.5 TDCi Titanium BSIV,2015,15973.42,83885.1,Diesel,Individual,Manual,First Owner,1498.0,98.59,53.56,5.0
Skoda Rapid 1.6 TDI Ambition,2012,7720.49,49709.7,Diesel,Individual,Manual,Second Owner,1598.0,103.5,48.22,5.0
Chevrolet Cruze LTZ AT,2011,11447.62,49709.7,Diesel,Individual,Automatic,Second Owner,1991.0,147.9,42.57,4.0
Hyundai i20 1.2 Magna Executive,2017,15307.86,11806.0,Petrol,Individual,Manual,First Owner,1197.0,81.83,43.75,5.0
Hyundai Creta 1.6 VTVT E Plus,2017,23294.57,26097.6,Petrol,Individual,Manual,First Owner,1591.0,121.3,35.96,5.0
Maruti Wagon R LXI BSIII,2010,4792.03,47845.6,Petrol,Individual,Manual,First Owner,998.0,67.1,44.46,5.0
Maruti Ritz VDi,2012,6123.12,74564.5,Diesel,Individual,Manual,First Owner,1248.0,73.94,54.57,5.0
Toyota Glanza G CVT,2019,21297.9,6213.7,Petrol,Individual,Automatic,First Owner,1197.0,81.8,46.01,5.0
Chevrolet Spark 1.0 LT Option Pack w/ Airbag,2009,1597.34,68350.8,Petrol,Individual,Manual,Third Owner,995.0,63.0,38.81,5.0
Maruti SX4 Vxi BSIII,2009,3993.36,68350.8,Petrol,Individual,Manual,First Owner,1586.0,104.68,35.28,5.0
Tata Indigo Grand Dicor,2007,2662.24,55923.4,Diesel,Individual,Manual,Third Owner,1396.0,70.0,55.44,5.0
Hyundai Creta 1.6 Gamma SX Plus,2015,23960.13,55923.4,Petrol,Individual,Manual,First Owner,1591.0,121.3,35.96,5.0
Hyundai i20 1.4 Asta Option,2018,22629.01,31068.6,Diesel,Individual,Manual,First Owner,1396.0,88.73,53.02,5.0
Chevrolet Beat Diesel LT,2014,5856.92,31068.6,Diesel,Individual,Manual,First Owner,936.0,56.3,59.84,5.0
Maruti Alto 800 LXI,2014,6655.59,24854.8,Petrol,Individual,Manual,Second Owner,796.0,47.3,53.49,5.0
Tata Indica Vista Quadrajet LS,2012,3327.8,74564.5,Diesel,Individual,Manual,First Owner,1248.0,74.0,52.45,5.0
Tata Tiago 1.2 Revotron XT,2017,10648.95,24854.8,Petrol,Individual,Manual,First Owner,1199.0,84.0,56.08,5.0
Maruti 800 Std,2002,1331.12,38525.0,Petrol,Individual,Manual,First Owner,796.0,37.0,37.87,4.0
Hyundai Verna VTVT 1.6 SX Option,2018,26622.37,6213.7,Petrol,Individual,Manual,First Owner,1591.0,121.3,39.99,5.0
Honda City i DTEC VX,2014,15973.42,99419.4,Diesel,Individual,Manual,First Owner,1498.0,98.6,59.04,5.0
Hyundai i20 1.2 Asta,2010,6655.59,37282.3,Petrol,Individual,Manual,First Owner,1197.0,80.0,39.99,5.0
Mahindra Bolero SLE,2009,8252.93,68350.8,Diesel,Individual,Manual,First Owner,2523.0,63.0,31.99,7.0
Maruti Wagon R VXI,2005,3194.68,37282.3,Petrol,Individual,Manual,Fourth & Above Owner,998.0,67.1,44.46,5.0
Mahindra Xylo E4 BS III,2014,10382.72,48466.9,Diesel,Individual,Manual,First Owner,2498.0,112.0,27.47,7.0
Hyundai Santro Sportz BSIV,2019,12193.05,18641.1,Petrol,Individual,Manual,First Owner,1086.0,68.0,47.75,5.0
Ford EcoSport 1.5 Diesel Titanium BSIV,2018,25291.25,12427.4,Diesel,Individual,Manual,First Owner,1498.0,98.96,54.1,5.0
Maruti Swift Dzire VXI 1.2 BS IV,2017,17304.54,13048.8,Petrol,Individual,Manual,First Owner,1197.0,81.8,51.75,5.0
Maruti Swift Star VDI,2013,10648.95,43496.0,Diesel,Individual,Manual,First Owner,1248.0,74.0,53.86,5.0
Hyundai Grand i10 AT Asta,2015,10648.95,43496.0,Petrol,Individual,Automatic,Second Owner,1197.0,82.0,44.46,5.0
Maruti Alto LX,2006,2662.24,26408.3,Petrol,Individual,Manual,First Owner,796.0,46.3,46.34,5.0
Hyundai i10 Asta,2012,9317.83,15534.3,Petrol,Individual,Manual,First Owner,1197.0,78.9,47.89,5.0
Tata Aria Prestige 4x2,2013,11980.07,49709.7,Diesel,Individual,Manual,Second Owner,2197.0,138.1,32.22,7.0
Mahindra Scorpio 2.6 DX,2006,9317.83,55923.4,Diesel,Individual,Manual,First Owner,2609.0,116.6,29.87,8.0
Volkswagen Polo Diesel Trendline 1.2L,2010,6655.59,49709.7,Diesel,Individual,Manual,Fourth & Above Owner,1199.0,73.9,51.91,5.0
Mahindra Bolero 2011-2019 ZLX,2013,11980.07,90720.2,Diesel,Individual,Manual,Second Owner,2523.0,62.1,37.54,7.0
Maruti 800 AC BSIII,2013,4179.71,29328.7,Petrol,Individual,Manual,Third Owner,796.0,37.0,37.87,4.0
Mahindra XUV500 W11 Option BSIV,2018,39933.55,37282.3,Diesel,Individual,Manual,First Owner,2179.0,152.87,35.52,7.0
Tata Indica GLS BS IV,2007,1996.68,62137.1,Petrol,Individual,Manual,Second Owner,1193.0,65.3,35.99,5.0
Tata Sumo CX,2012,6682.19,74564.5,Diesel,Individual,Manual,Fourth & Above Owner,2956.0,83.8,35.99,7.0
Toyota Corolla Altis 1.8 Sport,2010,9317.83,49709.7,Petrol,Individual,Manual,Second Owner,1794.0,132.0,29.4,5.0
Renault KWID 1.0 RXT Optional,2016,7986.71,21126.6,Petrol,Individual,Manual,First Owner,999.0,67.0,54.12,5.0
Renault Duster 85PS Diesel RxS,2017,21830.32,31068.6,Diesel,Individual,Manual,First Owner,1461.0,83.8,46.74,5.0
Tata Indigo TDI,2010,10915.15,62137.1,Diesel,Individual,Manual,Second Owner,1405.0,70.0,46.13,5.0
Hyundai Verna 1.6 Xi ABS,2008,7321.15,32311.3,Petrol,Individual,Manual,Second Owner,1599.0,103.2,32.69,5.0
Maruti Ertiga VDI,2013,13231.32,68350.8,Diesel,Individual,Manual,First Owner,1248.0,88.76,48.85,7.0
Hyundai i20 Asta 1.2,2015,13311.18,43496.0,Petrol,Individual,Manual,First Owner,1197.0,81.83,43.75,5.0
Mahindra Bolero 2011-2019 Camper,2006,4525.8,74564.5,Diesel,Individual,Manual,Second Owner,2523.0,83.0,32.93,7.0
Isuzu MUX 2WD,2019,71880.4,6213.7,Diesel,Individual,Automatic,First Owner,2999.0,174.57,32.46,7.0
Ford EcoSport 1.5 Diesel Titanium BSIV,2019,25956.81,18641.1,Diesel,Individual,Manual,First Owner,1498.0,98.96,54.1,5.0
Ford Aspire Trend Plus,2018,16505.87,9320.6,Petrol,Individual,Manual,First Owner,1194.0,94.93,47.98,5.0
Honda City i-VTEC CVT ZX,2019,32665.65,3106.9,Petrol,Individual,Automatic,First Owner,1497.0,117.6,42.34,5.0
Ford EcoSport 1.5 Diesel Titanium Plus BSIV,2018,25291.25,24854.8,Diesel,Individual,Manual,First Owner,1498.0,98.96,54.1,5.0
MG Hector Smart DCT,2019,45258.03,10252.6,Petrol,Dealer,Automatic,First Owner,1451.0,141.0,32.84,5.0
Maruti Ertiga VDI,2014,14509.19,68350.8,Diesel,Individual,Manual,First Owner,1248.0,88.76,48.85,7.0
Maruti Swift VDI,2011,10648.95,44738.7,Diesel,Individual,Manual,First Owner,1248.0,74.0,53.86,5.0
Maruti Baleno Sigma 1.3,2015,14961.77,37282.3,Diesel,Individual,Manual,First Owner,1248.0,74.0,64.43,5.0
Tata Sumo SE,2002,2555.75,74564.5,Diesel,Individual,Manual,First Owner,2956.0,83.1,33.09,7.0
Mitsubishi Lancer 2.0 LXd,1999,4126.47,62137.1,Diesel,Individual,Manual,Third Owner,1998.0,68.0,34.81,5.0
Ford Fiesta 1.5 TDCi Titanium,2015,15707.2,49709.7,Diesel,Individual,Manual,First Owner,1498.0,89.75,58.83,5.0
Hyundai Xcent 1.1 CRDi S,2016,9317.83,74564.5,Diesel,Individual,Manual,Second Owner,1120.0,71.0,57.39,5.0
Maruti Ignis 1.2 Zeta BSIV,2017,12911.82,18641.1,Petrol,Individual,Manual,First Owner,1197.0,81.8,49.14,5.0
Tata Indica Vista TDI LS,2015,6389.37,68350.8,Diesel,Individual,Manual,Second Owner,1405.0,70.0,44.93,5.0
Toyota Innova 2.5 G (Diesel) 8 Seater BS IV,2008,13311.18,136080.2,Diesel,Individual,Manual,Second Owner,2494.0,102.0,30.11,8.0
Maruti Alto 800 LXI,2017,7986.71,49709.7,Petrol,Individual,Manual,First Owner,796.0,47.3,58.1,5.0
Maruti Ciaz RS ZDi Plus SHVS,2016,19966.78,49709.7,Diesel,Individual,Manual,First Owner,1248.0,88.5,66.07,5.0
Maruti Swift Dzire VXI,2016,15281.24,21748.0,Petrol,Individual,Manual,Second Owner,1197.0,83.14,49.04,5.0
Tata Indica Vista Quadrajet 90 VX,2013,5324.47,103769.0,Diesel,Individual,Manual,First Owner,1248.0,88.8,52.45,5.0
Hyundai Creta 1.6 CRDi SX Option,2016,29284.61,58408.9,Diesel,Individual,Manual,First Owner,1582.0,126.2,46.27,5.0
Hyundai Santro Xing GL Plus,2012,9317.83,49709.7,Petrol,Individual,Manual,First Owner,1086.0,62.1,42.15,5.0
Maruti 800 DX,1998,1863.57,62137.1,Petrol,Individual,Manual,Second Owner,796.0,37.0,37.87,4.0
Ford Ikon 1.3 Flair,2005,3194.68,55923.4,Petrol,Individual,Manual,Second Owner,1299.0,70.0,32.46,5.0
Toyota Innova 2.5 G (Diesel) 7 Seater,2012,18635.66,152857.3,Diesel,Individual,Manual,Second Owner,2494.0,100.0,30.55,7.0
Maruti Baleno Sigma 1.2,2019,13311.18,6213.7,Petrol,Individual,Manual,First Owner,1197.0,83.1,50.34,5.0
Tata Indigo CS LS (TDI) BS-III,2016,9850.28,55923.4,Diesel,Individual,Manual,First Owner,1405.0,69.01,44.9,5.0
Tata Tigor 2017-2020 XZ Plus,2019,15973.42,3231.1,Petrol,Individual,Manual,First Owner,1199.0,83.81,47.75,5.0
Maruti Zen LX - BS III,2006,2662.24,74564.5,Petrol,Individual,Manual,Second Owner,993.0,60.0,40.69,5.0
Maruti Swift VDI,2013,10915.15,55923.4,Diesel,Individual,Manual,Second Owner,1248.0,74.0,53.86,5.0
Honda City i VTEC CVT SV,2016,19966.78,31068.6,Petrol,Individual,Automatic,First Owner,1497.0,117.3,42.34,5.0
Hyundai Grand i10 1.2 Kappa Asta,2017,15973.42,3106.9,Petrol,Individual,Manual,First Owner,1197.0,81.86,44.46,5.0
Mahindra KUV 100 G80 K8 Dual Tone,2018,14642.3,6524.4,Petrol,Individual,Manual,First Owner,1198.0,82.0,42.69,6.0
Renault Duster 110PS Diesel RxZ,2018,25291.25,16155.6,Diesel,Individual,Manual,First Owner,1461.0,108.45,46.1,5.0
Mahindra Scorpio VLX 2WD ABS AT BSIII,2014,17171.43,86370.6,Diesel,Individual,Automatic,First Owner,2179.0,120.0,27.73,8.0
Mahindra XUV500 W8 2WD,2014,19966.78,37282.3,Diesel,Individual,Manual,Second Owner,2179.0,140.0,35.52,7.0
Mercedes-Benz New C-Class C 200 Kompressor Elegance MT,2006,17304.54,24854.8,Petrol,Individual,Manual,First Owner,1796.0,178.0,27.52,5.0
Ford EcoSport 1.5 Ti VCT MT Titanium BSIV,2015,21297.9,15534.3,Petrol,Individual,Manual,First Owner,1499.0,110.4,37.28,5.0
Toyota Corolla Altis 1.8 J,2010,9317.83,37282.3,Petrol,Individual,Manual,Second Owner,1798.0,138.0,34.18,5.0
Ford EcoSport 1.5 Ti VCT MT Titanium BSIV,2015,18635.66,15534.3,Petrol,Individual,Manual,First Owner,1499.0,110.4,37.28,5.0
Maruti Swift Dzire ZXi,2011,8918.49,9320.6,Petrol,Individual,Manual,First Owner,1298.0,85.8,41.16,5.0
Maruti Swift Dzire LDi,2012,7188.04,68350.8,Diesel,Individual,Manual,First Owner,1248.0,73.9,45.4,5.0
Maruti Swift Dzire ZDi,2010,8519.16,62137.1,Diesel,Individual,Manual,Second Owner,1248.0,73.9,45.4,5.0
Hyundai Santro Xing XS,2007,3194.68,74564.5,Petrol,Individual,Manual,First Owner,1086.0,63.0,41.87,5.0
Audi A4 1.8 TFSI,2010,19434.33,34175.4,Petrol,Individual,Automatic,Second Owner,1781.0,163.2,28.93,5.0
Maruti SX4 Vxi BSIII,2007,3327.8,74564.5,Petrol,Individual,Manual,Third Owner,1586.0,104.68,35.28,5.0
Maruti Zen Estilo 1.1 LXI BSIII,2007,3993.36,21748.0,Petrol,Individual,Manual,First Owner,1061.0,64.0,42.81,5.0
Maruti Alto 800 LXI,2018,8252.93,8077.8,Petrol,Individual,Manual,First Owner,796.0,47.3,58.1,5.0
Maruti Swift Dzire VDI,2015,16638.98,31068.6,Diesel,Individual,Manual,First Owner,1248.0,74.0,62.54,5.0
Hyundai i10 Magna,2012,7108.17,24854.8,Petrol,Individual,Manual,First Owner,1197.0,78.9,47.89,5.0
Hyundai i20 Active 1.2 SX Dual Tone,2016,15973.42,15534.3,Petrol,Individual,Manual,First Owner,1197.0,81.86,40.43,5.0
Maruti Eeco 7 Seater Standard BSIV,2011,4792.03,68350.8,Petrol,Individual,Manual,Second Owner,1196.0,73.0,36.15,7.0
Toyota Glanza G Smart Hybrid,2019,18635.66,3106.9,Petrol,Individual,Manual,First Owner,1197.0,88.5,56.15,5.0
Maruti 800 AC,2013,3221.31,31068.6,Petrol,Individual,Manual,Second Owner,796.0,37.0,37.87,4.0
Hyundai Grand i10 Asta,2014,9317.83,49709.7,Petrol,Individual,Manual,Third Owner,1197.0,82.0,44.46,5.0
Toyota Innova 2.5 G (Diesel) 8 Seater,2012,23161.44,139808.5,Diesel,Individual,Manual,Second Owner,2494.0,100.0,30.55,8.0
Maruti Wagon R LX BSIII,2008,2129.79,62137.1,Petrol,Individual,Manual,Third Owner,1061.0,64.0,40.69,5.0
Hyundai i10 Era 1.1,2008,3194.68,57993.2,Petrol,Individual,Manual,Second Owner,1086.0,68.05,46.6,5.0
Mahindra Scorpio M2DI,2012,9850.28,74564.5,Diesel,Individual,Manual,Second Owner,2179.0,115.0,31.75,5.0
Nissan Terrano XL 110 PS,2015,19966.78,43496.0,Diesel,Individual,Manual,First Owner,1461.0,108.5,44.71,5.0
Hyundai Accent CRDi,2006,3194.68,55923.4,Diesel,Individual,Manual,Second Owner,1493.0,82.0,30.81,5.0
Toyota Fortuner 2.8 4WD AT BSIV,2016,82529.35,55923.4,Diesel,Individual,Automatic,First Owner,2755.0,174.5,35.38,7.0
Maruti Swift Dzire AMT ZXI Plus,2019,19966.78,4038.9,Petrol,Individual,Automatic,First Owner,1197.0,81.8,49.89,5.0
Maruti Gypsy King ST BSIII,2010,9317.83,49709.7,Petrol,Individual,Manual,First Owner,1298.0,80.0,28.13,8.0
Mahindra Scorpio VLS 2.2 mHawk,2008,10648.95,62137.1,Diesel,Individual,Manual,Third Owner,2179.0,120.0,28.34,7.0
Toyota Etios VD,2015,15174.75,74564.5,Diesel,Individual,Manual,Second Owner,1364.0,67.05,55.49,5.0
Hyundai EON Era Plus,2012,4792.03,74564.5,Petrol,Individual,Manual,Second Owner,814.0,55.2,49.63,5.0
Opel Astra 1.6,1998,1810.32,68350.8,Petrol,Individual,Manual,Third Owner,1598.0,77.0,30.81,5.0
Skoda Octavia Classic 1.9 TDI MT,2006,7454.26,93205.6,Diesel,Individual,Manual,Third Owner,1896.0,66.0,43.99,5.0
Tata Indigo LS,2005,2396.01,74564.5,Diesel,Individual,Manual,Fourth & Above Owner,1405.0,70.0,37.87,5.0
Mercedes-Benz M-Class ML 250 CDI,2015,69218.16,62137.1,Diesel,Individual,Automatic,Second Owner,2143.0,203.2,35.89,5.0
Tata Sumo Gold EX,2018,18635.66,39146.4,Diesel,Individual,Manual,First Owner,2956.0,83.83,35.99,7.0
Mercedes-Benz GLA Class 200 CDI,2016,49251.38,24854.8,Diesel,Individual,Automatic,Second Owner,2143.0,136.0,42.1,5.0
Ford Ecosport 1.5 DV5 MT Titanium,2015,18236.32,67729.4,Diesel,Dealer,Manual,First Owner,1498.0,89.84,53.39,5.0
Maruti Swift VDI Windsong Limited edition,2015,15041.64,70836.3,Diesel,Dealer,Manual,First Owner,1248.0,73.94,59.27,5.0
Skoda Octavia Elegance 1.8 TSI AT,2017,42595.79,20505.2,Petrol,Dealer,Automatic,Second Owner,1798.0,177.5,34.58,5.0
Hyundai Grand i10 CRDi Asta Option,2014,10515.84,99419.4,Diesel,Dealer,Manual,Third Owner,1120.0,70.0,56.45,5.0
Hyundai i20 Sportz 1.4 CRDi,2013,11314.51,62758.5,Diesel,Dealer,Manual,First Owner,1396.0,88.76,51.51,5.0
Hyundai Tucson 2.0 e-VGT 2WD AT GLS,2016,51913.62,27961.7,Diesel,Dealer,Automatic,Second Owner,1995.0,183.0,38.53,5.0
Renault KWID AMT RXL,2018,14242.97,19262.5,Petrol,Dealer,Automatic,First Owner,999.0,67.0,56.55,5.0
Renault KWID 1.0 RXT Optional,2018,13311.18,19262.5,Petrol,Dealer,Manual,First Owner,999.0,67.0,54.12,5.0
Maruti Wagon R VXI Opt 1.2,2016,11580.7,34175.4,Petrol,Dealer,Manual,First Owner,1197.0,81.8,48.27,5.0
Tata Nano XTA,2018,6655.59,34175.4,Petrol,Dealer,Automatic,First Owner,624.0,37.48,51.51,4.0
Hyundai Verna 1.6 SX,2014,18635.66,72700.4,Diesel,Dealer,Manual,First Owner,1582.0,126.32,52.5,5.0
BMW 3 Series 320d Luxury Line,2010,29284.61,63379.8,Diesel,Dealer,Automatic,First Owner,1995.0,187.74,46.15,5.0
Volkswagen Passat 2.0 TDI AT Highline,2012,23960.13,67108.1,Diesel,Dealer,Automatic,First Owner,1968.0,175.0,40.97,5.0
Maruti Wagon R VXI 1.2,2015,11314.51,46602.8,Petrol,Dealer,Manual,First Owner,1197.0,81.8,48.27,5.0
Mercedes-Benz E-Class E 220 CDI Avantgarde,2011,42595.79,45981.5,Diesel,Dealer,Automatic,First Owner,2148.0,170.0,23.52,5.0
Ford Figo Titanium Diesel,2013,8652.27,98176.6,Diesel,Dealer,Manual,First Owner,1499.0,98.96,57.39,5.0
Tata Nexon 1.5 Revotorq XZA Plus,2019,30349.5,6213.7,Diesel,Individual,Automatic,First Owner,1497.0,108.5,50.57,5.0
Tata Hexa XE,2017,26089.92,32932.7,Diesel,Individual,Manual,First Owner,2179.0,147.94,41.4,7.0
Jeep Compass 2.0 Limited Option 4X4,2017,51114.95,12427.4,Diesel,Individual,Manual,Second Owner,1956.0,170.0,38.34,5.0
Volkswagen Polo 1.0 TSI Highline Plus,2020,21510.87,3106.9,Petrol,Individual,Manual,First Owner,999.0,108.6,42.9,5.0
Maruti Swift Dzire VXI,2014,14642.3,18641.1,Petrol,Individual,Manual,First Owner,1197.0,85.8,44.93,5.0
Maruti Alto LXi,2010,5723.81,39767.7,Petrol,Individual,Manual,First Owner,796.0,46.3,46.34,5.0
Ford Figo 1.2P Titanium Opt MT,2016,13630.65,6524.4,Petrol,Individual,Manual,First Owner,1196.0,86.8,42.72,5.0
Maruti Alto LXi,2011,5723.81,31068.6,Petrol,Individual,Manual,Second Owner,796.0,46.3,46.34,5.0
Skoda Rapid 1.6 TDI Elegance,2012,13311.18,37282.3,Diesel,Individual,Manual,First Owner,1598.0,103.5,48.22,5.0
Skoda Rapid 1.5 TDI Elegance Black Package,2015,18635.66,21748.0,Diesel,Individual,Manual,First Owner,1498.0,103.52,49.72,5.0
Tata Safari DICOR 2.2 LX 4x2,2012,13976.74,83885.1,Diesel,Individual,Manual,First Owner,2179.0,138.03,32.77,7.0
Maruti Vitara Brezza ZDi,2016,19966.78,49709.7,Diesel,Individual,Manual,First Owner,1248.0,88.5,57.16,5.0
Maruti Celerio X VXI Option BSIV,2017,10515.84,15534.3,Petrol,Individual,Manual,First Owner,998.0,67.0,50.88,5.0
Hyundai i20 2015-2017 Sportz 1.2,2017,17970.1,3106.9,Petrol,Individual,Manual,First Owner,1197.0,81.83,43.75,5.0
Hyundai Santro Xing GLS,2008,3727.13,49709.7,Petrol,Individual,Manual,Third Owner,1086.0,62.1,42.15,5.0
Mahindra Scorpio VLX 2WD BSIV,2011,11447.62,74564.5,Diesel,Individual,Manual,Second Owner,2179.0,120.0,28.34,8.0
Maruti Wagon R LXI BS IV,2014,7986.71,6213.7,Petrol,Individual,Manual,First Owner,998.0,67.04,48.24,5.0
Chevrolet Sail Hatchback Diesel,2013,9450.94,42253.2,Diesel,Individual,Manual,First Owner,1248.0,76.9,51.98,5.0
Maruti Alto 800 VXI,2015,4792.03,21748.0,Petrol,Individual,Manual,Second Owner,796.0,47.3,53.49,5.0
Tata Indica GLS BS IV,2007,3327.8,31068.6,Petrol,Individual,Manual,First Owner,1193.0,65.3,35.99,5.0
Maruti S-Cross 2017-2020 Zeta DDiS 200 SH,2018,21564.12,18454.7,Diesel,Individual,Manual,First Owner,1248.0,88.5,59.04,5.0
Hyundai i20 1.4 Magna AT,2018,17863.61,12427.4,Petrol,Individual,Automatic,First Owner,1368.0,98.63,43.75,5.0
Maruti Alto 800 VXI,2018,7853.6,12427.4,Petrol,Individual,Manual,First Owner,796.0,47.3,58.1,5.0
Maruti Ertiga SHVS ZDI Plus,2017,22629.01,24854.8,Diesel,Individual,Manual,First Owner,1248.0,88.5,57.67,7.0
Maruti Swift ZDi,2013,10915.15,55923.4,Diesel,Individual,Manual,First Owner,1248.0,74.0,53.86,5.0
Maruti Ertiga VXI,2015,15973.42,55923.4,Petrol,Individual,Manual,First Owner,1373.0,93.7,37.68,7.0
Mahindra Bolero 2011-2019 ZLX,2015,15973.42,49709.7,Diesel,Individual,Manual,First Owner,2523.0,62.1,37.54,7.0
Maruti Wagon R LXI BSIII,2012,5856.92,37282.3,Petrol,Individual,Manual,Third Owner,998.0,67.1,44.46,5.0
Maruti Swift Dzire VDI,2013,14642.3,34796.8,Diesel,Individual,Manual,First Owner,1248.0,74.0,55.04,5.0
Mahindra Scorpio EX,2014,17304.54,31068.6,Diesel,Individual,Manual,First Owner,2523.0,75.0,32.93,8.0
Tata Sumo GX 7 Str BSII,2006,3460.91,45981.5,Diesel,Individual,Manual,First Owner,1948.0,68.0,32.22,7.0
Renault Duster 110PS Diesel RxL,2014,10648.95,76428.6,Diesel,Individual,Manual,First Owner,1461.0,108.45,44.71,5.0
Maruti Alto LXi,2009,4126.47,33554.0,Petrol,Individual,Manual,First Owner,796.0,46.3,46.34,5.0
Tata Indigo CS eGLS BS IV,2013,6655.59,31068.6,Petrol,Individual,Manual,First Owner,1193.0,64.1,36.79,5.0
Hyundai Grand i10 Sportz,2014,10648.95,49709.7,Petrol,Individual,Manual,Second Owner,1197.0,82.0,44.46,5.0
Datsun GO A Option Petrol,2019,13311.18,6213.7,Petrol,Individual,Manual,First Owner,1198.0,67.05,44.74,5.0
Hyundai Santro Sportz AMT BSIV,2018,15041.64,6213.7,Petrol,Individual,Automatic,First Owner,1086.0,68.0,47.75,5.0
Ford EcoSport 1.5 Diesel Titanium BSIV,2018,23960.13,24854.8,Diesel,Individual,Manual,First Owner,1498.0,98.96,54.1,5.0
Mahindra Bolero Power Plus SLE,2017,17304.54,74564.5,Diesel,Individual,Manual,First Owner,1493.0,70.0,38.81,7.0
Mahindra Bolero 2011-2019 ZLX,2013,15973.42,27961.7,Diesel,Individual,Manual,First Owner,2523.0,62.1,37.54,7.0
Maruti Swift Dzire VDI,2018,21297.9,21748.0,Diesel,Individual,Manual,First Owner,1248.0,74.02,66.8,5.0
Hyundai i20 Sportz 1.4 CRDi,2015,15307.86,37282.3,Diesel,Individual,Manual,First Owner,1396.0,88.73,53.02,5.0
Ford Figo 1.5P Titanium AT,2016,14642.3,24854.8,Petrol,Individual,Automatic,First Owner,1499.0,110.4,40.01,5.0
Maruti SX4 Vxi BSIV,2011,5058.25,49709.7,Petrol,Individual,Manual,Third Owner,1586.0,103.3,36.46,5.0
Ford EcoSport 1.5 Diesel Trend Plus BSIV,2017,19966.78,22990.7,Diesel,Individual,Manual,First Owner,1498.0,98.96,54.1,5.0
Maruti Baleno Delta 1.2,2018,16638.98,13670.2,Petrol,Individual,Manual,First Owner,1197.0,83.1,50.34,5.0
Hyundai i20 1.4 Asta,2018,21271.27,37282.3,Diesel,Individual,Manual,Second Owner,1396.0,88.73,53.02,5.0
Maruti Wagon R VXI BS IV,2013,7986.71,35418.1,Petrol,Individual,Manual,Second Owner,998.0,67.04,48.24,5.0
Maruti Ciaz 1.4 Alpha,2017,22629.01,16777.0,Petrol,Individual,Manual,First Owner,1373.0,91.1,48.76,5.0
Chevrolet Spark 1.0 LT,2012,3460.91,43496.0,Petrol,Individual,Manual,First Owner,995.0,62.0,42.34,5.0
Maruti Alto K10 2010-2014 VXI,2011,6123.12,24854.8,Petrol,Individual,Manual,Second Owner,998.0,67.1,49.21,5.0
Maruti Celerio ZXI,2015,10648.95,37282.3,Petrol,Individual,Manual,First Owner,998.0,67.04,54.33,5.0
Mahindra Thar CRDe,2018,23960.13,21748.0,Diesel,Individual,Manual,First Owner,2498.0,105.0,38.93,6.0
Mahindra Scorpio 1.99 S4,2015,21297.9,43496.0,Diesel,Individual,Manual,First Owner,1997.0,120.0,36.22,7.0
Hyundai EON Era Plus,2015,6682.19,26719.0,Petrol,Individual,Manual,Second Owner,814.0,55.2,49.63,5.0
Tata Manza Aqua Safire,2011,6655.59,68350.8,Petrol,Individual,Manual,Second Owner,1368.0,90.0,35.28,5.0
Fiat Punto 1.2 Active,2009,2662.24,62137.1,Petrol,Individual,Manual,Second Owner,1172.0,67.0,36.93,5.0
Maruti Swift VXI Optional,2016,11980.07,39767.7,Petrol,Individual,Manual,First Owner,1197.0,81.8,47.98,5.0
Renault Duster 85PS Diesel STD,2017,15307.86,59651.6,Diesel,Individual,Manual,First Owner,1461.0,83.8,46.74,5.0
Renault Duster 85PS Diesel RxL Optional,2013,10648.95,59651.6,Diesel,Individual,Manual,First Owner,1461.0,83.8,48.12,5.0
Maruti Celerio X ZXI BSIV,2019,12778.74,4722.4,Petrol,Individual,Manual,First Owner,998.0,67.0,50.88,5.0
Maruti Celerio X ZXI BSIV,2019,13044.96,4349.6,Petrol,Individual,Manual,First Owner,998.0,67.0,50.88,5.0
Tata Indigo LX,2007,3993.36,74564.5,Diesel,Individual,Manual,Second Owner,1405.0,70.0,39.99,5.0
Tata Bolt Quadrajet XM,2017,15973.42,31068.6,Diesel,Individual,Manual,First Owner,1248.0,74.0,53.98,5.0
Hyundai Xcent 1.1 CRDi SX Option,2015,13311.18,31068.6,Diesel,Individual,Manual,Second Owner,1120.0,71.0,57.39,5.0
Tata Zest Quadrajet 1.3 Anniversary Edition,2015,11314.51,49709.7,Diesel,Individual,Manual,First Owner,1248.0,88.7,54.1,5.0
Hyundai Accent DLS,2003,2875.22,124274.2,Diesel,Individual,Manual,Second Owner,1493.0,82.0,30.81,5.0
Toyota Innova 2.5 ZX Diesel 7 Seater BSIII,2015,27421.04,118060.5,Diesel,Individual,Manual,First Owner,2494.0,100.6,30.55,7.0
Maruti Wagon R VXI Optional,2015,9584.05,21126.6,Petrol,Individual,Manual,First Owner,998.0,67.04,48.24,5.0
Volkswagen Polo Petrol Comfortline 1.2L,2012,7720.49,49709.7,Petrol,Individual,Manual,Second Owner,1198.0,73.9,38.74,5.0
Maruti Esteem DI,2003,1863.57,12427.4,Diesel,Individual,Manual,First Owner,1527.0,57.0,37.4,5.0
Tata Sumo CX,2012,8519.16,43496.0,Diesel,Individual,Manual,Second Owner,2956.0,83.8,35.99,7.0
Hyundai Verna 1.6 SX CRDi (O),2014,20099.89,18231.0,Diesel,Individual,Manual,First Owner,1582.0,126.32,52.5,5.0
Ford Figo Diesel LXI,2011,5723.81,74564.5,Diesel,Individual,Manual,First Owner,1399.0,68.0,47.04,5.0
Toyota Innova 2.5 G4 Diesel 7-seater,2011,19567.44,124274.2,Diesel,Individual,Manual,Second Owner,2494.0,102.0,30.11,7.0
Hyundai i10 Era,2007,5058.25,43496.0,Petrol,Individual,Manual,Second Owner,1086.0,68.05,46.6,5.0
Toyota Innova 2.5 VX (Diesel) 8 Seater,2014,36339.53,50206.8,Diesel,Individual,Manual,Second Owner,2494.0,100.6,30.55,8.0
Honda Jazz 1.2 VX i VTEC,2018,17970.1,15077.6,Petrol,Dealer,Manual,First Owner,1199.0,88.7,43.99,5.0
Maruti Swift Dzire VDI,2014,11687.19,50331.1,Diesel,Dealer,Manual,First Owner,1248.0,74.0,55.04,5.0
Renault Lodgy Stepway 110PS RXZ 7S,2015,14642.3,149129.0,Diesel,Individual,Manual,First Owner,1461.0,108.5,47.0,7.0
Maruti Swift Dzire VXI,2013,10915.15,21748.0,Petrol,Individual,Manual,First Owner,1197.0,85.8,44.93,5.0
Renault KWID RXT Optional,2019,9317.83,9320.6,Petrol,Individual,Manual,First Owner,799.0,53.3,59.2,5.0
Chevrolet Beat Diesel,2012,3594.02,30447.2,Diesel,Individual,Manual,Third Owner,936.0,57.6,59.84,5.0
Toyota Innova Crysta 2.4 GX MT 8S BSIV,2016,39667.33,35356.0,Diesel,Individual,Manual,Second Owner,2393.0,147.8,32.18,8.0
Maruti Swift VDI BSIV,2014,13843.63,43496.0,Diesel,Individual,Manual,Second Owner,1248.0,74.0,59.27,5.0
Maruti Swift Dzire VDi,2010,8386.05,111846.8,Diesel,Individual,Manual,First Owner,1248.0,73.9,45.4,5.0
Maruti A-Star Lxi,2010,6256.26,31068.6,Petrol,Individual,Manual,First Owner,998.0,66.1,44.69,5.0
Hyundai Accent GLE,2005,2143.1,31068.6,Petrol,Individual,Manual,Third Owner,1495.0,94.0,31.05,5.0
Maruti Ritz VDi,2013,9983.39,54804.9,Diesel,Individual,Manual,First Owner,1248.0,73.94,54.57,5.0
Maruti Swift VXi BSIV,2006,5031.63,57787.5,Petrol,Individual,Manual,Second Owner,1197.0,85.0,37.87,5.0
Honda Amaze E Option i-DTEC,2017,14642.3,74564.5,Diesel,Individual,Manual,First Owner,1498.0,98.6,60.69,5.0
Ford Fiesta EXi 1.4 TDCi Ltd,2011,6921.82,68350.8,Diesel,Individual,Manual,Second Owner,1399.0,68.0,41.87,5.0
Maruti Alto K10 VXI,2015,7986.71,24854.8,Petrol,Individual,Manual,First Owner,998.0,67.05,56.33,5.0
Honda City 1.5 S Inspire,2010,9317.83,74564.5,Petrol,Individual,Manual,Second Owner,1497.0,118.0,39.99,5.0
Maruti Vitara Brezza ZDi,2019,23747.15,6213.7,Diesel,Individual,Manual,First Owner,1248.0,88.5,57.16,5.0
Fiat Grande Punto Sport 90BHP,2012,7587.38,43496.0,Diesel,Individual,Manual,Second Owner,1248.0,92.0,47.75,5.0
Maruti Ciaz VDI SHVS,2016,16505.87,55923.4,Diesel,Individual,Manual,First Owner,1248.0,88.5,66.07,5.0
Maruti Vitara Brezza ZDi,2017,19966.78,55923.4,Diesel,Individual,Manual,First Owner,1248.0,88.5,57.16,5.0
Maruti Alto 800 LXI,2016,7188.04,21748.0,Petrol,Individual,Manual,First Owner,796.0,47.3,53.49,5.0
Hyundai Santro Xing GLS,2012,7986.71,24854.8,Petrol,Individual,Manual,Second Owner,1086.0,62.1,42.15,5.0
Tata Indigo CS eLX BS IV,2011,5856.92,49709.7,Diesel,Individual,Manual,First Owner,1396.0,69.0,54.17,5.0
Maruti SX4 Vxi BSIV,2012,6921.82,61515.7,Petrol,Individual,Manual,Second Owner,1586.0,103.3,36.46,5.0
Maruti Swift AMT VXI,2019,15973.42,4660.3,Petrol,Individual,Automatic,First Owner,1197.0,81.8,49.89,5.0
Tata Nano XE,2015,2129.79,37282.3,Petrol,Individual,Manual,First Owner,624.0,37.48,56.22,4.0
Hyundai EON Magna Plus,2016,7986.71,25351.9,Petrol,Individual,Manual,First Owner,814.0,55.2,49.63,5.0
Tata Zest Revotron 1.2T XM,2015,7986.71,43496.0,Petrol,Individual,Manual,First Owner,1193.0,88.7,41.33,5.0
Mahindra KUV 100 mFALCON G80 K8 5str,2016,10648.95,62137.1,Petrol,Individual,Manual,First Owner,1198.0,82.0,42.69,5.0
Maruti Swift VXI BSIV,2016,14642.3,5336.3,Petrol,Individual,Manual,First Owner,1197.0,81.8,51.75,5.0
Honda City i-DTEC V,2019,31946.84,24854.8,Diesel,Individual,Manual,First Owner,1498.0,97.9,60.22,5.0
Ford Figo 1.5D Trend MT,2015,13311.18,37282.3,Diesel,Individual,Manual,First Owner,1498.0,99.0,60.76,5.0
Maruti Esteem Vxi - BSIII,2005,2475.88,49709.7,Petrol,Individual,Manual,Third Owner,1298.0,85.0,37.4,5.0
Honda City i DTEC SV,2014,13311.18,68350.8,Diesel,Individual,Manual,First Owner,1498.0,98.6,61.16,5.0
Toyota Platinum Etios 1.4 GXD,2018,17836.99,93205.6,Diesel,Individual,Manual,First Owner,1364.0,67.05,55.49,5.0
Toyota Innova 2.5 VX 7 STR,2012,19966.78,74564.5,Diesel,Individual,Manual,Second Owner,2494.0,102.0,30.11,7.0
Maruti Alto K10 VXI,2017,9850.28,18641.1,Petrol,Individual,Manual,First Owner,998.0,67.05,56.33,5.0
Maruti 800 Std,2012,2662.24,43496.0,Petrol,Individual,Manual,Second Owner,796.0,37.0,37.87,4.0
Hyundai i10 Sportz 1.1L,2016,11314.51,31068.6,Petrol,Individual,Manual,First Owner,1086.0,68.05,46.6,5.0
Toyota Innova 2.5 V Diesel 8-seater,2006,9850.28,189518.2,Diesel,Individual,Manual,Fourth & Above Owner,2494.0,102.0,30.11,8.0
Tata New Safari DICOR 2.2 EX 4x2,2009,6123.12,131730.7,Diesel,Individual,Manual,Third Owner,2179.0,138.1,27.21,7.0
Maruti Ertiga SHVS VDI,2016,22629.01,21748.0,Diesel,Individual,Manual,First Owner,1248.0,88.5,57.67,7.0
Mahindra Verito 1.5 D4 BSIV,2018,19966.78,13670.2,Diesel,Individual,Manual,First Owner,1461.0,65.0,49.47,5.0
Honda WR-V i-DTEC S,2017,18635.66,43496.0,Diesel,Individual,Manual,First Owner,1498.0,98.6,59.98,5.0
Hyundai Grand i10 CRDi Magna,2016,12778.74,34796.8,Diesel,Individual,Manual,First Owner,1120.0,70.0,56.45,5.0
Tata Zest Quadrajet 1.3 75PS XM,2016,12645.63,31068.6,Diesel,Individual,Manual,First Owner,1248.0,74.0,53.98,5.0
Skoda Rapid 1.5 TDI Ambition,2015,16239.65,74564.5,Diesel,Individual,Manual,First Owner,1498.0,103.52,49.72,5.0
Toyota Innova 2.5 G4 Diesel 8-seater,2011,17304.54,74564.5,Diesel,Individual,Manual,Second Owner,2494.0,102.0,30.11,8.0
Honda WR-V i-DTEC S,2017,21297.9,43496.0,Diesel,Individual,Manual,First Owner,1498.0,98.6,59.98,5.0
Tata New Safari DICOR 2.2 EX 4x2,2015,13843.63,74564.5,Diesel,Individual,Manual,First Owner,2179.0,138.1,27.21,7.0
Tata Indica V2 eLS,2014,4259.58,55923.4,Diesel,Individual,Manual,First Owner,1396.0,69.0,58.8,5.0
Maruti S-Cross 2017-2020 Zeta DDiS 200 SH,2018,26622.37,43496.0,Diesel,Individual,Manual,First Owner,1248.0,88.5,59.04,5.0
Maruti Ertiga VDI,2015,18635.66,74564.5,Diesel,Individual,Manual,Second Owner,1248.0,88.76,48.85,7.0
Honda Amaze S i-DTEC,2017,15707.2,43496.0,Diesel,Individual,Manual,Second Owner,1498.0,98.6,60.69,5.0
Maruti Wagon R VXI,2002,3727.13,49709.7,Petrol,Individual,Manual,Second Owner,998.0,67.1,44.46,5.0
Mahindra TUV 300 mHAWK100 T8,2017,19301.22,62137.1,Diesel,Individual,Manual,Second Owner,1493.0,100.0,43.49,7.0
Toyota Innova Crysta 2.4 ZX MT BSIV,2017,44725.58,97555.2,Diesel,Individual,Manual,First Owner,2393.0,147.8,32.18,7.0
Maruti Swift Dzire VDI,2015,14642.3,31068.6,Diesel,Individual,Manual,First Owner,1248.0,74.0,62.54,5.0
Maruti Ritz VDi,2012,6389.37,55923.4,Diesel,Individual,Manual,Second Owner,1248.0,73.94,54.57,5.0
Chevrolet Captiva 2.2 LT,2013,17757.12,40389.1,Diesel,Individual,Manual,First Owner,2231.0,184.0,34.34,7.0
Honda Jazz 1.5 S i DTEC,2017,17836.99,31068.6,Diesel,Individual,Manual,First Owner,1498.0,98.6,64.21,5.0
Maruti Swift Dzire VDI,2015,14642.3,68350.8,Diesel,Individual,Manual,First Owner,1248.0,74.0,62.54,5.0
Maruti Celerio ZXI,2015,10648.95,18641.1,Petrol,Individual,Manual,First Owner,998.0,67.04,54.33,5.0
Hyundai Verna 1.6 SX,2014,14509.19,49709.7,Diesel,Individual,Manual,Second Owner,1582.0,126.32,52.5,5.0
Maruti Ertiga LXI,2015,15946.8,43496.0,Petrol,Individual,Manual,First Owner,1373.0,93.7,37.68,7.0
Hyundai Creta 1.4 CRDi S,2016,19301.22,62137.1,Diesel,Individual,Manual,First Owner,1396.0,88.7,50.29,5.0
Honda City i VTEC V,2015,13976.74,74564.5,Petrol,Individual,Manual,Second Owner,1497.0,117.3,40.93,5.0
Maruti Ritz VDi,2011,5457.56,52816.5,Diesel,Individual,Manual,Second Owner,1248.0,73.9,49.63,5.0
Skoda Fabia Scout 1.2 TDI,2012,5058.25,68350.8,Diesel,Individual,Manual,First Owner,1199.0,75.0,49.4,5.0
Hyundai Grand i10 CRDi Sportz,2015,8252.93,37282.3,Diesel,Individual,Manual,Fourth & Above Owner,1120.0,70.0,56.45,5.0
Hyundai Grand i10 CRDi Sportz,2016,10116.5,55923.4,Diesel,Individual,Manual,Second Owner,1120.0,70.0,56.45,5.0
Maruti Alto K10 2010-2014 VXI,2012,5430.96,68350.8,Petrol,Individual,Manual,Third Owner,998.0,67.1,49.21,5.0
Hyundai EON 1.0 Era Plus,2018,9317.83,15534.3,Petrol,Individual,Manual,First Owner,998.0,68.05,47.75,5.0
Volkswagen Vento Diesel Highline,2013,9317.83,62137.1,Diesel,Individual,Manual,First Owner,1598.0,103.6,48.31,5.0
Ford Figo Diesel Titanium,2012,4658.91,74564.5,Diesel,Individual,Manual,Second Owner,1399.0,68.0,47.04,5.0
Volkswagen Vento Diesel Highline,2011,9051.61,55923.4,Diesel,Individual,Manual,First Owner,1598.0,103.6,48.31,5.0
Honda City i-VTEC VX,2017,25291.25,21748.0,Petrol,Individual,Manual,First Owner,1497.0,117.6,40.93,5.0
Honda City i VTEC V,2017,23826.99,21748.0,Petrol,Individual,Manual,First Owner,1497.0,117.3,41.87,5.0
Tata Sumo Gold EX,2014,9317.83,62882.7,Diesel,Individual,Manual,Second Owner,2956.0,83.83,35.99,7.0
Tata Indigo GLX,2005,2662.24,55923.4,Petrol,Individual,Manual,Second Owner,1396.0,85.0,30.11,5.0
Maruti Swift Dzire VDI,2016,14642.3,47224.2,Diesel,Individual,Manual,First Owner,1248.0,74.0,62.54,5.0
Tata Indigo LX,2004,2662.24,37282.3,Diesel,Individual,Manual,Third Owner,1405.0,70.0,37.87,5.0
Mahindra XUV500 W6 2WD,2016,21297.9,55923.4,Diesel,Individual,Manual,First Owner,2179.0,140.0,37.63,7.0
Mahindra Bolero 2011-2019 ZLX BSIII,2013,13976.74,49709.7,Diesel,Individual,Manual,Second Owner,2523.0,62.1,37.54,7.0
Tata New Safari DICOR 2.2 EX 4x2,2008,13311.18,111318.6,Diesel,Individual,Manual,Second Owner,2179.0,138.1,27.21,7.0
Maruti 800 Std MPFi,2003,1118.14,38525.0,Petrol,Individual,Manual,First Owner,796.0,37.0,37.87,4.0
Maruti Swift Dzire 1.2 Lxi BSIV,2009,5058.25,99419.4,Petrol,Individual,Manual,Third Owner,1197.0,85.8,41.16,5.0
Maruti Swift Dzire VDI,2019,18475.92,21748.0,Diesel,Individual,Manual,First Owner,1248.0,74.02,66.8,5.0
Mahindra XUV500 AT W6 2WD,2016,22948.46,74564.5,Diesel,Individual,Automatic,First Owner,2179.0,140.0,37.63,7.0
Honda Amaze SX i-DTEC,2017,17304.54,31068.6,Diesel,Individual,Manual,First Owner,1498.0,98.6,60.69,5.0
Maruti Swift Dzire ZDi,2011,8252.93,43496.0,Diesel,Individual,Manual,Second Owner,1248.0,73.9,45.4,5.0
Maruti Swift VDI,2013,9584.05,60273.0,Diesel,Individual,Manual,First Owner,1248.0,74.0,53.86,5.0
Maruti Swift Dzire LDi,2011,6389.37,55923.4,Diesel,Individual,Manual,Second Owner,1248.0,73.9,45.4,5.0
Mahindra XUV500 W8 AWD,2012,13311.18,52497.8,Diesel,Individual,Manual,Fourth & Above Owner,2179.0,140.0,35.52,7.0
Toyota Innova 2.5 GX 7 STR,2010,12645.63,62137.1,Diesel,Individual,Manual,Second Owner,2494.0,102.0,30.11,7.0
Maruti Alto LX,2007,2662.24,37282.3,Petrol,Individual,Manual,Third Owner,796.0,46.3,46.34,5.0
Maruti SX4 Zxi BSIII,2009,5324.47,68350.8,Petrol,Individual,Manual,Third Owner,1586.0,104.68,35.28,5.0
Toyota Innova 2.5 G2,2006,11447.62,164041.9,Diesel,Individual,Manual,First Owner,2494.0,102.0,30.11,8.0
Mahindra Xylo E4 BS IV,2010,6522.48,90720.2,Diesel,Individual,Manual,Fourth & Above Owner,2498.0,112.0,32.93,7.0
Maruti Swift Dzire VDI,2014,11980.07,43496.0,Diesel,Individual,Manual,First Owner,1248.0,74.0,55.04,5.0
Maruti Vitara Brezza VDi Option,2017,21297.9,31780.6,Diesel,Individual,Manual,First Owner,1248.0,88.5,57.16,5.0
Maruti Ritz LXI,2011,5723.81,24854.8,Petrol,Individual,Manual,First Owner,1197.0,85.8,49.63,5.0
Maruti Vitara Brezza VDi Option,2017,20233.0,31068.6,Diesel,Individual,Manual,First Owner,1248.0,88.5,57.16,5.0
Volkswagen Polo 1.5 TDI Comfortline,2015,11074.91,49709.7,Diesel,Individual,Manual,First Owner,1498.0,88.8,47.37,5.0
Maruti Wagon R LXI BSIII,2011,5191.36,74564.5,Petrol,Individual,Manual,First Owner,998.0,67.1,44.46,5.0
Maruti Alto 800 VXI,2017,8652.27,14291.5,Petrol,Individual,Manual,First Owner,796.0,47.3,58.1,5.0
Maruti Alto K10 LXI,2010,3860.24,43496.0,Petrol,Individual,Manual,Second Owner,998.0,67.1,49.21,5.0
Maruti Swift VDI,2018,17970.1,14291.5,Diesel,Individual,Manual,First Owner,1248.0,74.0,66.8,5.0
Maruti Wagon R VXI Optional,2016,9051.61,18641.1,Petrol,Individual,Manual,Second Owner,998.0,67.04,48.24,5.0
Tata Manza Aura Plus Quadrajet BS IV,2011,9051.61,31068.6,Diesel,Individual,Manual,First Owner,1248.0,90.0,44.69,5.0
Maruti Omni MPI STD BSIV,2014,6921.82,24854.8,Petrol,Individual,Manual,First Owner,796.0,34.2,39.52,5.0
Maruti Alto 800 LXI,2015,7986.71,31068.6,Petrol,Individual,Manual,First Owner,796.0,47.3,53.49,5.0
Maruti 800 AC,2007,1996.68,37282.3,Petrol,Individual,Manual,Second Owner,796.0,37.0,37.87,4.0
Tata Indica Vista TDI LX,2011,9317.83,49709.7,Diesel,Individual,Manual,First Owner,1405.0,70.0,45.63,5.0
Tata Manza Aura (ABS) Quadrajet BS IV,2010,4525.8,93205.6,Diesel,Individual,Manual,Third Owner,1248.0,88.8,49.68,5.0
Maruti Swift Dzire Tour S CNG,2018,15973.42,24854.8,Petrol,Individual,Manual,First Owner,1197.0,85.8,44.69,5.0
Honda City 1.5 V AT,2010,21297.9,15534.3,Petrol,Individual,Automatic,First Owner,1497.0,118.0,39.52,5.0
Force One EX,2018,22629.01,74564.5,Diesel,Individual,Manual,Second Owner,2650.0,80.84,39.99,7.0
Mahindra XUV500 W6 2WD,2014,26089.92,74564.5,Diesel,Individual,Manual,Second Owner,2179.0,140.0,35.52,7.0
Ford Endeavour 2.5L 4X2,2011,22629.01,185168.6,Diesel,Individual,Manual,Second Owner,2499.0,141.0,30.81,7.0
Tata Sumo Gold GX BSIII,2012,9051.61,167770.2,Diesel,Individual,Manual,Third Owner,2956.0,68.4,33.09,7.0
Maruti Vitara Brezza ZDi AMT,2018,23960.13,31068.6,Diesel,Individual,Automatic,Second Owner,1248.0,88.5,57.16,5.0
Maruti Swift Dzire VDi,2010,8252.93,74564.5,Diesel,Individual,Manual,Second Owner,1248.0,73.9,45.4,5.0
Maruti Ertiga ZDI,2013,15973.42,37282.3,Diesel,Individual,Manual,Third Owner,1248.0,88.8,48.85,7.0
Maruti Swift Dzire ZDi,2008,7188.04,92584.3,Diesel,Individual,Manual,Second Owner,1248.0,73.9,45.4,5.0
Hyundai Santro Sportz BSIV,2019,13577.38,3106.9,Petrol,Individual,Manual,First Owner,1086.0,68.0,47.75,5.0
Tata Indica Vista TDI LX,2013,5990.03,43496.0,Diesel,Individual,Manual,Second Owner,1405.0,70.0,45.63,5.0
Hyundai i10 Magna,2015,7454.26,34175.4,Petrol,Individual,Manual,First Owner,1197.0,78.9,47.89,5.0
Tata Tiago 1.05 Revotorq XZ WO Alloy,2016,13044.96,62137.1,Diesel,Individual,Manual,First Owner,1047.0,69.0,64.17,5.0
Tata Safari Storme EX,2014,13311.18,181426.0,Diesel,Individual,Manual,First Owner,2179.0,138.1,32.93,7.0
Honda CR-V 2.4L 4WD,2005,12698.84,52816.5,Petrol,Individual,Manual,Third Owner,2354.0,158.8,26.11,5.0
Hyundai i20 Active 1.2 S,2015,15707.2,43496.0,Petrol,Individual,Manual,Third Owner,1197.0,81.86,40.43,5.0
Ford Endeavour 2.5L 4X2 MT,2010,13311.18,74564.5,Diesel,Individual,Manual,First Owner,2499.0,141.0,30.81,7.0
Ford EcoSport 1.5 TDCi Titanium BSIV,2015,15973.42,24854.8,Diesel,Individual,Manual,First Owner,1498.0,98.59,53.56,5.0
Mahindra Scorpio 1.99 S4,2016,19966.78,43496.0,Diesel,Individual,Manual,First Owner,1997.0,120.0,36.22,7.0
BMW 3 Series 320d GT Luxury Line,2017,78535.99,24233.5,Diesel,Dealer,Automatic,First Owner,1995.0,187.74,46.08,5.0
BMW 5 Series 520d Luxury Line,2019,138436.32,6213.7,Diesel,Dealer,Automatic,First Owner,1995.0,190.0,42.62,5.0
Volkswagen Polo 1.5 TDI Comfortline,2019,18502.55,22866.5,Diesel,Dealer,Manual,First Owner,1498.0,88.0,47.37,5.0
Maruti Swift Dzire VDI Optional,2018,18369.44,32435.6,Diesel,Dealer,Manual,First Owner,1248.0,74.0,62.54,5.0
Hyundai Grand i10 1.2 CRDi Magna,2016,10915.15,48466.9,Diesel,Dealer,Manual,First Owner,1186.0,73.97,56.45,5.0
Tata Harrier XZ Plus,2020,43926.91,9941.9,Diesel,Dealer,Manual,First Owner,1956.0,167.67,39.99,5.0
Audi Q3 2.0 TDI Quattro Premium Plus,2016,63228.13,18641.1,Diesel,Dealer,Automatic,First Owner,1968.0,174.33,37.0,5.0
Hyundai Grand i10 1.2 CRDi Sportz,2017,13976.74,18019.8,Diesel,Dealer,Manual,Second Owner,1186.0,73.97,56.45,5.0
Jeep Compass 2.0 Limited Plus 4X4,2019,57238.1,15534.3,Diesel,Dealer,Manual,First Owner,1956.0,170.63,38.34,5.0
Mahindra XUV500 W8 2WD,2013,14376.08,37282.3,Diesel,Individual,Manual,Second Owner,2179.0,140.0,35.52,7.0
Toyota Fortuner 4x4 AT,2017,73211.52,37282.3,Diesel,Dealer,Automatic,Second Owner,2982.0,168.5,29.52,7.0
Mahindra Scorpio 1.99 S10 4WD,2016,26622.37,69593.6,Diesel,Dealer,Manual,Second Owner,1997.0,120.0,36.22,7.0
Audi A4 35 TDI Premium Plus,2018,77204.87,9320.6,Diesel,Dealer,Automatic,First Owner,1968.0,187.74,42.93,5.0
Mahindra TUV 300 mHAWK100 T8,2017,19301.22,24854.8,Diesel,Dealer,Manual,First Owner,1493.0,100.0,43.49,7.0
Maruti Ciaz Alpha Diesel,2018,25956.81,22369.4,Diesel,Dealer,Manual,First Owner,1248.0,88.5,66.07,5.0
Maruti Wagon R VXI,2016,9450.94,37282.3,Petrol,Dealer,Manual,First Owner,998.0,67.05,51.25,5.0
Honda CR-V 2.4L 4WD MT,2008,10648.95,74564.5,Petrol,Individual,Manual,First Owner,2354.0,158.8,26.11,5.0
Maruti Alto 800 VXI BSIV,2015,7054.93,29825.8,Petrol,Dealer,Manual,First Owner,796.0,47.3,58.1,5.0
Volkswagen Polo 2015-2019 1.5 TDI Highline Plus,2018,17304.54,24854.8,Diesel,Dealer,Manual,First Owner,1498.0,88.0,47.37,5.0
Maruti Ciaz 1.3 Alpha,2017,19168.11,37282.3,Diesel,Individual,Manual,First Owner,1248.0,88.5,66.07,5.0
Hyundai Verna 1.6 VTVT S,2016,22629.01,15534.3,Petrol,Individual,Manual,First Owner,1591.0,121.3,40.01,5.0
Maruti Alto K10 VXI,2015,7720.49,26097.6,Petrol,Individual,Manual,First Owner,998.0,67.05,56.33,5.0
Mercedes-Benz E-Class E 250 Elegance,2010,31946.84,21748.0,Petrol,Individual,Automatic,Second Owner,2497.0,204.0,25.71,5.0
Mahindra TUV 300 T8 AMT,2016,15973.42,55923.4,Diesel,Individual,Automatic,Second Owner,1493.0,100.0,43.49,7.0
Maruti Ritz VDi,2011,7986.71,55923.4,Diesel,Individual,Manual,Second Owner,1248.0,73.9,49.63,5.0
Renault Pulse RxL,2012,5990.03,68350.8,Diesel,Individual,Manual,Second Owner,1461.0,63.12,54.29,5.0
Maruti Swift Dzire VDi,2009,6389.37,43496.0,Diesel,Individual,Manual,Second Owner,1248.0,73.9,45.4,5.0
Hyundai Verna 1.6 SX,2014,18635.66,49709.7,Diesel,Individual,Manual,First Owner,1582.0,126.32,52.5,5.0
Maruti Swift VDI BSIV,2014,12512.51,43496.0,Diesel,Individual,Manual,Second Owner,1248.0,74.0,59.27,5.0
Hyundai i20 Active 1.4 SX Dual Tone,2016,21297.9,49709.7,Diesel,Individual,Manual,First Owner,1396.0,88.73,49.84,5.0
Renault Duster 110PS Diesel RxZ,2012,11980.07,55923.4,Diesel,Individual,Manual,First Owner,1461.0,108.45,44.71,5.0
Tata Indica V2 DLE BSII,2007,2396.01,55923.4,Diesel,Individual,Manual,Third Owner,1396.0,53.5,40.46,5.0
Toyota Corolla Altis Diesel D4DG,2010,11980.07,74564.5,Diesel,Individual,Manual,Second Owner,1364.0,87.2,50.41,5.0
Toyota Innova Crysta 2.8 GX AT BSIV,2017,39001.77,38525.0,Diesel,Dealer,Automatic,First Owner,2755.0,171.5,26.72,7.0
Hyundai Creta 1.6 CRDi SX Plus,2016,24625.69,49088.3,Diesel,Dealer,Manual,First Owner,1582.0,126.2,46.27,5.0
Toyota Innova Crysta 2.4 GX MT BSIV,2016,36871.98,37282.3,Diesel,Dealer,Manual,Second Owner,2393.0,147.8,32.18,7.0
Toyota Fortuner 4x4 MT,2015,53244.74,12427.4,Diesel,Individual,Manual,First Owner,2982.0,168.5,29.52,7.0
Tata Indigo LS,2004,2129.79,154224.3,Diesel,Individual,Manual,Second Owner,1405.0,70.0,37.87,5.0
Mahindra Scorpio SLX 2.6 Turbo 8 Str,2007,7986.71,68350.8,Diesel,Individual,Manual,Second Owner,2179.0,120.0,24.7,7.0
Maruti Swift Dzire VDi,2009,9584.05,62137.1,Diesel,Individual,Manual,First Owner,1248.0,73.9,45.4,5.0
Hyundai Verna Transform CRDi VGT SX ABS,2010,8519.16,43496.0,Diesel,Individual,Manual,Second Owner,1493.0,110.0,38.1,5.0
Ambassador Classic 2000 DSZ AC PS,1994,2635.61,62137.1,Diesel,Individual,Manual,Second Owner,1995.0,52.0,30.11,5.0
Maruti Ertiga SHVS ZDI,2016,20765.45,31068.6,Diesel,Individual,Manual,Second Owner,1248.0,88.5,57.67,7.0
Maruti Ertiga VDI,2013,16505.87,86370.6,Diesel,Individual,Manual,First Owner,1248.0,88.76,48.85,7.0
Skoda Octavia RS 1.8 Turbo Petrol MT,2006,2662.24,74564.5,Petrol,Individual,Manual,Third Owner,1781.0,149.5,30.81,5.0
Tata Indica Vista Safire GLX,2014,5590.7,21748.0,Petrol,Individual,Manual,Second Owner,1172.0,64.1,39.28,5.0
Renault Triber RXZ,2019,20925.18,4797.0,Petrol,Individual,Manual,First Owner,999.0,71.0,47.04,7.0
Mahindra XUV500 W8 AWD,2014,26622.37,31068.6,Diesel,Individual,Manual,First Owner,2179.0,140.0,35.52,7.0
Maruti Zen D,2002,3194.68,37282.3,Diesel,Individual,Manual,Second Owner,1527.0,58.0,48.92,5.0
Mahindra Verito Vibe 1.5 dCi D6,2016,19966.78,62137.1,Diesel,Individual,Manual,First Owner,1461.0,64.1,48.92,5.0
Hyundai i20 Magna 1.2,2016,14642.3,35966.2,Petrol,Individual,Manual,First Owner,1197.0,81.83,43.75,5.0
Tata Safari Storme LX,2018,23294.57,88234.7,Diesel,Individual,Manual,First Owner,2179.0,147.94,33.17,5.0
Tata Safari Storme LX,2018,23693.91,86991.9,Diesel,Individual,Manual,Third Owner,2179.0,147.94,33.17,5.0
Mahindra Bolero 2011-2019 SLX,2015,14642.3,18641.1,Diesel,Individual,Manual,First Owner,2523.0,62.1,37.54,7.0
Datsun GO T Petrol,2018,10648.95,6213.7,Petrol,Individual,Manual,First Owner,1198.0,67.0,46.64,5.0
Maruti Celerio VXI,2015,7720.49,18641.1,Petrol,Individual,Manual,Second Owner,998.0,67.04,54.33,5.0
Tata Indigo CS LS (TDI) BS III,2012,3993.36,55923.4,Diesel,Individual,Manual,First Owner,1396.0,69.0,44.9,5.0
Maruti Eeco 7 Seater Standard BSIV,2015,7986.71,21748.0,Petrol,Individual,Manual,Second Owner,1196.0,73.0,36.15,7.0
Hyundai Santro Magna BSIV,2019,13311.18,3106.9,Petrol,Individual,Manual,First Owner,1086.0,68.0,47.75,5.0
Tata Manza Club Class Quadrajet90 LS,2013,6655.59,31068.6,Diesel,Individual,Manual,First Owner,1248.0,88.8,49.44,5.0
Tata Indigo eCS LX BSIV,2013,5856.92,49709.7,Diesel,Individual,Manual,First Owner,1396.0,69.0,54.17,5.0
Toyota Innova 2.5 GX 7 STR,2009,17304.54,150371.8,Diesel,Individual,Manual,Fourth & Above Owner,2494.0,102.0,30.11,7.0
BMW 6 Series GT 630d Luxury Line,2018,146423.03,13670.2,Diesel,Individual,Automatic,First Owner,2993.0,261.4,40.2,4.0
Maruti Swift Dzire AMT ZDI Plus,2017,23294.57,18641.1,Diesel,Dealer,Automatic,First Owner,1248.0,74.02,66.8,5.0
Hyundai i20 Asta Option 1.2,2019,20898.56,5592.3,Petrol,Dealer,Manual,First Owner,1197.0,81.83,43.75,5.0
Honda WR-V i-VTEC VX,2017,21830.32,18641.1,Petrol,Dealer,Manual,First Owner,1199.0,88.7,41.16,5.0
BMW 3 Series GT Luxury Line,2016,78535.99,37282.3,Diesel,Dealer,Automatic,First Owner,1995.0,188.0,51.18,5.0
Toyota Innova Crysta 2.4 ZX MT,2016,51248.06,16777.0,Diesel,Dealer,Manual,First Owner,2393.0,147.51,32.18,7.0
Honda WR-V i-DTEC VX,2017,23560.8,24233.5,Diesel,Dealer,Manual,First Owner,1498.0,98.6,59.98,5.0
Ford EcoSport 1.5 Ti VCT AT Titanium BE BSIV,2015,18103.21,39767.7,Petrol,Dealer,Automatic,First Owner,1499.0,110.4,37.75,5.0
Ford EcoSport 1.5 Diesel Titanium Plus BSIV,2017,25557.48,26097.6,Diesel,Dealer,Manual,First Owner,1498.0,98.96,54.1,5.0
Honda Brio 1.2 VX MT,2012,10249.61,27961.7,Petrol,Dealer,Manual,First Owner,1198.0,86.8,43.51,5.0
Tata Harrier XZ,2019,43926.91,9320.6,Diesel,Dealer,Manual,First Owner,1956.0,167.67,39.99,5.0
Mahindra TUV 300 mHAWK100 T8,2018,23693.91,34175.4,Diesel,Dealer,Manual,First Owner,1493.0,100.0,43.49,7.0
Ford Endeavour 3.0L 4X4 AT,2015,33943.52,39767.7,Diesel,Dealer,Automatic,First Owner,2953.0,153.86,26.81,7.0
BMW 6 Series GT 630d Luxury Line,2018,159734.22,16777.0,Diesel,Dealer,Automatic,First Owner,2993.0,261.4,40.2,4.0
Maruti Ciaz Delta Automatic BSIV,2019,27287.93,9320.6,Petrol,Dealer,Automatic,First Owner,1462.0,103.25,47.7,5.0
Volkswagen Polo GT TSI,2016,17970.1,42874.6,Petrol,Dealer,Automatic,First Owner,1197.0,103.6,40.46,5.0
Maruti Swift Dzire ZXI Plus BS IV,2017,18635.66,49709.7,Petrol,Dealer,Manual,First Owner,1197.0,81.8,51.75,5.0
Ford EcoSport 1.5 TDCi Titanium Plus BSIV,2016,20765.45,37282.3,Diesel,Dealer,Manual,First Owner,1498.0,98.59,53.56,5.0
Hyundai Verna 1.6 SX CRDi (O),2017,27953.49,43496.0,Diesel,Dealer,Manual,First Owner,1582.0,126.32,52.5,5.0
Audi Q5 45 TDI quattro Technology,2015,71880.4,65244.0,Diesel,Dealer,Automatic,Second Owner,2967.0,241.4,31.1,5.0
Tata Bolt Quadrajet XE,2016,10648.95,62137.1,Diesel,Individual,Manual,First Owner,1248.0,74.0,53.98,5.0
Maruti Alto LX BSIII,2009,2262.9,55923.4,Petrol,Individual,Manual,Second Owner,796.0,46.3,46.34,5.0
Tata Hexa XM,2018,34609.08,21748.0,Diesel,Individual,Manual,First Owner,2179.0,153.86,41.4,7.0
Mahindra TUV 300 mHAWK100 T8,2018,21830.32,7145.8,Diesel,Individual,Manual,First Owner,1493.0,100.0,43.49,7.0
Mahindra TUV 300 T6 Plus AMT,2015,16505.87,24854.8,Diesel,Individual,Automatic,First Owner,1493.0,100.0,43.49,7.0
Renault KWID 1.0 RXL,2018,6921.82,31068.6,Petrol,Individual,Manual,First Owner,999.0,67.0,54.12,5.0
Hyundai Grand i10 Asta,2015,12911.82,34411.5,Petrol,Dealer,Manual,First Owner,1197.0,82.0,44.46,5.0
Jaguar XF Diesel,2015,66555.92,8388.5,Diesel,Dealer,Automatic,First Owner,2993.0,270.9,34.67,5.0
Volkswagen Ameo 1.2 MPI Highline Plus 16,2017,17304.54,11691.7,Petrol,Dealer,Manual,First Owner,1198.0,73.75,39.99,5.0
Toyota Innova Crysta 2.4 ZX MT BSIV,2017,46562.5,20517.0,Diesel,Dealer,Manual,First Owner,2393.0,147.8,32.18,7.0
Honda City V AT,2017,24625.69,11184.7,Petrol,Dealer,Automatic,First Owner,1497.0,116.3,36.69,5.0
Maruti Ciaz S 1.3,2017,21564.12,29668.6,Diesel,Dealer,Manual,First Owner,1248.0,88.5,66.07,5.0
Toyota Innova 2.5 G (Diesel) 8 Seater,2013,24226.36,43496.0,Diesel,Individual,Manual,Second Owner,2494.0,100.0,30.55,8.0
Tata Indica V2 DLX BSIII,2016,7986.71,37282.3,Diesel,Individual,Manual,Second Owner,1405.0,48.21,42.06,5.0
Maruti Zen LXi - BS III,2004,3194.68,49709.7,Petrol,Individual,Manual,Second Owner,993.0,60.0,40.69,5.0
Hyundai i20 Era 1.2,2015,13044.96,28520.9,Petrol,Individual,Manual,Second Owner,1197.0,81.83,43.75,5.0
Honda Amaze S i-Dtech,2013,11314.51,43496.0,Diesel,Individual,Manual,First Owner,1498.0,98.6,60.69,5.0
Maruti Alto LXi,2011,4126.47,24854.8,Petrol,Individual,Manual,First Owner,796.0,46.3,46.34,5.0
Mahindra Scorpio SLE BSIV,2013,13044.96,55923.4,Diesel,Individual,Manual,Second Owner,2179.0,120.0,28.34,8.0
Maruti Alto LXi BSIII,2010,3514.15,65244.0,Petrol,Individual,Manual,First Owner,796.0,46.3,46.34,5.0
Hyundai Elite i20 Diesel Sportz,2018,19966.78,18641.1,Diesel,Individual,Manual,First Owner,1396.0,88.76,53.02,5.0
Maruti Wagon R VXI BS IV with ABS,2011,5990.03,12427.4,Petrol,Individual,Manual,First Owner,998.0,67.1,44.46,5.0
Hyundai i10 Sportz,2011,6389.37,49709.7,Petrol,Individual,Manual,First Owner,1197.0,78.9,47.89,5.0
Maruti Wagon R VXI,2004,887.88,55923.4,Petrol,Individual,Manual,Third Owner,998.0,67.1,44.46,5.0
Chevrolet Spark 1.0,2010,2129.79,49709.7,Petrol,Individual,Manual,Second Owner,995.0,62.0,42.34,5.0
Maruti 800 Std,2004,1064.89,74564.5,Petrol,Individual,Manual,First Owner,796.0,37.0,37.87,4.0
Honda BRV i-DTEC V MT,2019,29284.61,31068.6,Diesel,Individual,Manual,Second Owner,1498.0,98.6,51.51,7.0
Hyundai Xcent 1.1 CRDi S,2016,10116.5,49709.7,Diesel,Individual,Manual,Second Owner,1120.0,71.0,57.39,5.0
Tata New Safari DICOR 2.2 EX 4x2,2011,7986.71,74564.5,Diesel,Individual,Manual,Second Owner,2179.0,138.1,27.21,7.0
Maruti Alto 800 LXI Anniversary Edition,2014,6389.37,31068.6,Petrol,Individual,Manual,First Owner,796.0,47.3,53.49,5.0
Maruti Swift VDI,2011,8652.27,43496.0,Diesel,Individual,Manual,First Owner,1248.0,74.0,53.86,5.0
Mahindra KUV 100 mFALCON D75 K6,2016,10648.95,80778.2,Diesel,Individual,Manual,First Owner,1198.0,77.0,59.56,6.0
Renault Lodgy Stepway 85PS RXZ 8S,2017,21297.9,31068.6,Diesel,Individual,Manual,First Owner,1461.0,83.8,49.49,8.0
Ford EcoSport 1.5 Diesel Titanium BSIV,2018,25291.25,49709.7,Diesel,Individual,Manual,First Owner,1498.0,98.96,54.1,5.0
Maruti Swift VDI,2013,7986.71,74564.5,Diesel,Individual,Manual,Fourth & Above Owner,1248.0,74.0,53.86,5.0
Mahindra KUV 100 mFALCON G80 K8 5str AW,2017,14109.86,36660.9,Petrol,Individual,Manual,First Owner,1198.0,82.0,42.69,5.0
Chevrolet Enjoy TCDi LTZ 7 Seater,2013,9317.83,62137.1,Diesel,Individual,Manual,Third Owner,1248.0,73.8,42.81,7.0
Hyundai Sonata 2.4L AT,2008,4472.56,31068.6,Petrol,Individual,Automatic,First Owner,2359.0,165.0,25.87,5.0
Renault KWID RXT,2016,6389.37,27961.7,Petrol,Individual,Manual,Second Owner,799.0,53.3,59.2,5.0
Maruti Swift Dzire VDi,2010,5856.92,49709.7,Diesel,Individual,Manual,Fourth & Above Owner,1248.0,73.9,45.4,5.0
Maruti Wagon R LXI Minor,2008,2928.46,49709.7,Petrol,Individual,Manual,Fourth & Above Owner,1061.0,67.0,44.46,5.0
Maruti Vitara Brezza ZDi Plus,2016,22629.01,62137.1,Diesel,Individual,Manual,First Owner,1248.0,88.5,57.16,5.0
Toyota Innova Crysta 2.4 VX MT 8S BSIV,2018,54948.57,14912.9,Diesel,Individual,Manual,First Owner,2393.0,147.8,32.18,8.0
Maruti S-Cross 2017-2020 Delta DDiS 200 SH,2018,25291.25,15534.3,Diesel,Individual,Manual,First Owner,1248.0,88.5,59.04,5.0
Hyundai EON Magna Plus,2013,5324.47,42686.3,Petrol,Individual,Manual,Third Owner,814.0,55.2,49.63,5.0
Maruti Swift VDI Optional,2017,17570.76,18641.1,Diesel,Individual,Manual,First Owner,1248.0,74.0,59.27,5.0
Honda Amaze VX i-DTEC,2013,11181.4,24854.8,Diesel,Individual,Manual,Second Owner,1498.0,98.6,60.69,5.0
Tata Indica Vista Aura 1.2 Safire (ABS) 90hp BS IV,2010,3993.36,18019.8,Petrol,Individual,Manual,First Owner,1172.0,65.0,38.81,5.0
Chevrolet Beat Diesel LS,2013,4658.91,42253.2,Diesel,Individual,Manual,Second Owner,936.0,57.6,59.84,5.0
Honda Amaze S CVT i-VTEC,2018,19966.78,9320.6,Petrol,Individual,Automatic,First Owner,1199.0,88.7,42.57,5.0
Maruti Ritz VDi,2014,11314.51,43496.0,Diesel,Individual,Manual,First Owner,1248.0,73.94,54.57,5.0
Toyota Corolla Altis D-4D G,2015,21031.67,78292.7,Diesel,Individual,Manual,Third Owner,1364.0,87.2,50.41,5.0
Toyota Innova 2.5 V Diesel 7-seater,2011,22096.57,186411.3,Diesel,Individual,Manual,Third Owner,2494.0,102.0,30.11,7.0
Honda Mobilio RS i DTEC,2015,17304.54,58408.9,Diesel,Individual,Manual,Second Owner,1498.0,98.6,57.63,7.0
Toyota Corolla Altis D-4D J,2015,20765.45,80156.9,Diesel,Individual,Manual,Third Owner,1364.0,87.2,50.41,5.0
Hyundai i10 Magna 1.1L,2010,4792.03,34175.4,Petrol,Individual,Manual,Second Owner,1086.0,68.05,46.6,5.0
Ford EcoSport 1.5 Diesel Trend Plus BSIV,2019,23161.44,24854.8,Diesel,Individual,Manual,First Owner,1498.0,98.96,54.1,5.0
Tata Manza Aura (ABS) Quadrajet BS IV,2011,7321.15,31068.6,Diesel,Individual,Manual,First Owner,1248.0,88.8,49.68,5.0
Hyundai i20 1.2 Asta Option,2017,16772.09,15534.3,Petrol,Individual,Manual,Second Owner,1197.0,81.83,43.75,5.0
Toyota Corolla H2,2008,3993.36,37282.3,Petrol,Individual,Manual,Second Owner,1794.0,125.0,31.52,5.0
Maruti Alto 800 LXI,2016,8386.05,15534.3,Petrol,Individual,Manual,First Owner,796.0,47.3,53.49,5.0
Tata Indigo CR4,2011,5031.63,43496.0,Diesel,Individual,Manual,Second Owner,1396.0,70.0,55.44,5.0
Maruti Swift Dzire VDI,2014,15440.97,74564.5,Diesel,Individual,Manual,First Owner,1248.0,74.0,55.04,5.0
Maruti Vitara Brezza VDi,2018,21963.46,21748.0,Diesel,Individual,Manual,First Owner,1248.0,88.5,57.16,5.0
Tata Safari Storme VX,2016,17304.54,37282.3,Diesel,Individual,Manual,Second Owner,2179.0,148.0,33.17,7.0
Honda City 1.3 EXI,2004,1331.12,38525.0,Petrol,Individual,Manual,Second Owner,1343.0,90.0,30.58,5.0
Skoda Fabia 1.2 MPI Ambition,2011,5324.47,74564.5,Petrol,Individual,Manual,Second Owner,1198.0,73.9,38.22,5.0
Tata Venture LX 7 Str,2013,3594.02,74564.5,Diesel,Individual,Manual,Third Owner,1405.0,70.0,36.27,7.0
Hyundai i20 2015-2017 Sportz 1.4 CRDi,2017,18103.21,49709.7,Diesel,Individual,Manual,First Owner,1396.0,88.73,53.02,5.0
Hyundai i20 1.4 Sportz,2017,17836.99,49709.7,Diesel,Individual,Manual,First Owner,1396.0,88.73,53.02,5.0
BMW 5 Series 525d,2010,26622.37,37282.3,Diesel,Individual,Automatic,First Owner,1995.0,218.0,39.35,5.0
Maruti Alto K10 2010-2014 VXI,2010,6389.37,49709.7,Petrol,Individual,Manual,Second Owner,998.0,67.1,49.21,5.0
Force One SX ABS 7 Seating,2014,14775.42,91514.9,Diesel,Individual,Manual,Second Owner,2200.0,139.01,39.99,7.0
Skoda Rapid 1.6 TDI Ambition Plus,2013,12113.18,60894.4,Diesel,Individual,Manual,First Owner,1598.0,103.5,48.22,5.0
Maruti Swift Dzire VDI,2018,19966.78,15534.3,Diesel,Individual,Manual,First Owner,1248.0,74.02,66.8,5.0
Maruti Swift Dzire AMT ZDI,2016,18635.66,55923.4,Diesel,Individual,Automatic,First Owner,1248.0,74.0,62.54,5.0
Tata Nano XTA,2016,5856.92,13670.2,Petrol,Individual,Automatic,First Owner,624.0,37.48,51.51,4.0
Tata Indica V2 eLX,2014,4259.58,74564.5,Diesel,Individual,Manual,First Owner,1396.0,69.0,58.8,5.0
Chevrolet Sail Hatchback Diesel,2013,5990.03,62137.1,Diesel,Individual,Manual,Second Owner,1248.0,76.9,51.98,5.0
Tata Indigo CS LX (TDI) BS III,2008,3727.13,74564.5,Diesel,Individual,Manual,Second Owner,1396.0,69.0,44.9,5.0
Maruti Swift Dzire VDI,2014,15973.42,43496.0,Diesel,Individual,Manual,Second Owner,1248.0,74.0,55.04,5.0
Mahindra XUV500 W10 2WD,2015,26622.37,15347.9,Diesel,Individual,Manual,First Owner,2179.0,140.0,37.63,7.0
Chevrolet Spark 1.0 LS,2008,1730.45,62137.1,Petrol,Individual,Manual,Third Owner,995.0,62.0,42.34,5.0
Maruti Ignis 1.2 Delta BSIV,2019,13311.18,6213.7,Petrol,Individual,Manual,First Owner,1197.0,81.8,49.14,5.0
Mahindra XUV500 W6 2WD,2017,30615.73,27045.8,Diesel,Dealer,Manual,First Owner,2179.0,140.0,37.63,7.0
Skoda Fabia 1.2 MPI Ambition Plus,2012,8519.16,34725.3,Petrol,Dealer,Manual,First Owner,1198.0,75.0,38.22,5.0
Ford Ecosport 1.5 Diesel Titanium,2019,25291.25,9963.1,Diesel,Dealer,Manual,First Owner,1498.0,98.96,51.04,5.0
Ford Figo Diesel EXI,2012,6655.59,96958.7,Diesel,Dealer,Manual,First Owner,1399.0,68.0,47.04,5.0
Ford Endeavour 2.5L 4X2 MT,2004,10648.95,58045.4,Diesel,Dealer,Manual,First Owner,2499.0,141.0,30.81,7.0
BMW 5 Series 520d,2008,29284.61,75807.3,Diesel,Individual,Automatic,Second Owner,1995.0,177.0,43.47,5.0
Maruti Baleno Delta 1.3,2017,15973.42,12427.4,Diesel,Individual,Manual,First Owner,1248.0,74.0,64.43,5.0
Maruti Swift VVT VXI,2017,13577.38,28583.1,Petrol,Individual,Manual,First Owner,1197.0,81.8,51.75,5.0
Skoda Rapid 1.6 MPI Active BSIV,2016,10515.84,31068.6,Petrol,Individual,Manual,Third Owner,1598.0,103.2,36.25,5.0
Maruti Wagon R VXI,2018,12485.89,3106.9,Petrol,Individual,Manual,First Owner,998.0,67.05,51.25,5.0
Maruti Alto 800 LX Optional,2017,6655.59,26097.6,Petrol,Individual,Manual,First Owner,796.0,47.3,58.1,5.0
Chevrolet Spark 1.0 LT,2011,3460.91,42575.7,Petrol,Dealer,Manual,First Owner,995.0,62.1,38.1,5.0
Ford EcoSport 1.5 Diesel Titanium Plus BSIV,2019,24119.87,18641.1,Diesel,Individual,Manual,First Owner,1498.0,98.96,54.1,5.0
Ford Figo Diesel ZXI,2011,4259.58,52816.5,Diesel,Individual,Manual,First Owner,1399.0,68.0,47.04,5.0
Maruti Swift Dzire VXi,2012,7986.71,54680.6,Petrol,Individual,Manual,First Owner,1298.0,85.8,41.16,5.0
Maruti 800 Uniq,2010,1597.34,62137.1,Petrol,Individual,Manual,Fourth & Above Owner,796.0,37.5,32.93,5.0
Maruti Swift Dzire VXI,2014,10648.95,62137.1,Petrol,Individual,Manual,Second Owner,1197.0,85.8,44.93,5.0
Tata Tiago XT,2018,11980.07,14270.4,Petrol,Dealer,Manual,First Owner,1199.0,84.48,56.08,5.0
Mahindra Bolero 2011-2019 SLX,2014,12379.4,49709.7,Diesel,Individual,Manual,Second Owner,2523.0,62.1,37.54,7.0
Maruti Swift VDI,2012,8652.27,49709.7,Diesel,Individual,Manual,Second Owner,1248.0,74.0,53.86,5.0
Maruti Alto LXi,2008,3993.36,43496.0,Petrol,Individual,Manual,Second Owner,796.0,46.3,46.34,5.0
Hyundai EON Era Plus,2014,6655.59,1460.2,Petrol,Individual,Manual,First Owner,814.0,55.2,49.63,5.0
Maruti Alto LXi,2011,4658.91,31068.6,Petrol,Individual,Manual,First Owner,796.0,46.3,46.34,5.0
Maruti Alto LXi,2010,4658.91,36039.5,Petrol,Individual,Manual,First Owner,796.0,46.3,46.34,5.0
Honda City 2017-2020 VTEC,2006,3993.36,49709.7,Petrol,Individual,Manual,Second Owner,1497.0,100.0,39.75,5.0
Mahindra Bolero Power Plus SLX,2018,21218.03,37282.3,Diesel,Individual,Manual,First Owner,1493.0,70.0,38.81,7.0
Hyundai Elite i20 Asta Option BSIV,2019,21297.9,21748.0,Petrol,Individual,Manual,First Owner,1197.0,81.86,43.75,5.0
Mahindra Bolero 2011-2019 SLX,2019,19966.78,37202.7,Diesel,Individual,Manual,First Owner,2523.0,62.1,37.54,7.0
Mahindra Scorpio M2DI,2011,10648.95,86991.9,Diesel,Individual,Manual,Second Owner,2179.0,115.0,31.75,5.0
Maruti Alto LX,2012,4259.58,68350.8,Petrol,Individual,Manual,First Owner,796.0,46.3,46.34,5.0
Mahindra Bolero 2011-2019 SLX 2WD BSIII,2016,18635.66,56657.9,Diesel,Individual,Manual,First Owner,2523.0,62.1,37.54,7.0
Maruti Alto LXi,2010,4259.58,37282.3,Petrol,Individual,Manual,Third Owner,796.0,46.3,46.34,5.0
Hyundai i20 Asta 1.4 CRDi,2012,10648.95,62137.1,Diesel,Individual,Manual,First Owner,1396.0,88.76,50.03,5.0
Toyota Etios Liva GD,2013,12006.69,74564.5,Diesel,Individual,Manual,First Owner,1364.0,67.06,55.49,5.0
Maruti 800 Std BSIII,2002,1064.89,49709.7,Petrol,Individual,Manual,First Owner,796.0,37.0,37.87,4.0
Tata Manza Aura (ABS) Quadrajet BS IV,2012,7986.71,43496.0,Diesel,Individual,Manual,Third Owner,1248.0,88.8,49.68,5.0
Maruti Celerio ZXI Optional,2017,11208.02,36971.6,Petrol,Individual,Manual,Second Owner,998.0,67.04,54.33,5.0
Maruti Vitara Brezza ZDi Plus Dual Tone,2016,25291.25,27961.7,Diesel,Individual,Manual,First Owner,1248.0,88.5,57.16,5.0
Hyundai i20 1.4 CRDi Asta,2011,10515.84,46913.5,Diesel,Individual,Manual,Second Owner,1396.0,90.0,54.1,5.0
Maruti Vitara Brezza ZDi Plus Dual Tone,2016,25291.25,28583.1,Diesel,Individual,Manual,Second Owner,1248.0,88.5,57.16,5.0
Maruti Alto 800 LXI,2013,7188.04,37282.3,Petrol,Individual,Manual,First Owner,796.0,47.3,53.49,5.0
Hyundai i20 1.4 Asta (AT),2009,9584.05,37282.3,Petrol,Individual,Automatic,Second Owner,1396.0,100.0,35.28,5.0
Maruti Swift Ldi BSIII,2008,6256.26,94759.1,Diesel,Individual,Manual,First Owner,1248.0,75.0,41.87,5.0
Mercedes-Benz E-Class E250 CDI Avantgrade,2014,49251.38,37282.3,Diesel,Individual,Automatic,Second Owner,2143.0,201.1,30.58,5.0
Jeep Compass 2.0 Limited Option,2017,43926.91,42951.0,Diesel,Dealer,Manual,First Owner,1956.0,170.0,40.22,5.0
Honda Brio V MT,2012,10010.01,16155.6,Petrol,Individual,Manual,First Owner,1198.0,86.8,45.63,5.0
Ford Ecosport 1.5 DV5 MT Titanium Optional,2017,23294.57,48171.2,Diesel,Dealer,Manual,First Owner,1498.0,89.84,53.39,5.0
Hyundai i20 Sportz 1.2,2014,12246.26,25179.8,Petrol,Dealer,Manual,Second Owner,1197.0,82.85,43.51,5.0
Maruti Swift VDI,2018,20099.89,24233.5,Diesel,Dealer,Manual,First Owner,1248.0,74.0,66.8,5.0
Toyota Fortuner 3.0 Diesel,2010,27953.49,136701.6,Diesel,Individual,Manual,Second Owner,2982.0,171.0,27.05,7.0
Mahindra XUV500 W8 4WD,2015,27953.49,74564.5,Diesel,Individual,Manual,Second Owner,2179.0,140.0,35.52,7.0
Maruti Baleno Alpha Automatic,2018,21297.9,15534.3,Petrol,Individual,Automatic,First Owner,1197.0,83.1,50.34,5.0
Maruti Swift VDI BSIV,2015,15973.42,19262.5,Diesel,Individual,Manual,Second Owner,1248.0,74.0,59.27,5.0
Maruti Baleno Sigma 1.2,2017,14109.86,26097.6,Petrol,Individual,Manual,First Owner,1197.0,83.1,50.34,5.0
Maruti Swift Dzire VXI,2015,11980.07,49709.7,Petrol,Individual,Manual,First Owner,1197.0,83.14,49.04,5.0
Maruti Alto K10 2010-2014 VXI,2011,6256.26,37282.3,Petrol,Individual,Manual,First Owner,998.0,67.1,49.21,5.0
Maruti Swift Dzire ZDI,2013,14642.3,149129.0,Diesel,Individual,Manual,First Owner,1248.0,74.0,55.04,5.0
Skoda Rapid 1.6 MPI AT Elegance,2013,10515.84,21748.0,Petrol,Individual,Automatic,Second Owner,1598.0,103.5,33.64,5.0
Volkswagen Vento 1.5 TDI Comfortline,2015,13710.52,74564.5,Diesel,Individual,Manual,Second Owner,1498.0,103.2,47.84,5.0
Ambassador Grand 1500 DSZ BSIII,2008,3247.93,37282.3,Diesel,Individual,Manual,Second Owner,1995.0,52.0,30.11,5.0
Hyundai i10 Magna 1.1L,2009,4259.58,21748.0,Petrol,Individual,Manual,Third Owner,1086.0,68.05,46.6,5.0
Maruti Alto LX,2007,2928.46,74564.5,Petrol,Individual,Manual,Second Owner,796.0,46.3,46.34,5.0
Maruti Swift LDI BSIV,2014,9584.05,43496.0,Diesel,Individual,Manual,First Owner,1248.0,74.0,59.27,5.0
Hyundai Verna Transform SX VGT CRDi,2011,6921.82,55923.4,Diesel,Individual,Manual,Third Owner,1493.0,110.0,38.1,5.0
Maruti Alto LXi,2007,3407.66,37282.3,Petrol,Individual,Manual,Second Owner,796.0,46.3,46.34,5.0
Hyundai Verna 1.6 CRDi S,2015,15973.42,49709.7,Diesel,Individual,Manual,Second Owner,1582.0,126.2,56.22,5.0
Toyota Fortuner 3.0 Diesel,2010,21297.9,93827.0,Diesel,Individual,Manual,Second Owner,2982.0,171.0,27.05,7.0
Maruti Swift Dzire VDI,2019,17970.1,15534.3,Diesel,Individual,Manual,First Owner,1248.0,74.02,66.8,5.0
Maruti SX4 Zxi BSIII,2010,7986.71,31068.6,Petrol,Individual,Manual,First Owner,1586.0,104.68,35.28,5.0
Maruti 800 AC,2009,3327.8,49709.7,Petrol,Individual,Manual,First Owner,796.0,37.0,37.87,4.0
Hyundai Grand i10 Asta Option,2017,14642.3,15534.3,Petrol,Individual,Manual,First Owner,1197.0,82.0,44.46,5.0
Maruti Alto LXi,2007,3993.36,49709.7,Petrol,Individual,Manual,Third Owner,796.0,46.3,46.34,5.0
Mahindra Scorpio Intelli Hybrid S6 Plus,2017,23720.53,49709.7,Diesel,Individual,Manual,First Owner,2179.0,120.0,36.22,7.0
Toyota Innova 2.5 VX (Diesel) 7 Seater,2015,27953.49,43496.0,Diesel,Individual,Manual,First Owner,2494.0,100.6,30.55,7.0
Maruti Baleno RS 1.0 Petrol,2018,19966.78,9320.6,Petrol,Individual,Manual,First Owner,998.0,100.5,49.63,5.0
Hyundai i20 Magna Optional 1.2,2012,10116.5,17087.7,Petrol,Individual,Manual,First Owner,1197.0,82.9,43.51,5.0
Toyota Innova 2.5 VX (Diesel) 8 Seater,2013,21297.9,68350.8,Diesel,Individual,Manual,Second Owner,2494.0,100.6,30.55,8.0
Mahindra Logan Petrol 1.4 GLE,2010,5324.47,74564.5,Petrol,Individual,Manual,First Owner,1390.0,75.0,36.93,5.0
Maruti Ciaz VDi Option SHVS,2016,18635.66,43496.0,Diesel,Individual,Manual,First Owner,1248.0,88.5,66.07,5.0
Honda Accord 2.4 MT,2010,7986.71,45981.5,Petrol,Individual,Manual,Second Owner,2354.0,177.6,30.11,5.0
Honda Mobilio S i DTEC,2015,17836.99,74564.5,Diesel,Individual,Manual,First Owner,1498.0,98.6,56.92,7.0
Honda City 2017-2020 GXi,2007,5590.7,86991.9,Petrol,Individual,Manual,First Owner,1497.0,78.0,41.63,5.0
Maruti Ignis 1.2 Delta BSIV,2017,9850.28,24854.8,Petrol,Individual,Manual,First Owner,1197.0,81.8,49.14,5.0
Maruti Baleno Delta Automatic,2019,15973.42,12427.4,Petrol,Individual,Automatic,First Owner,1197.0,83.1,50.34,5.0
Maruti Vitara Brezza VDi,2020,21564.12,9320.6,Diesel,Individual,Manual,First Owner,1248.0,88.5,57.16,5.0
Tata Tiago 1.2 Revotron XE,2019,9211.34,9941.9,Petrol,Individual,Manual,First Owner,1199.0,84.0,56.08,5.0
Honda City 1.3 EXI,2005,1464.23,80778.2,Petrol,Individual,Manual,First Owner,1343.0,90.0,30.58,5.0
Tata Safari DICOR 2.2 EX 4x2,2012,6655.59,73321.8,Diesel,Individual,Manual,Second Owner,2179.0,138.03,32.77,7.0
Maruti Swift ZXI BSIII,2006,3194.68,27340.3,Petrol,Individual,Manual,Second Owner,1298.0,88.2,37.87,5.0
Maruti Ertiga ZDI,2013,15973.42,31068.6,Diesel,Individual,Manual,Second Owner,1248.0,88.8,48.85,7.0
Maruti Eeco 5 Seater AC BSIV,2016,8785.38,37282.3,Petrol,Individual,Manual,First Owner,1196.0,73.0,36.15,5.0
Hyundai i20 Sportz Option 1.2,2014,10648.95,91341.5,Petrol,Individual,Manual,Second Owner,1197.0,81.83,43.75,5.0
Tata Indica V2 DLS TC,2004,2662.24,24854.8,Diesel,Individual,Manual,Second Owner,1405.0,62.0,39.52,5.0
Maruti Swift Dzire VXI,2014,11980.07,62137.1,Petrol,Individual,Manual,Third Owner,1197.0,85.8,44.93,5.0
Maruti Ertiga SHVS ZDI Plus,2017,21297.9,34175.4,Diesel,Individual,Manual,First Owner,1248.0,88.5,57.67,7.0
Maruti Celerio ZDi,2015,9051.61,24854.8,Diesel,Individual,Manual,Second Owner,793.0,47.0,64.97,5.0
Maruti Ritz VDi,2010,5990.03,39767.7,Diesel,Individual,Manual,Third Owner,1248.0,73.9,49.63,5.0
Maruti Zen LXI,2002,1464.23,62137.1,Petrol,Individual,Manual,Second Owner,993.0,60.0,40.69,5.0
Maruti Ertiga SHVS ZDI Plus,2016,23960.13,31068.6,Diesel,Individual,Manual,First Owner,1248.0,88.5,57.67,7.0
Volvo S60 D4 SUMMUM,2014,66555.92,18641.1,Diesel,Individual,Automatic,First Owner,1984.0,181.0,21.17,5.0
Maruti Wagon R VXI Plus,2018,12379.4,18641.1,Petrol,Individual,Manual,First Owner,998.0,67.04,48.24,5.0
Maruti Zen LXI,2004,1863.57,93205.6,Petrol,Individual,Manual,First Owner,993.0,60.0,40.69,5.0
Tata Zest Revotron 1.2 XT,2016,10648.95,15022.9,Petrol,Individual,Manual,First Owner,1193.0,88.7,41.33,5.0
Tata Indigo LX,2012,4925.14,49709.7,Diesel,Individual,Manual,First Owner,1405.0,70.0,37.87,5.0
Maruti Wagon R LXI,2006,3727.13,93205.6,Petrol,Individual,Manual,Second Owner,998.0,67.1,44.46,5.0
Renault Lodgy 85PS RxE 7 Seater,2015,11048.28,74564.5,Diesel,Individual,Manual,Second Owner,1461.0,83.8,49.49,7.0
Mahindra Scorpio VLX 2WD AIRBAG BSIV,2012,14163.1,75669.9,Diesel,Individual,Manual,First Owner,2179.0,120.0,28.34,8.0
Maruti Baleno Delta 1.3,2017,15973.42,34796.8,Diesel,Individual,Manual,First Owner,1248.0,74.0,64.43,5.0
Maruti SX4 Vxi BSIII,2008,3993.36,62137.1,Petrol,Individual,Manual,Fourth & Above Owner,1586.0,104.68,35.28,5.0
Maruti Swift LXI Option,2018,12246.26,7456.5,Petrol,Individual,Manual,First Owner,1197.0,81.8,47.98,5.0
Maruti Vitara Brezza ZDi,2017,21297.9,9557.3,Diesel,Individual,Manual,First Owner,1248.0,88.5,57.16,5.0
Mahindra Bolero SLX 4WD BSIII,2011,8252.93,3106.9,Diesel,Individual,Manual,First Owner,2523.0,63.0,31.99,7.0
Nissan Terrano XV Premium 110 PS,2014,12645.63,24854.8,Diesel,Individual,Manual,First Owner,1461.0,108.5,44.71,5.0
Maruti Alto K10 LXI,2018,9317.83,6213.7,Petrol,Individual,Manual,First Owner,998.0,67.05,56.33,5.0
Mahindra XUV500 W10 AWD,2019,47920.27,6213.7,Diesel,Individual,Manual,First Owner,2179.0,140.0,37.63,7.0
Maruti Swift AMT ZXI BSIV,2018,17038.32,15534.3,Petrol,Individual,Automatic,First Owner,1197.0,81.8,51.75,5.0
Maruti Wagon R AMT VXI,2017,9317.83,31068.6,Petrol,Individual,Automatic,First Owner,998.0,67.0,48.24,5.0
Tata Nexon 1.2 Revotron XE,2018,15973.42,18641.1,Petrol,Individual,Manual,First Owner,1198.0,108.5,39.99,5.0
Hyundai Verna 1.6 CRDi SX,2015,15307.86,14291.5,Diesel,Individual,Manual,First Owner,1582.0,126.2,56.22,5.0
Mahindra Thar CRDe ABS,2019,25930.19,9320.6,Diesel,Individual,Manual,First Owner,2498.0,105.0,38.93,6.0
Maruti Wagon R AMT VXI,2018,11846.95,3106.9,Petrol,Individual,Automatic,Second Owner,998.0,67.0,48.24,5.0
Maruti Ertiga VDI,2015,15440.97,9320.6,Diesel,Individual,Manual,Second Owner,1248.0,88.76,48.85,7.0
Hyundai Creta 1.4 EX Diesel,2020,27953.49,12427.4,Diesel,Individual,Manual,First Owner,1396.0,88.7,51.98,5.0
Ford EcoSport 1.5 TDCi Titanium BSIV,2015,15973.42,31068.6,Diesel,Individual,Manual,First Owner,1498.0,98.59,53.56,5.0
Ford Figo 1.2P Ambiente MT,2017,9850.28,24854.8,Petrol,Individual,Manual,Second Owner,1196.0,86.8,42.72,5.0
Maruti Zen Estilo 1.1 VXI BSIII,2007,3993.36,43496.0,Petrol,Individual,Manual,Third Owner,1061.0,64.0,42.81,5.0
Maruti Celerio ZXI Optional,2017,12858.6,9320.6,Petrol,Individual,Manual,First Owner,998.0,67.04,54.33,5.0
Hyundai Grand i10 Magna,2016,12512.51,6213.7,Petrol,Individual,Manual,First Owner,1197.0,82.0,44.46,5.0
Maruti Vitara Brezza ZDi Plus Dual Tone,2018,25291.25,15534.3,Diesel,Individual,Manual,First Owner,1248.0,88.5,57.16,5.0
Hyundai Verna 1.6 VTVT,2013,11980.07,31068.6,Petrol,Individual,Manual,Third Owner,1591.0,121.3,40.01,5.0
Toyota Etios VX,2011,9184.72,43496.0,Petrol,Individual,Manual,First Owner,1496.0,88.7,41.4,5.0
Maruti Ignis Zeta AMT,2020,15973.42,3106.9,Petrol,Individual,Automatic,First Owner,1197.0,81.8,49.14,5.0
Maruti A-Star Vxi,2009,7986.71,37282.3,Petrol,Individual,Manual,First Owner,998.0,66.1,44.69,5.0
Maruti Zen Estilo VXI BSIII,2007,4259.58,46478.6,Petrol,Individual,Manual,Second Owner,998.0,67.1,42.81,5.0
Maruti 800 AC BSIII,2004,3194.68,49709.7,Petrol,Individual,Manual,Second Owner,796.0,37.0,37.87,4.0
Hyundai EON 1.0 Era Plus,2018,9051.61,74564.5,Petrol,Individual,Manual,First Owner,998.0,68.05,47.75,5.0
Honda City 2017-2020 EXi,2007,3673.89,74564.5,Petrol,Individual,Manual,Second Owner,1497.0,78.0,41.63,5.0
Maruti Swift Dzire VXi,2010,6149.77,49709.7,Petrol,Individual,Manual,Third Owner,1298.0,85.8,41.16,5.0
Mahindra XUV500 W8 4WD,2013,21297.9,74564.5,Diesel,Individual,Manual,Second Owner,2179.0,140.0,35.52,7.0
Mahindra XUV300 W8,2019,25557.48,12427.4,Petrol,Individual,Manual,First Owner,1197.0,108.6,39.99,5.0
Maruti Wagon R LXI Minor,2009,3194.68,43496.0,Petrol,Individual,Manual,Second Owner,1061.0,67.0,44.46,5.0
Maruti Wagon R VXI BS IV,2012,7188.04,24854.8,Petrol,Individual,Manual,First Owner,998.0,67.1,44.46,5.0
Maruti Ritz LXI,2011,5324.47,62137.1,Petrol,Individual,Manual,Second Owner,1197.0,85.8,49.63,5.0
Maruti Swift VXI,2012,8732.14,76428.6,Petrol,Individual,Manual,First Owner,1197.0,85.8,43.75,5.0
Hyundai Verna 1.6 SX CRDi (O),2012,11500.86,47845.6,Diesel,Individual,Manual,First Owner,1582.0,126.32,52.5,5.0
Volkswagen Polo 1.0 MPI Trendline BSIV,2019,15041.64,4349.6,Petrol,Individual,Manual,First Owner,999.0,75.0,44.17,5.0
Maruti Eeco 5 Seater AC BSIV,2017,10382.72,43496.0,Petrol,Individual,Manual,First Owner,1196.0,73.0,36.15,5.0
Ford Figo 1.5D Titanium MT,2017,15973.42,18641.1,Diesel,Individual,Manual,First Owner,1498.0,99.0,60.76,5.0
Hyundai i20 1.4 CRDi Sportz,2011,6655.59,74564.5,Diesel,Individual,Manual,Third Owner,1396.0,90.0,54.1,5.0
Chevrolet Spark 1.0 LT,2011,4392.69,43496.0,Petrol,Individual,Manual,First Owner,995.0,62.0,42.34,5.0
Honda City 1.5 S MT,2011,11208.02,65244.0,Petrol,Individual,Manual,First Owner,1497.0,118.0,39.99,5.0
Hyundai Accent Executive,2012,5990.03,67929.5,Petrol,Individual,Manual,Second Owner,1495.0,93.7,38.48,5.0
Nissan Sunny Diesel XV,2013,9317.83,74564.5,Diesel,Individual,Manual,First Owner,1461.0,84.8,50.9,5.0
Jeep Compass 2.0 Limited,2018,46775.5,14912.9,Diesel,Individual,Manual,First Owner,1956.0,170.0,40.22,5.0
Maruti Baleno Zeta 1.3,2015,15973.42,43496.0,Diesel,Individual,Manual,Second Owner,1248.0,74.0,64.43,5.0
Tata Tiago NRG Petrol,2018,13710.52,21748.0,Petrol,Individual,Manual,First Owner,1199.0,83.81,56.45,5.0
Maruti 800 AC,1999,2129.79,49709.7,Petrol,Individual,Manual,Third Owner,796.0,37.0,37.87,4.0
Maruti SX4 S Cross 2015-2017 DDiS 200 Zeta,2017,21297.9,43496.0,Diesel,Individual,Manual,Second Owner,1248.0,88.5,55.63,5.0
Mahindra Scorpio 2.6 SLX Turbo 7 Seater,2004,3194.68,62137.1,Diesel,Individual,Manual,Fourth & Above Owner,2179.0,120.0,24.7,7.0
Maruti Wagon R Stingray VXI Optional,2017,12645.63,24854.8,Petrol,Individual,Manual,First Owner,998.0,67.04,48.24,5.0
Maruti Wagon R AMT VXI,2015,10648.95,12427.4,Petrol,Individual,Automatic,First Owner,998.0,67.0,48.24,5.0
Fiat Grande Punto 1.3 Dynamic (Diesel),2011,7986.71,37282.3,Diesel,Individual,Manual,First Owner,1248.0,75.0,47.75,5.0
Mahindra Scorpio M2DI,2011,10648.95,295151.2,Diesel,Individual,Manual,Third Owner,2179.0,115.0,31.75,5.0
Maruti Wagon R LX BSIII,2009,6256.26,43496.0,Petrol,Individual,Manual,Second Owner,1061.0,64.0,40.69,5.0
Maruti Wagon R VXI BS IV,2015,9317.83,24854.8,Petrol,Individual,Manual,Second Owner,998.0,67.04,48.24,5.0
Maruti Swift Dzire VDI,2017,16638.98,21126.6,Diesel,Individual,Manual,Second Owner,1248.0,74.02,66.8,5.0
Mahindra XUV500 W6 2WD,2014,13976.74,74564.5,Diesel,Individual,Manual,First Owner,2179.0,140.0,35.52,7.0
Tata Tigor 1.2 Revotron XZ,2018,14642.3,6213.7,Petrol,Individual,Manual,First Owner,1199.0,84.0,47.75,5.0
Mahindra Bolero 2011-2019 SLX,2015,14642.3,49709.7,Diesel,Individual,Manual,Second Owner,2523.0,62.1,37.54,7.0
Honda City 2017-2020 GXi,2006,5324.47,62137.1,Petrol,Individual,Manual,Second Owner,1497.0,78.0,41.63,5.0
Mahindra Xylo D2,2011,9317.83,74564.5,Diesel,Individual,Manual,First Owner,2489.0,95.0,30.58,8.0
Honda City 2017-2020 GXi,2006,5856.92,62137.1,Petrol,Individual,Manual,Second Owner,1497.0,78.0,41.63,5.0
Hyundai Grand i10 Sportz,2016,10968.42,15534.3,Petrol,Individual,Manual,First Owner,1197.0,82.0,44.46,5.0
Maruti Wagon R LXI Minor,2009,3354.42,32311.3,Petrol,Individual,Manual,Second Owner,1061.0,67.0,44.46,5.0
Maruti Swift Dzire VDI,2013,11447.62,39146.4,Diesel,Individual,Manual,First Owner,1248.0,74.0,55.04,5.0
Maruti A-Star Vxi,2009,3460.91,55923.4,Petrol,Individual,Manual,Second Owner,998.0,66.1,44.69,5.0
Tata Tiago 1.2 Revotron XM,2017,9317.83,37282.3,Petrol,Individual,Manual,First Owner,1199.0,84.0,56.08,5.0
Maruti Alto LX,2011,5856.92,21748.0,Petrol,Individual,Manual,First Owner,796.0,46.3,46.34,5.0
Mahindra Bolero DI,2011,10116.5,49709.7,Diesel,Individual,Manual,First Owner,2523.0,63.0,31.99,7.0
Ford Figo Diesel ZXI,2010,5324.47,68350.8,Diesel,Individual,Manual,Second Owner,1399.0,68.0,47.04,5.0
Maruti Swift Dzire VDI,2017,16505.87,37903.6,Diesel,Individual,Manual,First Owner,1248.0,74.0,62.54,5.0
Maruti Omni Limited Edition,2013,3993.36,41010.5,Petrol,Individual,Manual,First Owner,796.0,37.0,34.58,8.0
Datsun GO Plus Anniversary Edition,2018,11980.07,49709.7,Petrol,Individual,Manual,First Owner,1198.0,67.0,48.5,7.0
Hyundai Creta 1.6 CRDi SX Plus,2017,30615.73,16777.0,Diesel,Individual,Manual,Second Owner,1582.0,126.2,46.27,5.0
Mahindra KUV 100 G80 K8 Dual Tone,2018,13311.18,37282.3,Petrol,Individual,Manual,First Owner,1198.0,82.0,42.69,6.0
Maruti Wagon R VXI BS IV,2011,6549.1,86370.6,Petrol,Individual,Manual,First Owner,998.0,67.1,44.46,5.0
Maruti 800 AC,2008,1730.45,6213.7,Petrol,Individual,Manual,Second Owner,796.0,37.0,37.87,4.0
Ford Ecosport 1.5 Diesel Titanium,2016,19301.22,18641.1,Diesel,Individual,Manual,First Owner,1498.0,98.96,51.04,5.0
Hyundai Verna 1.6 SX CRDI (O) AT,2014,19594.06,77671.4,Diesel,Individual,Automatic,First Owner,1582.0,126.32,52.5,5.0
Maruti Swift Dzire VDI,2018,18635.66,27961.7,Diesel,Individual,Manual,First Owner,1248.0,74.02,66.8,5.0
Chevrolet Spark 1.0 LT,2011,3993.36,18641.1,Petrol,Individual,Manual,First Owner,995.0,62.0,42.34,5.0
Maruti Alto LXi,2010,4792.03,50020.4,Petrol,Individual,Manual,Second Owner,796.0,46.3,46.34,5.0
Toyota Etios Liva VXD,2014,10915.15,124274.2,Diesel,Individual,Manual,First Owner,1364.0,67.04,55.49,5.0
Mahindra Bolero 2011-2019 SLX,2013,14642.3,37282.3,Diesel,Individual,Manual,First Owner,2523.0,62.1,37.54,7.0
Maruti 800 AC Uniq,2004,1331.12,11184.7,Petrol,Individual,Manual,Second Owner,796.0,37.0,37.87,4.0
Maruti Zen D,2006,2129.79,68350.8,Diesel,Individual,Manual,Second Owner,1527.0,58.0,48.92,5.0
Maruti Alto LX,2005,2928.46,55923.4,Petrol,Individual,Manual,Second Owner,796.0,46.3,46.34,5.0
Honda City 2017-2020 GXi,2006,4792.03,74564.5,Petrol,Individual,Manual,Second Owner,1497.0,78.0,41.63,5.0
Audi Q7 3.0 TDI Quattro,2009,27287.93,74564.5,Diesel,Individual,Automatic,Third Owner,2967.0,241.4,28.39,7.0
Tata Hexa XTA,2017,34609.08,24854.8,Diesel,Individual,Automatic,First Owner,2179.0,153.86,41.4,7.0
Volkswagen Ameo 1.5 TDI Comfortline,2018,14908.53,11184.7,Diesel,Individual,Manual,First Owner,1498.0,108.62,50.95,5.0
Maruti Vitara Brezza LDi Option,2017,17304.54,43496.0,Diesel,Individual,Manual,First Owner,1248.0,88.5,57.16,5.0
Mahindra XUV500 W7 BSIV,2018,30615.73,18019.8,Diesel,Individual,Manual,First Owner,2179.0,152.87,35.52,7.0
Maruti Baleno Delta 1.2,2016,12778.74,40858.3,Petrol,Individual,Manual,First Owner,1197.0,83.1,50.34,5.0
Ford EcoSport 1.5 Diesel Titanium BSIV,2019,25557.48,1615.6,Diesel,Individual,Manual,First Owner,1498.0,98.96,54.1,5.0
Mahindra XUV500 AT W6 2WD,2017,27953.49,28583.1,Diesel,Individual,Automatic,First Owner,2179.0,140.0,37.63,7.0
Hyundai EON Era Plus,2017,8252.93,9320.6,Petrol,Individual,Manual,Second Owner,814.0,55.2,49.63,5.0
Maruti Swift Dzire VDI,2014,13311.18,37282.3,Diesel,Individual,Manual,First Owner,1248.0,74.0,55.04,5.0
Maruti Alto K10 VXI AGS Optional,2017,9317.83,9631.3,Petrol,Individual,Automatic,First Owner,998.0,67.1,56.33,5.0
Honda Amaze S i-Dtech,2015,9717.17,74564.5,Diesel,Individual,Manual,First Owner,1498.0,98.6,60.69,5.0
Mitsubishi Lancer 2.0 GLd,2008,4392.69,74564.5,Diesel,Individual,Manual,Third Owner,1998.0,68.0,34.81,5.0
Mahindra Bolero SLX,2007,6389.37,49709.7,Diesel,Individual,Manual,Second Owner,2523.0,63.0,31.99,7.0
Mahindra Marazzo M2 BSIV,2019,24625.69,24854.8,Diesel,Individual,Manual,First Owner,1497.0,121.0,40.69,7.0
Ford Figo Aspire 1.2 Ti-VCT Trend,2018,15707.2,9320.6,Petrol,Individual,Manual,First Owner,1196.0,86.8,42.72,5.0
Tata Aria Pride,2013,13976.74,68350.8,Diesel,Individual,Manual,Second Owner,2179.0,138.1,32.22,7.0
Toyota Innova 2.5 G (Diesel) 8 Seater,2014,19168.11,49709.7,Diesel,Individual,Manual,Second Owner,2494.0,100.6,30.55,8.0
Renault Duster 110PS Diesel RxL AMT,2017,22629.01,31068.6,Diesel,Individual,Automatic,First Owner,1461.0,108.45,46.1,5.0
Mahindra Scorpio VLS AT 2.2 mHAWK,2010,13044.96,68350.8,Diesel,Individual,Automatic,First Owner,2179.0,120.0,27.73,8.0
Honda Amaze S i-Dtech,2013,8652.27,62137.1,Diesel,Individual,Manual,First Owner,1498.0,98.6,60.69,5.0
Hyundai Verna CRDi 1.6 AT SX Option,2019,31946.84,12427.4,Diesel,Individual,Automatic,First Owner,1582.0,126.2,51.75,5.0
Mahindra Bolero 2011-2019 ZLX,2012,11980.07,83885.1,Diesel,Individual,Manual,First Owner,2523.0,62.1,37.54,7.0
Tata Indigo CS LS (TDI) BS-III,2014,7986.71,31503.5,Diesel,Individual,Manual,First Owner,1405.0,69.01,44.9,5.0
Volkswagen Polo Diesel Highline 1.2L,2013,9717.17,43496.0,Diesel,Individual,Manual,Second Owner,1199.0,73.9,51.91,5.0
Mercedes-Benz New C-Class 200 K AT,2007,13311.18,74564.5,Petrol,Individual,Automatic,First Owner,1796.0,178.0,27.52,5.0
Toyota Innova 2.5 VX (Diesel) 8 Seater,2014,23960.13,69593.6,Diesel,Individual,Manual,Second Owner,2494.0,100.6,30.55,8.0
Hyundai Grand i10 1.2 CRDi Sportz,2018,18635.66,21748.0,Diesel,Individual,Manual,First Owner,1186.0,73.97,56.45,5.0
Renault Duster 110PS Diesel RxZ,2017,23427.69,31068.6,Diesel,Individual,Manual,First Owner,1461.0,108.45,46.1,5.0
Toyota Innova 2.5 GX (Diesel) 7 Seater,2014,18635.66,75185.9,Diesel,Individual,Manual,Third Owner,2494.0,100.6,30.55,7.0
Mahindra Scorpio 2009-2014 SLE 7S BSIII,2009,10116.5,74564.5,Diesel,Individual,Manual,Second Owner,2179.0,120.0,28.34,7.0
Toyota Corolla H2,2006,3993.36,55923.4,Petrol,Individual,Manual,Third Owner,1794.0,125.0,31.52,5.0
Renault KWID 1.0 RXT Optional,2018,8519.16,12427.4,Petrol,Individual,Manual,First Owner,999.0,67.0,54.12,5.0
Renault Duster 85PS Diesel RxL,2015,14642.3,37282.3,Diesel,Individual,Manual,First Owner,1461.0,83.8,48.1,5.0
BMW 5 Series 520d Luxury Line,2016,85191.58,24854.8,Diesel,Individual,Automatic,First Owner,1995.0,190.0,42.62,5.0
Toyota Innova 2.5 VX (Diesel) 7 Seater,2013,19966.78,273403.2,Diesel,Individual,Manual,Second Owner,2494.0,100.6,30.55,7.0
Mahindra TUV 300 T6 Plus,2017,17171.43,37282.3,Diesel,Individual,Manual,First Owner,1493.0,100.0,43.49,7.0
Maruti Wagon R VXI BS IV,2015,7986.71,68350.8,Petrol,Individual,Manual,First Owner,998.0,67.04,48.24,5.0
Hyundai i20 Active 1.4,2016,15440.97,94448.4,Diesel,Individual,Manual,First Owner,1396.0,88.73,49.84,5.0
Hyundai i20 1.2 Asta,2011,5856.92,136701.6,Petrol,Individual,Manual,Fourth & Above Owner,1197.0,80.0,39.99,5.0
Mahindra Bolero 2011-2019 ZLX BSIII,2013,12006.69,43496.0,Diesel,Individual,Manual,First Owner,2523.0,62.1,37.54,7.0
Tata Nexon 1.2 Revotron XZ Plus,2018,22629.01,31068.6,Petrol,Individual,Manual,First Owner,1198.0,108.5,39.99,5.0
Maruti Swift Dzire VDi,2011,7986.71,77671.4,Diesel,Individual,Manual,First Owner,1248.0,73.9,45.4,5.0
Ford Figo 1.2P Trend MT,2016,9317.83,37282.3,Petrol,Individual,Manual,First Owner,1196.0,86.8,42.72,5.0
Toyota Innova 2.5 VX (Diesel) 8 Seater,2016,31946.84,55923.4,Diesel,Individual,Manual,First Owner,2494.0,100.6,30.55,8.0
Volkswagen Ameo 1.2 MPI Comfortline,2017,14642.3,12427.4,Petrol,Individual,Manual,First Owner,1198.0,73.75,39.99,5.0
Maruti Swift VDI,2012,7986.71,68350.8,Diesel,Individual,Manual,Third Owner,1248.0,74.0,53.86,5.0
Volkswagen Vento Diesel Highline,2012,7986.71,93205.6,Diesel,Individual,Manual,Second Owner,1598.0,103.6,48.31,5.0
Hyundai i20 1.4 CRDi Sportz,2012,9317.83,68350.8,Diesel,Individual,Manual,First Owner,1396.0,90.0,54.1,5.0
Hyundai Creta 1.6 CRDi SX Option,2015,23427.69,74564.5,Diesel,Individual,Manual,Second Owner,1582.0,126.2,46.27,5.0
Tata Sumo GX,2012,6655.59,49709.7,Diesel,Individual,Manual,Fourth & Above Owner,2956.0,83.8,35.99,7.0
Hyundai i20 Active 1.4 SX,2016,17570.76,68350.8,Diesel,Individual,Manual,First Owner,1396.0,88.73,49.84,5.0
Tata Zest Revotron 1.2T XMS,2015,11980.07,24854.8,Petrol,Individual,Manual,First Owner,1193.0,88.7,41.33,5.0
Volkswagen Polo GT TDI,2012,10648.95,68350.8,Diesel,Individual,Manual,Second Owner,1598.0,103.6,46.34,5.0
Mahindra Scorpio S7 120,2019,34609.08,12427.4,Diesel,Individual,Manual,First Owner,2179.0,120.0,38.48,7.0
Ford Figo Diesel Celebration Edition,2013,6123.12,142915.3,Diesel,Individual,Manual,First Owner,1399.0,68.1,47.04,5.0
Chevrolet Beat LT,2010,3727.13,37282.3,Petrol,Individual,Manual,First Owner,1199.0,79.4,43.75,5.0
Maruti Zen Estilo LXI BS IV,2012,5191.36,21748.0,Petrol,Individual,Manual,Second Owner,998.0,67.1,44.69,5.0
Hyundai i20 Active Base Petrol,2015,13311.18,27961.7,Petrol,Individual,Manual,First Owner,1197.0,81.86,40.43,5.0
Tata Nano Cx BSIII,2012,1597.34,27961.7,Petrol,Individual,Manual,First Owner,624.0,38.0,59.74,4.0
Tata Zest Revotron 1.2T XM,2016,10648.95,15534.3,Petrol,Individual,Manual,First Owner,1193.0,88.7,41.33,5.0
Hyundai i20 Magna 1.2,2014,10648.95,6213.7,Petrol,Individual,Manual,First Owner,1197.0,81.83,43.75,5.0
Maruti Wagon R VXI Optional,2018,10116.5,11806.0,Petrol,Individual,Manual,First Owner,998.0,67.04,48.24,5.0
Maruti Baleno Delta 1.2,2019,15414.35,6213.7,Petrol,Individual,Manual,First Owner,1197.0,83.1,50.34,5.0
Mahindra KUV 100 G80 K2,2019,10648.95,15534.3,Petrol,Individual,Manual,First Owner,1198.0,82.0,42.69,6.0
Hyundai i10 Magna 1.2 iTech SE,2012,7188.04,18641.1,Petrol,Individual,Manual,First Owner,1197.0,78.9,47.89,5.0
Mahindra Bolero 2011-2019 SLX 2WD BSIII,2014,13311.18,55923.4,Diesel,Individual,Manual,First Owner,2523.0,62.1,37.54,7.0
Tata Tiago 1.2 Revotron XT,2017,12645.63,12427.4,Petrol,Individual,Manual,First Owner,1199.0,84.0,56.08,5.0
Nissan Terrano XL D Option,2018,22629.01,29825.8,Diesel,Individual,Manual,First Owner,1461.0,83.14,46.74,5.0
Mahindra Scorpio 2006-2009 VLX 2WD 7 Str BSIII,2009,12645.63,74564.5,Diesel,Individual,Manual,First Owner,2179.0,120.0,28.34,7.0
Maruti Swift Dzire Ldi BSIV,2012,9850.28,130487.9,Diesel,Individual,Manual,Second Owner,1248.0,73.9,45.4,5.0
Hyundai i10 Magna 1.1L,2010,4978.38,124522.7,Petrol,Individual,Manual,Second Owner,1086.0,68.05,46.6,5.0
Hyundai i10 Magna,2008,5191.36,68350.8,Petrol,Individual,Manual,Second Owner,1197.0,78.9,47.89,5.0
Tata Safari DICOR 2.2 LX 4x2,2014,12246.26,23612.1,Diesel,Individual,Manual,First Owner,2179.0,138.03,32.77,7.0
Toyota Corolla AE,2004,3594.02,55923.4,Petrol,Individual,Manual,Second Owner,1794.0,125.0,31.52,5.0
Maruti Ertiga SHVS ZDI Plus,2017,22629.01,26719.0,Diesel,Individual,Manual,First Owner,1248.0,88.5,57.67,7.0
Hyundai Santro Asta BSIV,2018,13311.18,15534.3,Petrol,Individual,Manual,First Owner,1086.0,68.0,47.75,5.0
Maruti Wagon R VXI BS IV,2016,10249.61,16155.6,Petrol,Individual,Manual,Second Owner,998.0,67.04,48.24,5.0
Hyundai Verna CRDi SX,2006,3594.02,74564.5,Diesel,Individual,Manual,Second Owner,1493.0,110.0,39.52,5.0
Maruti Alto LXi,2008,3194.68,43496.0,Petrol,Individual,Manual,Third Owner,796.0,46.3,46.34,5.0
Honda Accord VTi-L MT,2006,5324.47,37282.3,Petrol,Individual,Manual,Third Owner,2354.0,144.0,27.99,5.0
Tata New Safari 3L Dicor LX 4x2,2007,5324.47,74564.5,Diesel,Individual,Manual,Second Owner,2956.0,138.1,32.77,7.0
Maruti Ciaz ZXi,2016,18635.66,12427.4,Petrol,Individual,Manual,First Owner,1373.0,91.1,48.76,5.0
Tata Indigo CR4,2013,7720.49,15534.3,Diesel,Individual,Manual,First Owner,1396.0,70.0,55.44,5.0
Maruti Swift Dzire ZDI Plus,2017,19301.22,37282.3,Diesel,Individual,Manual,First Owner,1248.0,74.02,66.8,5.0
Maruti Omni E MPI STD BS IV,2014,4126.47,49709.7,Petrol,Individual,Manual,First Owner,796.0,34.2,39.52,8.0
Mercedes-Benz E-Class Exclusive E 200 BSIV,2019,138436.32,10563.3,Petrol,Dealer,Automatic,First Owner,1991.0,194.4,35.28,5.0
BMW 5 Series 520d Sport Line,2018,106489.48,6213.7,Diesel,Dealer,Automatic,First Owner,1995.0,187.74,52.88,5.0
Hyundai Venue SX Plus Turbo DCT BSIV,2019,29950.17,2174.8,Petrol,Dealer,Automatic,First Owner,998.0,118.35,42.69,5.0
Audi A4 35 TDI Premium Plus,2016,50555.85,28583.1,Diesel,Dealer,Automatic,First Owner,1968.0,187.74,42.93,5.0
Honda CR-V 2.4L 4WD AT AVN,2017,43926.91,32311.3,Petrol,Dealer,Automatic,First Owner,2354.0,187.4,28.23,5.0
Maruti Swift VXI,2011,7454.26,12427.4,Petrol,Individual,Manual,Second Owner,1197.0,85.8,43.75,5.0
Tata Tigor 1.2 Revotron XE,2019,11980.07,15534.3,Petrol,Individual,Manual,First Owner,1199.0,84.0,47.75,5.0
Maruti Esteem LX - BSIII,2006,3594.02,43496.0,Petrol,Individual,Manual,Second Owner,1298.0,85.0,37.4,5.0
Mahindra XUV500 W4,2014,17304.54,24854.8,Diesel,Individual,Manual,First Owner,2179.0,140.0,35.52,7.0
Maruti Baleno Delta,2020,17304.54,4536.0,Petrol,Individual,Manual,First Owner,1197.0,81.8,49.42,5.0
Maruti Ciaz 1.3 Sigma,2018,19966.78,15534.3,Diesel,Individual,Manual,First Owner,1248.0,88.5,66.07,5.0
Maruti Alto LXi,2010,3993.36,62137.1,Petrol,Individual,Manual,First Owner,796.0,46.3,46.34,5.0
Mahindra KUV 100 mFALCON D75 K8,2017,13311.18,21748.0,Diesel,Individual,Manual,First Owner,1198.0,77.0,59.56,6.0
Hyundai Verna 1.6 SX,2013,11314.51,49709.7,Diesel,Individual,Manual,Second Owner,1582.0,126.32,52.5,5.0
Hyundai i10 Magna,2010,6921.82,37282.3,Petrol,Individual,Manual,First Owner,1197.0,78.9,47.89,5.0
Volkswagen Polo 1.5 TDI Highline,2014,10648.95,68350.8,Diesel,Individual,Manual,Second Owner,1498.0,88.8,47.37,5.0
Hyundai i20 2015-2017 Magna 1.4 CRDi,2017,15307.86,43496.0,Diesel,Individual,Manual,Second Owner,1396.0,88.73,53.02,5.0
Volkswagen Polo GT TDI,2012,10648.95,59030.2,Diesel,Individual,Manual,First Owner,1598.0,103.6,46.34,5.0
Mahindra Bolero SLX 2WD BSIII,2011,9317.83,124274.2,Diesel,Individual,Manual,Second Owner,2523.0,63.0,31.99,7.0
Maruti Swift VDI BSIV,2015,12911.82,18641.1,Diesel,Individual,Manual,First Owner,1248.0,74.0,59.27,5.0
Volkswagen CrossPolo 1.5 TDI,2013,9317.83,43496.0,Diesel,Individual,Manual,Second Owner,1498.0,88.5,47.37,5.0
Toyota Fortuner 4x2 AT TRD Sportivo,2014,37271.32,49709.7,Diesel,Individual,Automatic,Second Owner,2982.0,168.7,29.52,7.0
Maruti Swift Dzire VDi,2012,6655.59,62137.1,Diesel,Individual,Manual,Third Owner,1248.0,73.9,45.4,5.0
Maruti Swift Dzire ZDI Plus,2017,17437.65,43496.0,Diesel,Individual,Manual,First Owner,1248.0,74.02,66.8,5.0
Chevrolet Beat LS,2016,7986.71,9320.6,Petrol,Individual,Manual,First Owner,1199.0,76.8,43.75,5.0
Ford Figo Aspire 1.5 TDCi Titanium,2018,17304.54,13048.8,Diesel,Individual,Manual,First Owner,1498.0,99.0,60.76,5.0
Maruti Wagon R VXI 1.2,2014,7986.71,21748.0,Petrol,Individual,Manual,First Owner,1197.0,81.8,48.27,5.0
Honda Jazz 1.2 VX i VTEC,2016,12645.63,15534.3,Petrol,Individual,Manual,First Owner,1199.0,88.7,43.99,5.0
Tata Tiago 1.2 Revotron XZ WO Alloy,2017,11980.07,18641.1,Petrol,Individual,Manual,First Owner,1199.0,84.0,56.08,5.0
Maruti Swift Dzire VDI,2019,20073.27,6213.7,Diesel,Individual,Manual,First Owner,1248.0,74.02,66.8,5.0
Hyundai i10 Sportz,2013,7986.71,24854.8,Petrol,Individual,Manual,First Owner,1197.0,78.9,47.89,5.0
Hyundai EON Magna Plus,2014,6655.59,15534.3,Petrol,Individual,Manual,First Owner,814.0,55.2,49.63,5.0
Maruti Swift Dzire VDI,2018,19301.22,9320.6,Diesel,Individual,Manual,First Owner,1248.0,74.02,66.8,5.0
Maruti Alto LXi,2008,2529.13,43496.0,Petrol,Individual,Manual,First Owner,796.0,46.3,46.34,5.0
Hyundai Santro Sportz BSIV,2018,12645.63,4846.7,Petrol,Individual,Manual,First Owner,1086.0,68.0,47.75,5.0
Tata Safari Storme LX,2014,15307.86,34175.4,Diesel,Individual,Manual,First Owner,2179.0,138.1,32.93,7.0
Tata Tiago 1.2 Revotron XT,2016,9317.83,18641.1,Petrol,Individual,Manual,First Owner,1199.0,84.0,56.08,5.0
Mahindra Bolero 2011-2019 SLX,2013,8785.38,77671.4,Diesel,Individual,Manual,Second Owner,2523.0,62.1,37.54,7.0
Maruti Swift VXI Deca,2016,12831.98,31068.6,Petrol,Individual,Manual,First Owner,1197.0,81.8,47.98,5.0
Ford EcoSport 1.5 TDCi Ambiente BSIV,2017,16638.98,24854.8,Diesel,Individual,Manual,Fourth & Above Owner,1498.0,98.59,53.56,5.0
Tata Tiago 1.2 Revotron XM Option,2017,10116.5,18641.1,Petrol,Individual,Manual,First Owner,1199.0,84.0,56.08,5.0
Chevrolet Beat LT,2016,8252.93,18641.1,Petrol,Individual,Manual,First Owner,1199.0,76.8,43.75,5.0
Maruti Swift Dzire VXi,2009,7454.26,21748.0,Petrol,Individual,Manual,First Owner,1298.0,85.8,41.16,5.0
Renault Duster Petrol RXS CVT,2018,23960.13,18641.1,Petrol,Individual,Automatic,First Owner,1498.0,104.5,35.26,5.0
Maruti Wagon R VXI Minor,2010,6655.59,37282.3,Petrol,Individual,Manual,First Owner,1061.0,67.0,44.46,5.0
Hyundai Verna 1.6 VTVT S,2017,19966.78,24233.5,Petrol,Individual,Manual,First Owner,1591.0,121.3,40.01,5.0
Renault KWID 1.0 RXT Optional,2019,11181.4,9320.6,Petrol,Individual,Manual,First Owner,999.0,67.0,54.12,5.0
Honda Amaze S Petrol BSIV,2019,17836.99,3106.9,Petrol,Individual,Manual,First Owner,1199.0,88.76,45.87,5.0
Hyundai i10 Magna 1.1L,2016,11181.4,6058.4,Petrol,Individual,Manual,Second Owner,1086.0,68.05,46.6,5.0
Toyota Innova Crysta 2.4 ZX MT BSIV,2016,47920.27,68350.8,Diesel,Individual,Manual,First Owner,2393.0,147.8,32.18,7.0
Honda WR-V i-VTEC VX,2018,23960.13,21748.0,Petrol,Individual,Manual,First Owner,1199.0,88.7,41.16,5.0
Mahindra XUV500 W6 2WD,2015,31946.84,6213.7,Diesel,Individual,Manual,First Owner,2179.0,140.0,35.52,7.0
Mahindra Scorpio 2.6 SLX Turbo 7 Seater,2003,5191.36,97641.0,Diesel,Individual,Manual,Third Owner,2179.0,120.0,24.7,7.0
Hyundai Verna CRDi,2007,4925.14,74564.5,Diesel,Individual,Manual,Fourth & Above Owner,1493.0,110.0,39.52,5.0
Hyundai i10 Magna 1.1L,2008,4925.14,68350.8,Petrol,Individual,Manual,Fourth & Above Owner,1086.0,68.05,46.6,5.0
Mahindra XUV500 W9 BSIV,2018,40599.11,28583.1,Diesel,Individual,Manual,First Owner,2179.0,152.87,35.52,7.0
Maruti Swift VXI BSIII W/ ABS,2006,5723.81,63379.8,Petrol,Individual,Manual,Third Owner,1298.0,88.2,37.87,5.0
Maruti Alto 800 Base,2015,5590.7,31068.6,Petrol,Individual,Manual,Second Owner,796.0,47.3,53.49,5.0
Toyota Innova Crysta 2.4 VX MT BSIV,2016,45258.03,68350.8,Diesel,Individual,Manual,Second Owner,2393.0,147.8,32.18,7.0
Toyota Innova 2.5 G (Diesel) 7 Seater BS IV,2009,14109.86,177090.7,Diesel,Individual,Manual,Third Owner,2494.0,102.0,30.11,8.0
Honda City i VTEC VX Option,2015,21297.9,31068.6,Petrol,Individual,Manual,First Owner,1497.0,117.3,40.93,5.0
Maruti Swift VDI BSIV,2014,15174.75,43496.0,Diesel,Individual,Manual,Second Owner,1248.0,74.0,59.27,5.0
Maruti SX4 VDI,2012,9317.83,74564.5,Diesel,Individual,Manual,Second Owner,1248.0,88.8,50.57,5.0
Hyundai i20 1.4 CRDi Magna,2011,9317.83,57787.5,Diesel,Individual,Manual,Second Owner,1396.0,90.0,51.51,5.0
Mahindra Bolero Power Plus SLX,2018,19966.78,31068.6,Diesel,Individual,Manual,First Owner,1493.0,70.0,38.81,7.0
Maruti Eeco 7 Seater Standard BSIV,2011,4259.58,62137.1,Petrol,Individual,Manual,Second Owner,1196.0,73.0,36.15,7.0
Tata Indigo CS LS DiCOR,2010,3993.36,43496.0,Diesel,Individual,Manual,Third Owner,1405.0,70.0,36.93,5.0
Hyundai Grand i10 1.2 Kappa Sportz BSIV,2019,14961.77,3106.9,Petrol,Individual,Manual,First Owner,1197.0,81.86,44.46,5.0
Hyundai i10 Magna,2012,7720.49,16777.0,Petrol,Individual,Manual,First Owner,1197.0,78.9,47.89,5.0
Mahindra XUV500 W6 2WD,2014,15973.42,75807.3,Diesel,Individual,Manual,Second Owner,2179.0,140.0,35.52,7.0
Hyundai Xcent 1.1 CRDi S,2015,10675.57,45981.5,Diesel,Individual,Manual,Second Owner,1120.0,71.0,57.39,5.0
Maruti Alto K10 2010-2014 VXI,2011,5990.03,18641.1,Petrol,Individual,Manual,First Owner,998.0,67.1,49.21,5.0
Maruti Vitara Brezza ZXI Plus AT Dual Tone,2020,19620.69,6213.7,Petrol,Individual,Automatic,First Owner,1462.0,103.26,44.13,5.0
Maruti Celerio LXI,2014,7986.71,49709.7,Petrol,Individual,Manual,First Owner,998.0,67.04,54.33,5.0
Tata Indigo LX,2008,2262.9,74564.5,Diesel,Individual,Manual,First Owner,1405.0,70.0,39.99,5.0
Hyundai Verna Transform VGT CRDi,2010,5191.36,74564.5,Diesel,Individual,Manual,Second Owner,1493.0,110.0,38.1,5.0
Honda WR-V i-DTEC S,2017,17970.1,79529.9,Diesel,Dealer,Manual,First Owner,1498.0,98.6,59.98,5.0
Mitsubishi Lancer 2.0 GLd,1999,3993.36,123031.5,Diesel,Individual,Manual,Second Owner,1998.0,68.0,34.81,5.0
Tata Indigo eCS GLX,2010,7720.49,40389.1,Petrol,Individual,Manual,First Owner,1193.0,64.1,36.79,5.0
Maruti Ciaz 1.3 Zeta,2018,23667.29,12427.4,Diesel,Individual,Manual,First Owner,1248.0,88.5,66.07,5.0
Volkswagen Ameo 1.2 MPI Comfortline,2016,10648.95,37282.3,Petrol,Individual,Manual,First Owner,1198.0,73.75,39.99,5.0
Renault KWID RXT Optional,2018,10382.72,8152.4,Petrol,Individual,Manual,First Owner,799.0,53.3,59.2,5.0
Jeep Compass 2.0 Longitude BSIV,2017,41264.67,54370.0,Diesel,Individual,Manual,First Owner,1956.0,170.0,40.22,5.0
Hyundai Verna 1.6 SX CRDi (O),2014,15973.42,77671.4,Diesel,Individual,Manual,First Owner,1582.0,126.32,52.5,5.0
Hyundai Elite i20 Asta Option CVT BSIV,2018,21297.9,15534.3,Petrol,Individual,Automatic,First Owner,1197.0,81.86,40.93,5.0
Maruti Ertiga ZDI,2013,15973.42,74564.5,Diesel,Individual,Manual,Third Owner,1248.0,88.8,48.85,7.0
Hyundai Verna 1.6 VTVT SX,2015,21164.78,21748.0,Petrol,Individual,Manual,First Owner,1591.0,121.3,40.01,5.0
Hyundai i20 Asta Option 1.4 CRDi,2016,19567.44,15534.3,Diesel,Individual,Manual,First Owner,1396.0,88.73,53.02,5.0
Skoda Octavia L and K 1.9 TDI MT,2005,6655.59,74564.5,Diesel,Individual,Manual,Third Owner,1896.0,90.0,38.58,5.0
Renault KWID AMT,2018,10648.95,15534.3,Petrol,Individual,Automatic,First Owner,999.0,67.0,56.55,5.0
Mahindra Xylo D2 BSIV,2014,10515.84,86991.9,Diesel,Individual,Manual,First Owner,2489.0,95.0,32.93,8.0
Hyundai Accent CRDi,2005,3460.91,49088.3,Diesel,Individual,Manual,Second Owner,1493.0,82.0,30.81,5.0
Renault Lodgy 85PS RxE,2015,15973.42,77671.4,Diesel,Individual,Manual,First Owner,1461.0,83.8,49.49,8.0
Hyundai i20 Active 1.4 SX,2016,19168.11,49709.7,Diesel,Individual,Manual,First Owner,1396.0,88.73,49.84,5.0
Honda City S,2011,11980.07,68350.8,Petrol,Individual,Manual,Third Owner,1497.0,116.4,39.52,5.0
Hyundai Verna Transform SX VGT CRDi,2010,5856.92,49709.7,Diesel,Individual,Manual,Second Owner,1493.0,110.0,38.1,5.0
Hyundai Verna 1.6 SX,2014,14509.19,62137.1,Diesel,Individual,Manual,Second Owner,1582.0,126.32,52.5,5.0
Volkswagen Vento Diesel Highline,2011,9850.28,62137.1,Diesel,Individual,Manual,Second Owner,1598.0,103.6,48.31,5.0
Mahindra Bolero LX Non AC BSIII,2010,11980.07,48466.9,Diesel,Individual,Manual,First Owner,2523.0,63.0,31.99,7.0
Hyundai i20 Petrol CVT Asta,2018,19966.78,9320.6,Petrol,Individual,Automatic,First Owner,1197.0,81.86,40.93,5.0
Mahindra Scorpio S10 7 Seater,2015,29284.61,43496.0,Diesel,Individual,Manual,First Owner,2179.0,120.0,36.22,7.0
Maruti Baleno Alpha 1.2,2019,18928.5,3106.9,Petrol,Individual,Manual,First Owner,1197.0,83.1,50.34,5.0
Maruti Alto K10 VXI,2016,7587.38,46602.8,Petrol,Individual,Manual,First Owner,998.0,67.05,56.33,5.0
Maruti Baleno Alpha,2020,19940.16,3417.5,Petrol,Individual,Manual,First Owner,1197.0,81.8,49.42,5.0
Renault Duster 110PS Diesel RxL,2016,14642.3,49709.7,Diesel,Individual,Manual,Second Owner,1461.0,108.45,46.2,5.0
Maruti Swift Dzire VDi,2010,7986.71,74564.5,Diesel,Individual,Manual,Second Owner,1248.0,73.9,45.4,5.0
Maruti Baleno Sigma 1.3,2017,16638.98,43496.0,Diesel,Individual,Manual,First Owner,1248.0,74.0,64.43,5.0
Hyundai i20 Active 1.2 SX,2017,17304.54,49709.7,Petrol,Individual,Manual,Second Owner,1197.0,81.86,40.43,5.0
Hyundai Verna 1.6 SX CRDi (O),2014,15307.86,74564.5,Diesel,Individual,Manual,Third Owner,1582.0,126.32,52.5,5.0
Maruti Swift Dzire VDI,2016,16798.72,46602.8,Diesel,Individual,Manual,Second Owner,1248.0,74.0,62.54,5.0
Hyundai Verna Transform VGT CRDi,2010,5856.92,49709.7,Diesel,Individual,Manual,Second Owner,1493.0,110.0,38.1,5.0
Tata Tigor 1.2 Revotron XZ Option,2017,15973.42,24854.8,Petrol,Individual,Manual,Second Owner,1199.0,84.0,47.75,5.0
Ford Fiesta Diesel Style,2012,10382.72,74564.5,Diesel,Individual,Manual,First Owner,1498.0,88.7,55.28,5.0
Mahindra Scorpio 2.6 Turbo 7 Str,2007,9983.39,68350.8,Diesel,Individual,Manual,Fourth & Above Owner,2609.0,116.6,29.87,8.0
Hyundai i20 Asta 1.4 CRDi (Diesel),2010,9051.61,68350.8,Diesel,Individual,Manual,First Owner,1396.0,90.0,54.1,5.0
Tata Tiago 2019-2020 XZ Plus Diesel,2019,17836.99,1242.7,Diesel,Individual,Manual,First Owner,1047.0,69.0,64.17,5.0
Maruti Swift Dzire VDI,2014,14109.86,49709.7,Diesel,Individual,Manual,Second Owner,1248.0,74.0,55.04,5.0
Maruti Alto K10 VXI AGS,2015,9317.83,23612.1,Petrol,Individual,Automatic,Second Owner,998.0,67.05,56.33,5.0
Maruti Celerio ZXI Optional,2014,11048.28,28583.1,Petrol,Dealer,Manual,First Owner,998.0,67.04,50.88,5.0
Maruti Ertiga 1.5 ZDI,2014,18635.66,63379.8,Diesel,Dealer,Manual,First Owner,1498.0,93.87,56.92,7.0
BMW X1 sDrive20d M Sport,2012,24625.69,59651.6,Diesel,Dealer,Automatic,Second Owner,1998.0,190.0,46.15,5.0
Renault KWID 1.0 RXT AMT Opt,2017,9983.39,12427.4,Petrol,Dealer,Automatic,First Owner,999.0,67.0,51.75,5.0
Maruti Swift Dzire VXI,2015,15307.86,9941.9,Petrol,Dealer,Manual,First Owner,1197.0,85.8,44.93,5.0
Hyundai i20 1.2 Sportz,2013,11314.51,14291.5,Petrol,Dealer,Manual,First Owner,1197.0,80.0,39.99,5.0
Ford Figo 1.2P Ambiente MT,2011,6522.48,15534.3,Petrol,Dealer,Manual,First Owner,1196.0,86.8,42.72,5.0
Hyundai Verna SX Opt,2015,14376.08,21748.0,Petrol,Dealer,Manual,Second Owner,1497.0,113.42,41.63,5.0
Mercedes-Benz New C-Class C 250 CDI Elegance,2011,26622.37,55923.4,Diesel,Dealer,Automatic,First Owner,2143.0,204.0,35.14,5.0
Hyundai i10 Sportz 1.2,2013,7747.11,22990.7,Petrol,Dealer,Manual,First Owner,1197.0,78.9,47.89,5.0
Maruti Baleno Delta 1.2,2017,15973.42,21126.6,Petrol,Dealer,Manual,Second Owner,1197.0,83.1,50.34,5.0
Hyundai Verna SX,2012,9450.94,37282.3,Petrol,Dealer,Manual,First Owner,1497.0,113.42,41.63,5.0
Hyundai i10 Magna,2010,5990.03,31068.6,Petrol,Dealer,Manual,First Owner,1197.0,78.9,47.89,5.0
Chevrolet Enjoy 1.4 LTZ 7,2013,9317.83,22990.7,Petrol,Dealer,Manual,First Owner,1399.0,98.79,32.22,7.0
Maruti Alto 800 LXI,2012,5324.47,23612.1,Petrol,Dealer,Manual,Second Owner,796.0,47.3,58.1,5.0
Hyundai Verna SX Opt,2012,11580.7,35418.1,Petrol,Dealer,Manual,First Owner,1497.0,113.42,41.63,5.0
Hyundai i20 1.2 Sportz,2014,11713.84,38649.3,Petrol,Dealer,Manual,First Owner,1197.0,80.0,39.99,5.0
Maruti Ritz VDi,2013,10382.72,47845.6,Diesel,Dealer,Manual,First Owner,1248.0,73.9,49.63,5.0
Maruti 800 Std,1997,1331.12,68350.8,Petrol,Individual,Manual,Second Owner,796.0,37.0,37.87,4.0
Tata Sumo EX TC,2005,5990.03,116817.7,Diesel,Individual,Manual,First Owner,1948.0,90.0,28.93,7.0
Maruti Alto STD,2010,2262.9,93205.6,Petrol,Individual,Manual,Third Owner,796.0,46.3,46.34,5.0
Hyundai EON Sportz,2012,3993.36,24854.8,Petrol,Individual,Manual,First Owner,814.0,55.2,49.63,5.0
Renault Duster Adventure Edition,2014,13311.18,74564.5,Diesel,Individual,Manual,First Owner,1461.0,108.45,44.71,5.0
Hyundai i10 Sportz Option,2011,5856.92,43496.0,Petrol,Individual,Manual,Third Owner,1197.0,78.9,47.89,5.0
Hyundai Creta 1.4 CRDi Base,2017,25477.61,37282.3,Diesel,Individual,Manual,First Owner,1396.0,88.7,50.29,5.0
Toyota Innova 2.5 G4 Diesel 7-seater,2006,27953.49,155342.8,Diesel,Individual,Manual,First Owner,2494.0,102.0,30.11,7.0
Datsun RediGO 1.0 S,2018,8519.16,21748.0,Petrol,Individual,Manual,First Owner,999.0,67.0,52.92,5.0
Maruti Alto K10 VXI,2016,7986.71,9320.6,Petrol,Individual,Manual,First Owner,998.0,67.05,56.33,5.0
Maruti Swift VDi BSIII W/ ABS,2010,7188.04,60894.4,Diesel,Individual,Manual,First Owner,1248.0,75.0,41.87,5.0
Hyundai Accent Executive,2011,4525.8,38525.0,Petrol,Individual,Manual,Third Owner,1495.0,93.7,38.48,5.0
Chevrolet Cruze LTZ,2010,7188.04,55923.4,Diesel,Individual,Manual,Second Owner,1991.0,147.9,43.04,5.0
Chevrolet Beat LS,2013,3727.13,68350.8,Petrol,Individual,Manual,Second Owner,1199.0,79.4,43.75,5.0
Hyundai i10 Magna,2010,4525.8,55923.4,Petrol,Individual,Manual,Third Owner,1197.0,78.9,47.89,5.0
Mahindra Marazzo M8,2019,38602.44,6213.7,Diesel,Individual,Manual,First Owner,1497.0,121.0,40.69,7.0
Mahindra XUV300 W8 Option Diesel BSIV,2019,31946.84,15534.3,Diesel,Individual,Manual,First Owner,1497.0,115.0,47.04,5.0
Hyundai Elite i20 Sportz Plus Diesel,2019,22203.06,8077.8,Diesel,Individual,Manual,First Owner,1396.0,88.76,53.02,5.0
Tata Tiago 1.05 Revotorq XT,2017,11980.07,49709.7,Diesel,Individual,Manual,First Owner,1047.0,69.0,64.17,5.0
Volkswagen Polo 1.5 TDI Comfortline,2014,15307.86,24854.8,Diesel,Individual,Manual,Third Owner,1498.0,88.8,47.37,5.0
Maruti Swift Dzire ZDI Plus,2019,23960.13,12427.4,Diesel,Individual,Manual,First Owner,1248.0,74.02,66.8,5.0
Skoda Fabia 1.2L Diesel Elegance,2011,8652.27,99419.4,Diesel,Individual,Manual,Third Owner,1199.0,75.0,49.07,5.0
Volkswagen Vento Diesel Comfortline,2012,10648.95,62137.1,Diesel,Individual,Manual,Second Owner,1598.0,103.6,48.31,5.0
Hyundai EON 1.0 Era Plus,2017,6655.59,21748.0,Petrol,Individual,Manual,Second Owner,998.0,68.05,47.75,5.0
Chevrolet Optra Magnum 1.6 LT Petrol,2010,5990.03,37282.3,Petrol,Individual,Manual,Second Owner,1598.0,102.5,30.34,5.0
Ford Fiesta Classic 1.4 Duratorq LXI,2012,7986.71,43496.0,Diesel,Individual,Manual,First Owner,1388.0,67.0,43.75,5.0
Fiat Avventura Power Up 1.3 Emotion,2015,12246.26,37282.3,Diesel,Individual,Manual,Second Owner,1248.0,91.72,48.22,5.0
Ford EcoSport 1.5 TDCi Titanium Plus BSIV,2016,21963.46,21748.0,Diesel,Individual,Manual,Second Owner,1498.0,98.59,53.56,5.0
Tata Indica Vista Aqua 1.3 Quadrajet BSIV,2012,3993.36,143808.9,Diesel,Individual,Manual,Second Owner,1248.0,75.0,43.28,5.0
Maruti Baleno Alpha 1.3,2016,18901.88,44117.3,Diesel,Individual,Manual,First Owner,1248.0,74.0,64.43,5.0
Maruti Ritz VDi,2016,11314.51,43496.0,Diesel,Individual,Manual,First Owner,1248.0,73.94,54.57,5.0
Maruti 800 Std,2007,1198.01,49709.7,Petrol,Individual,Manual,First Owner,796.0,37.0,37.87,4.0
Mahindra Bolero SLX 2WD BSIII,2011,10116.5,148787.9,Diesel,Individual,Manual,Second Owner,2523.0,63.0,31.99,7.0
Maruti Ritz VDi,2009,6389.37,55923.4,Diesel,Individual,Manual,First Owner,1248.0,73.9,49.63,5.0
Hyundai Creta 1.6 CRDi SX,2016,30615.73,95691.1,Diesel,Individual,Manual,First Owner,1582.0,126.2,46.27,5.0
Renault Duster 110PS Diesel RxZ Plus,2013,13843.63,67729.4,Diesel,Individual,Manual,Second Owner,1461.0,108.45,46.2,5.0
Maruti Swift Dzire VDI,2016,17970.1,74564.5,Diesel,Individual,Manual,Second Owner,1248.0,74.0,62.54,5.0
Tata New Safari DICOR 2.2 LX 4x2,2009,6655.59,68350.8,Diesel,Individual,Manual,First Owner,2179.0,138.1,27.21,7.0
Hyundai Accent CRDi,2005,5324.47,124274.2,Diesel,Individual,Manual,Second Owner,1493.0,82.0,30.81,5.0
Maruti Wagon R Stingray VXI,2016,10116.5,24233.5,Petrol,Individual,Manual,Third Owner,998.0,67.04,48.24,5.0
Maruti 800 AC,2005,1064.89,59651.6,Petrol,Individual,Manual,Fourth & Above Owner,796.0,37.0,37.87,4.0
Volkswagen Vento Konekt Diesel Highline,2014,15307.86,55923.4,Diesel,Individual,Manual,First Owner,1598.0,103.6,48.31,5.0
Maruti Swift Vdi BSIII,2010,7986.71,83885.1,Diesel,Individual,Manual,Second Owner,1248.0,75.0,41.87,5.0
Tata Tiago 1.05 Revotorq XE,2018,11980.07,55923.4,Diesel,Individual,Manual,First Owner,1047.0,69.0,64.17,5.0
Maruti 800 Std MPFi,2003,1198.01,55923.4,Petrol,Individual,Manual,Fourth & Above Owner,796.0,37.0,37.87,4.0
Toyota Innova 2.5 VX (Diesel) 7 Seater BS IV,2010,25291.25,264704.0,Diesel,Individual,Manual,First Owner,2494.0,102.0,30.11,7.0
Maruti Swift Dzire VDI,2017,19833.67,21748.0,Diesel,Individual,Manual,First Owner,1248.0,74.02,66.8,5.0
Hyundai Xcent 1.1 CRDi S,2016,13577.38,74564.5,Diesel,Individual,Manual,First Owner,1120.0,71.0,57.39,5.0
Hyundai i10 Magna,2009,3780.38,68350.8,Petrol,Individual,Manual,First Owner,1197.0,78.9,47.89,5.0
Maruti A-Star Vxi,2009,4925.14,31068.6,Petrol,Individual,Manual,First Owner,998.0,66.1,44.69,5.0
Fiat Linea Emotion (Diesel),2012,7986.71,47845.6,Diesel,Individual,Manual,First Owner,1248.0,91.7,47.98,5.0
Honda City 2017-2020 GXi,2007,5590.7,74564.5,Petrol,Individual,Manual,Second Owner,1497.0,78.0,41.63,5.0
Hyundai Verna Xi (Petrol),2008,6921.82,74564.5,Petrol,Individual,Manual,Second Owner,1599.0,103.2,32.69,5.0
Maruti Swift Dzire LDI,2013,11447.62,118060.5,Diesel,Individual,Manual,Second Owner,1248.0,74.0,55.04,5.0
Mahindra Scorpio SLE BSIII,2013,15973.42,68350.8,Diesel,Individual,Manual,Second Owner,2179.0,120.0,28.34,8.0
Ford Figo Petrol EXI,2010,10648.95,18641.1,Petrol,Individual,Manual,First Owner,1196.0,70.0,36.69,5.0
Hyundai Verna 1.4 CRDi,2012,10648.95,113089.5,Diesel,Individual,Manual,Second Owner,1396.0,88.7,58.33,5.0
Maruti Swift Dzire VDI,2017,17810.37,37282.3,Diesel,Individual,Manual,First Owner,1248.0,74.02,66.8,5.0
Hyundai Xcent 1.2 VTVT S,2019,13577.38,24854.8,Petrol,Individual,Manual,First Owner,1197.0,81.86,47.37,5.0
Hyundai i20 Asta Option 1.4 CRDi,2016,16399.38,69593.6,Diesel,Individual,Manual,First Owner,1396.0,88.73,53.02,5.0
Mahindra Scorpio SLE BSIII,2013,14109.86,49709.7,Diesel,Individual,Manual,Second Owner,2179.0,120.0,28.34,8.0
Hyundai Verna CRDi SX,2010,5058.25,55923.4,Diesel,Individual,Manual,Second Owner,1493.0,110.0,39.52,5.0
Honda City i DTEC VX,2015,18635.66,86991.9,Diesel,Individual,Manual,Second Owner,1498.0,98.6,59.04,5.0
Tata Sumo MKII CX BS IV,2012,6655.59,116817.7,Diesel,Individual,Manual,Second Owner,2179.0,120.0,32.93,8.0
Hyundai i10 Magna,2014,5990.03,37282.3,Petrol,Individual,Manual,Second Owner,1197.0,78.9,47.89,5.0
Hyundai Grand i10 1.2 Kappa Magna BSIV,2017,12512.51,18641.1,Petrol,Individual,Manual,First Owner,1197.0,81.86,44.46,5.0
Maruti Vitara Brezza ZDi Plus,2019,23960.13,24854.8,Diesel,Individual,Manual,First Owner,1248.0,88.5,57.16,5.0
Chevrolet Beat Diesel LS,2013,4525.8,43496.0,Diesel,Individual,Manual,First Owner,936.0,57.6,59.84,5.0
Tata Indigo CS LX (TDI) BS III,2013,3727.13,62137.1,Diesel,Individual,Manual,First Owner,1396.0,69.0,44.9,5.0
Chevrolet Spark 1.0 PS,2011,2529.13,27340.3,Petrol,Individual,Manual,Second Owner,995.0,63.0,37.63,5.0
Maruti Ritz LXi,2016,7454.26,68350.8,Petrol,Individual,Manual,Second Owner,1197.0,85.8,43.51,5.0
Mahindra Scorpio 2009-2014 VLX 2WD 7S BSIV,2012,12512.51,133594.8,Diesel,Individual,Manual,First Owner,2179.0,120.0,28.34,7.0
Hyundai EON Era,2011,3434.29,49709.7,Petrol,Individual,Manual,Second Owner,814.0,55.2,49.63,5.0
Chevrolet Beat Diesel LT,2012,4392.69,43496.0,Diesel,Individual,Manual,Second Owner,936.0,57.6,59.84,5.0
Hyundai i20 Active 1.2 S,2016,15973.42,15534.3,Petrol,Individual,Manual,First Owner,1197.0,81.86,40.43,5.0
Maruti Wagon R VXI BSIII,2012,6921.82,19262.5,Petrol,Individual,Manual,First Owner,998.0,67.1,44.46,5.0
Maruti Wagon R VXI,2005,1863.57,31068.6,Petrol,Individual,Manual,Third Owner,998.0,67.1,44.46,5.0
Hyundai i20 Asta 1.2,2015,13710.52,74564.5,Petrol,Individual,Manual,Second Owner,1197.0,81.83,43.75,5.0
Ford Figo Diesel LXI,2012,5990.03,37282.3,Diesel,Individual,Manual,First Owner,1399.0,68.0,47.04,5.0
Maruti Swift Dzire LDi,2011,7188.04,37282.3,Diesel,Individual,Manual,Second Owner,1248.0,73.9,45.4,5.0
Tata Safari DICOR 2.2 EX 4x2,2011,5990.03,68350.8,Diesel,Individual,Manual,Third Owner,2179.0,138.03,32.77,7.0
Hyundai Verna 1.6 SX CRDi (O),2012,12246.26,43496.0,Diesel,Individual,Manual,First Owner,1582.0,126.32,52.5,5.0
Maruti Alto LX,2009,3088.17,68350.8,Petrol,Individual,Manual,Second Owner,796.0,46.3,46.34,5.0
Skoda Rapid 1.5 TDI Active,2013,12645.63,48032.0,Diesel,Dealer,Manual,First Owner,1498.0,103.52,49.72,5.0
Mercedes-Benz E-Class E 220 CDI Avantgarde,2013,51248.06,56855.4,Diesel,Dealer,Automatic,First Owner,2148.0,170.0,23.52,5.0
Tata Indica V2 2001-2011 eLX,2011,4392.69,46602.8,Diesel,Dealer,Manual,Second Owner,1396.0,69.0,58.8,5.0
Maruti Swift VDI,2015,14642.3,27961.7,Diesel,Dealer,Manual,First Owner,1248.0,74.0,66.8,5.0
Maruti Vitara Brezza ZDi,2017,22921.86,38065.2,Diesel,Dealer,Manual,First Owner,1248.0,88.5,57.16,5.0
Ford EcoSport 1.5 Diesel Titanium Plus BSIV,2019,27953.49,16155.6,Diesel,Dealer,Manual,First Owner,1498.0,98.96,54.1,5.0
Skoda Kodiaq 2.0 TDI Style,2018,86549.32,10936.8,Diesel,Dealer,Automatic,First Owner,1968.0,148.0,38.22,7.0
Hyundai i20 1.4 Asta,2017,19966.78,26719.0,Diesel,Dealer,Manual,First Owner,1396.0,88.73,53.02,5.0
Maruti Swift ZXI BSIV,2018,19434.33,2965.8,Petrol,Dealer,Manual,First Owner,1197.0,81.8,51.75,5.0
Skoda Rapid 1.5 TDI AT Style Plus,2017,22895.24,19262.5,Diesel,Dealer,Automatic,First Owner,1498.0,103.52,50.95,5.0
Honda BRV i-DTEC V MT,2017,25025.03,35977.4,Diesel,Dealer,Manual,First Owner,1498.0,98.6,51.51,7.0
Mahindra Marazzo M2 BSIV,2019,28619.05,5343.8,Diesel,Dealer,Manual,First Owner,1497.0,121.0,40.69,7.0
Maruti SX4 S Cross 2015-2017 DDiS 200 Zeta,2016,20632.34,32311.3,Diesel,Dealer,Manual,First Owner,1248.0,88.5,55.63,5.0
Maruti Swift ZXI,2013,10941.79,38525.0,Petrol,Dealer,Manual,First Owner,1197.0,81.8,51.75,5.0
Toyota Innova 2.5 V Diesel 8-seater,2012,24252.98,96312.5,Diesel,Dealer,Manual,First Owner,2494.0,102.0,30.11,8.0
Volkswagen Polo 1.5 TDI Highline,2016,14376.08,41010.5,Diesel,Dealer,Manual,First Owner,1498.0,88.8,47.37,5.0
Skoda Rapid 1.5 TDI AT Ambition,2016,17570.76,48473.2,Diesel,Dealer,Automatic,First Owner,1498.0,103.52,50.95,5.0
Maruti Ertiga SHVS VDI,2018,23294.57,52098.2,Diesel,Dealer,Manual,First Owner,1248.0,88.5,57.67,7.0
Maruti Celerio VXI AT,2015,10941.79,14912.3,Petrol,Dealer,Automatic,First Owner,998.0,67.04,54.33,5.0
Maruti Baleno Delta Diesel,2016,16905.2,32311.3,Diesel,Dealer,Manual,First Owner,1248.0,74.0,64.43,5.0
Maruti Swift VDI,2012,9317.83,90098.8,Diesel,Individual,Manual,Third Owner,1248.0,74.0,53.86,5.0
Mahindra TUV 300 mHAWK100 T8 Dual Tone,2018,21297.9,43496.0,Diesel,Individual,Manual,Second Owner,1493.0,100.0,43.49,7.0
Maruti Omni MPI STD BSIV,2015,4792.03,15534.3,Petrol,Individual,Manual,Second Owner,796.0,34.2,39.52,5.0
Honda Mobilio V i DTEC,2014,13044.96,74564.5,Diesel,Individual,Manual,First Owner,1498.0,98.6,56.92,7.0
Maruti Zen Estilo LXI BS IV,2010,4792.03,34175.4,Petrol,Individual,Manual,First Owner,998.0,67.1,44.69,5.0
Nissan Micra XV CVT,2013,8252.93,56793.3,Petrol,Individual,Automatic,Second Owner,1198.0,76.0,45.49,5.0
Chevrolet Enjoy TCDi LTZ 7 Seater,2014,11980.07,49709.7,Diesel,Individual,Manual,Second Owner,1248.0,73.8,42.81,7.0
Mahindra KUV 100 mFALCON D75 K6,2017,13311.18,31068.6,Diesel,Individual,Manual,First Owner,1198.0,77.0,59.56,6.0
Hyundai Verna Transform SX VGT CRDi AT BS III,2010,6522.48,114953.6,Diesel,Individual,Automatic,Fourth & Above Owner,1493.0,110.0,38.1,5.0
Volkswagen Vento Diesel Highline,2011,7321.15,77671.4,Diesel,Individual,Manual,Fourth & Above Owner,1598.0,103.6,48.31,5.0
Honda City 2017-2020 GXi,2006,5324.47,110914.7,Petrol,Individual,Manual,Third Owner,1497.0,78.0,41.63,5.0
Mahindra XUV500 W10 2WD,2017,39933.55,41602.7,Diesel,Individual,Manual,First Owner,2179.0,140.0,37.63,7.0
Nissan Micra Diesel XV Premium,2012,6123.12,103147.6,Diesel,Individual,Manual,Second Owner,1461.0,63.1,54.29,5.0
Volkswagen Vento Diesel Comfortline,2011,7454.26,81399.6,Diesel,Individual,Manual,Fourth & Above Owner,1598.0,103.6,48.31,5.0
Maruti Wagon R LXI Minor,2009,3327.8,31068.6,Petrol,Individual,Manual,Second Owner,1061.0,67.0,44.46,5.0
Maruti Swift ZDI BSIV,2015,15973.42,15534.3,Diesel,Individual,Manual,First Owner,1248.0,74.0,59.27,5.0
Honda Jazz V,2018,15973.42,12427.4,Petrol,Individual,Manual,First Owner,1199.0,88.7,42.81,5.0
Honda Brio 1.2 VX MT,2016,10941.79,37282.3,Petrol,Individual,Manual,Second Owner,1198.0,86.8,43.51,5.0
Maruti Eeco 5 Seater AC BSIV,2010,3993.36,105633.1,Petrol,Individual,Manual,Third Owner,1196.0,73.0,36.15,5.0
Maruti Ciaz ZDi Plus,2015,16772.09,43496.0,Diesel,Individual,Manual,First Owner,1248.0,88.5,61.65,5.0
Audi A4 2.0 TDI 177 Bhp Premium Plus,2013,31946.84,68350.8,Diesel,Individual,Automatic,First Owner,1968.0,174.33,40.25,5.0
Maruti Swift Dzire AMT VXI BS IV,2019,18635.66,27961.7,Petrol,Individual,Automatic,First Owner,1197.0,81.8,51.75,5.0
Mahindra Xylo E4 BS IV,2010,6655.59,37282.3,Diesel,Individual,Manual,Second Owner,2498.0,112.0,32.93,7.0
Chevrolet Enjoy 1.3 TCDi LT 8,2016,14242.97,19883.9,Diesel,Individual,Manual,First Owner,1248.0,73.74,42.81,8.0
Mahindra TUV 300 T4,2016,15973.42,37282.3,Diesel,Individual,Manual,First Owner,1493.0,100.0,43.49,7.0
Hyundai Accent VIVA CRDi,2003,3860.24,74564.5,Diesel,Individual,Manual,Fourth & Above Owner,1493.0,82.0,30.81,5.0
Ford Figo Aspire 1.5 TDCi Trend,2015,10648.95,88856.1,Diesel,Individual,Manual,First Owner,1498.0,99.0,60.76,5.0
Maruti Swift Dzire VDI,2015,15973.42,62137.1,Diesel,Individual,Manual,First Owner,1248.0,74.0,62.54,5.0
Maruti Celerio X VXI,2018,12246.26,31068.6,Petrol,Individual,Manual,First Owner,998.0,67.0,50.88,5.0
Hyundai i20 1.4 Asta Option,2018,21297.9,18641.1,Diesel,Individual,Manual,First Owner,1396.0,88.73,53.02,5.0
Toyota Innova 2.5 GX 8 STR BSIV,2012,21297.9,63379.8,Diesel,Individual,Manual,Second Owner,2494.0,102.0,30.11,8.0
Renault Pulse RxL Optional,2013,7720.49,55923.4,Diesel,Individual,Manual,First Owner,1461.0,63.12,54.29,5.0
Maruti Swift VDI,2018,17863.61,38525.0,Diesel,Individual,Manual,First Owner,1248.0,74.0,66.8,5.0
Tata Indigo eCS LX TDI BSIII,2012,3727.13,49709.7,Diesel,Individual,Manual,Fourth & Above Owner,1396.0,69.0,44.9,5.0
Maruti Alto Std,2011,3753.75,9320.6,Petrol,Individual,Manual,Third Owner,796.0,46.3,46.34,5.0
Maruti Alto LX,2009,3327.8,43496.0,Petrol,Individual,Manual,Second Owner,796.0,46.3,46.34,5.0
Tata Indica Vista TDI LS,2013,3993.36,55923.4,Diesel,Individual,Manual,Second Owner,1405.0,70.0,45.63,5.0
Maruti Wagon R LX Minor,2007,3327.8,62137.1,Petrol,Individual,Manual,Third Owner,1061.0,67.0,44.46,5.0
Hyundai Grand i10 1.2 Kappa Sportz BSIV,2018,15973.42,15534.3,Petrol,Individual,Manual,Second Owner,1197.0,81.86,44.46,5.0
Hyundai i20 1.4 Sportz,2017,18635.66,24854.8,Diesel,Individual,Manual,First Owner,1396.0,88.73,53.02,5.0
Hyundai i20 1.4 Asta Option,2017,18635.66,43496.0,Diesel,Individual,Manual,First Owner,1396.0,88.73,53.02,5.0
Maruti Swift Dzire VDI,2017,19700.55,24854.8,Diesel,Individual,Manual,First Owner,1248.0,74.02,66.8,5.0
Tata Indica Vista Aqua 1.4 TDI,2011,3727.13,124274.2,Diesel,Individual,Manual,Second Owner,1405.0,71.0,39.99,5.0
Hyundai Verna CRDi 1.6 SX Option,2018,30615.73,21748.0,Diesel,Individual,Manual,First Owner,1582.0,126.2,51.75,5.0
Skoda Octavia Classic 1.9 TDI MT,2007,7986.71,96312.5,Diesel,Individual,Manual,First Owner,1896.0,66.0,43.99,5.0
Toyota Etios G,2011,7986.71,68350.8,Petrol,Individual,Manual,First Owner,1496.0,88.73,41.4,5.0
Renault Scala Diesel RxE,2015,14109.86,68350.8,Diesel,Individual,Manual,First Owner,1461.0,84.8,50.9,5.0
Hyundai Grand i10 1.2 CRDi Sportz Option,2017,14109.86,49709.7,Diesel,Individual,Manual,Second Owner,1186.0,73.97,56.45,5.0
Hyundai Santro Xing GLS,2011,5590.7,31068.6,Petrol,Individual,Manual,Second Owner,1086.0,62.1,42.15,5.0
Maruti Alto LXi,2007,3460.91,55923.4,Petrol,Individual,Manual,Second Owner,796.0,46.3,46.34,5.0
Volkswagen Passat Highline DSG S,2008,15574.09,74564.5,Diesel,Individual,Automatic,First Owner,1968.0,140.0,33.64,5.0
Hyundai i20 1.4 CRDi Magna,2011,7188.04,65244.0,Diesel,Individual,Manual,Second Owner,1396.0,90.0,51.51,5.0
Hyundai i10 Magna 1.2 iTech SE,2013,9983.39,24854.8,Petrol,Individual,Manual,First Owner,1197.0,78.9,47.89,5.0
Mahindra XUV500 W6 2WD,2014,19301.22,87613.3,Diesel,Individual,Manual,Second Owner,2179.0,140.0,35.52,7.0
Hyundai Verna CRDi ABS,2007,4792.03,93205.6,Diesel,Individual,Manual,Second Owner,1493.0,110.0,42.57,5.0
Maruti Ritz VDi,2014,11314.51,49709.7,Diesel,Individual,Manual,Second Owner,1248.0,73.94,54.57,5.0
Ford EcoSport 1.5 Diesel Titanium BSIV,2018,23960.13,15534.3,Diesel,Individual,Manual,First Owner,1498.0,98.96,54.1,5.0
Tata Sumo Gold CX BSIII,2017,15174.75,31689.9,Diesel,Individual,Manual,First Owner,2956.0,69.01,33.09,7.0
Tata Indica V2 eLS,2017,7720.49,24854.8,Diesel,Individual,Manual,First Owner,1396.0,69.0,58.8,5.0
Ford Figo Diesel ZXI,2011,6123.12,24854.8,Diesel,Individual,Manual,Second Owner,1399.0,68.0,47.04,5.0
Ford Figo Diesel EXI,2012,7986.71,43496.0,Diesel,Individual,Manual,First Owner,1399.0,68.0,47.04,5.0
Maruti Ritz VDi,2010,5856.92,68350.8,Diesel,Individual,Manual,Third Owner,1248.0,73.9,49.63,5.0
Chevrolet Cruze LTZ,2011,10915.15,49709.7,Diesel,Individual,Manual,Second Owner,1991.0,147.9,43.04,5.0
Chevrolet Enjoy TCDi LT 7 Seater,2013,9450.94,84506.5,Diesel,Individual,Manual,Second Owner,1248.0,73.8,42.81,7.0
Renault Duster RXL AWD,2013,18502.55,74564.5,Diesel,Individual,Manual,First Owner,1461.0,108.45,44.71,5.0
Maruti Swift Dzire Vdi BSIV,2010,8519.16,74564.5,Diesel,Individual,Manual,Second Owner,1248.0,73.9,45.4,5.0
Mahindra TUV 300 T8,2017,18901.88,74564.5,Diesel,Individual,Manual,First Owner,1493.0,100.0,43.49,7.0
Tata Indica V2 DLS TC,2004,2262.9,74564.5,Diesel,Individual,Manual,Second Owner,1405.0,62.0,39.52,5.0
Volkswagen Polo 1.5 TDI Highline,2015,14642.3,55923.4,Diesel,Individual,Manual,First Owner,1498.0,88.8,47.37,5.0
Maruti Swift ZXI ABS,2007,5723.81,62603.1,Petrol,Individual,Manual,Second Owner,1298.0,88.2,37.87,5.0
Hyundai Accent GLS 1.6 ABS,2006,2928.46,86991.9,Petrol,Individual,Manual,Second Owner,1599.0,94.0,33.87,5.0
Honda City 2017-2020 EXi,2007,4525.8,68350.8,Petrol,Individual,Manual,Third Owner,1497.0,78.0,41.63,5.0
Tata Nexon 1.2 Revotron XZ Plus,2018,22629.01,24854.8,Petrol,Individual,Manual,Second Owner,1198.0,108.5,39.99,5.0
Hyundai i20 Asta 1.4 CRDi (Diesel),2010,9317.83,91962.9,Diesel,Individual,Manual,Second Owner,1396.0,90.0,54.1,5.0
Tata Indica Vista Quadrajet LS,2015,6655.59,96312.5,Diesel,Individual,Manual,Second Owner,1248.0,74.0,52.45,5.0
Ford Figo Aspire 1.5 TDCi Titanium,2015,11527.49,43496.0,Diesel,Individual,Manual,First Owner,1498.0,99.0,60.76,5.0
Toyota Fortuner 3.0 Diesel,2010,31946.84,62137.1,Diesel,Individual,Manual,First Owner,2982.0,171.0,27.05,7.0
Hyundai EON D Lite Plus,2015,7986.71,27961.7,Petrol,Individual,Manual,First Owner,814.0,55.2,49.63,5.0
Maruti Zen LX BSII,1998,1863.57,24854.8,Petrol,Individual,Manual,Second Owner,993.0,60.0,40.69,5.0
Mahindra Bolero 2011-2019 EX AC,2017,20233.0,55923.4,Diesel,Individual,Manual,Second Owner,2523.0,62.1,37.54,7.0
Hyundai EON Era Plus,2014,6655.59,12427.4,Petrol,Individual,Manual,First Owner,814.0,55.2,49.63,5.0
Hyundai Santro Xing GL Plus,2013,4978.38,74564.5,Petrol,Individual,Manual,Second Owner,1086.0,62.1,42.15,5.0
Maruti Swift VDI,2013,8918.49,55923.4,Diesel,Individual,Manual,Second Owner,1248.0,74.0,53.86,5.0
Maruti Swift Dzire VXI,2016,12991.72,49709.7,Petrol,Individual,Manual,Second Owner,1197.0,83.14,49.04,5.0
Maruti SX4 Zxi with Leather BSIII,2008,2955.08,68350.8,Petrol,Individual,Manual,Third Owner,1586.0,104.68,36.69,5.0
Maruti Ciaz VDi Plus,2015,15973.42,43496.0,Diesel,Individual,Manual,First Owner,1248.0,88.5,61.65,5.0
Maruti Swift VXI,2020,15174.75,3106.9,Petrol,Individual,Manual,First Owner,1197.0,81.8,49.89,5.0
Hyundai Santro Xing XS,2007,2928.46,46602.8,Petrol,Individual,Manual,Second Owner,1086.0,63.0,41.87,5.0
Maruti Swift ZXI,2014,11580.7,31068.6,Petrol,Individual,Manual,First Owner,1197.0,85.8,43.75,5.0
Hyundai EON Era Plus,2014,6123.12,43496.0,Petrol,Individual,Manual,First Owner,814.0,55.2,49.63,5.0
Nissan Terrano XL Plus 85 PS,2014,13044.96,55923.4,Diesel,Individual,Manual,Second Owner,1461.0,83.8,48.1,5.0
Maruti Swift Dzire VXi,2011,7986.71,62137.1,Petrol,Individual,Manual,Second Owner,1298.0,85.8,41.16,5.0
Chevrolet Beat LT,2017,9317.83,55923.4,Petrol,Individual,Manual,First Owner,1199.0,76.8,41.87,5.0
Mahindra XUV500 W6 2WD,2013,19966.78,68350.8,Diesel,Individual,Manual,Second Owner,2179.0,140.0,35.52,7.0
Maruti Alto 800 LXI,2017,8252.93,21748.0,Petrol,Individual,Manual,First Owner,796.0,47.3,58.1,5.0
Maruti Ertiga ZDI,2014,16505.87,80778.2,Diesel,Individual,Manual,First Owner,1248.0,88.8,48.85,7.0
Maruti Swift VDI,2013,10648.95,116817.7,Diesel,Individual,Manual,Second Owner,1248.0,74.0,53.86,5.0
Tata Indica V2 DLX,2008,1783.7,49709.7,Diesel,Individual,Manual,Second Owner,1396.0,53.5,40.46,5.0
Ford Figo 1.5D Titanium MT,2015,12778.74,49709.7,Diesel,Individual,Manual,First Owner,1498.0,99.0,60.76,5.0
Maruti Omni MPI STD BSIII 8-STR W/ IMMOBILISER,2008,2928.46,30245.9,Petrol,Individual,Manual,First Owner,796.0,35.0,46.34,8.0
Datsun GO Plus Anniversary Edition,2018,12645.63,24854.8,Petrol,Individual,Manual,First Owner,1198.0,67.0,48.5,7.0
Maruti Alto 800 VXI,2018,7986.71,9320.6,Petrol,Individual,Manual,Second Owner,796.0,47.3,58.1,5.0
Maruti Alto LXi,2007,2662.24,43496.0,Petrol,Individual,Manual,First Owner,796.0,46.3,46.34,5.0
Tata Indica Vista Terra TDI BSIII,2011,1863.57,49709.7,Diesel,Individual,Manual,Second Owner,1405.0,71.0,39.99,5.0
Ford EcoSport 1.5 TDCi Titanium BSIV,2017,23960.13,37282.3,Diesel,Individual,Manual,First Owner,1498.0,98.59,53.56,5.0
Toyota Etios 1.4 VXD,2017,17304.54,74564.5,Diesel,Individual,Manual,Second Owner,1364.0,67.04,55.49,5.0
Maruti Zen LXI,2000,1331.12,111846.8,Petrol,Individual,Manual,Fourth & Above Owner,993.0,60.0,40.69,5.0
Hyundai Grand i10 Asta,2016,14642.3,43496.0,Petrol,Individual,Manual,First Owner,1197.0,82.0,44.46,5.0
Renault Duster 85PS Diesel RxL Optional,2013,12645.63,155342.8,Diesel,Individual,Manual,First Owner,1461.0,83.8,48.12,5.0
Hyundai Santro Era,2019,11314.51,9320.6,Petrol,Individual,Manual,First Owner,1086.0,68.0,47.75,5.0
Maruti Ciaz ZDi Plus SHVS,2017,23960.13,40389.1,Diesel,Individual,Manual,First Owner,1248.0,88.5,66.07,5.0
Hyundai i20 Sportz 1.2,2015,13737.14,55923.4,Petrol,Individual,Manual,First Owner,1197.0,81.83,43.75,5.0
Tata Indica Vista Aura 1.2 Safire (ABS) 90hp BS IV,2011,3993.36,43496.0,Petrol,Individual,Manual,Second Owner,1172.0,65.0,38.81,5.0
Maruti Wagon R LXI BS IV,2016,10648.95,18641.1,Petrol,Individual,Manual,First Owner,998.0,67.04,48.24,5.0
Mahindra Scorpio S4 Plus,2016,21297.9,49399.0,Diesel,Individual,Manual,First Owner,2179.0,120.0,36.22,7.0
Hyundai Santro Xing XS,2007,4392.69,55923.4,Petrol,Individual,Manual,Third Owner,1086.0,63.0,41.87,5.0
Nissan Terrano XL 85 PS,2015,26622.37,68350.8,Diesel,Individual,Manual,First Owner,1461.0,83.8,48.1,5.0
Maruti Swift Dzire VDI,2015,11713.84,68350.8,Diesel,Individual,Manual,First Owner,1248.0,74.0,62.54,5.0
Hyundai Verna 1.6 SX CRDi (O),2011,10382.72,95069.8,Diesel,Individual,Manual,First Owner,1582.0,126.32,52.5,5.0
Ford Fiesta 1.4 Duratec ZXI,2008,3620.64,124389.2,Petrol,Individual,Manual,First Owner,1388.0,68.0,39.05,5.0
Maruti Swift Dzire ZDI,2013,12645.63,92584.3,Diesel,Individual,Manual,First Owner,1248.0,74.0,55.04,5.0
Ford Figo 1.5D Titanium MT,2016,13710.52,62137.1,Diesel,Individual,Manual,First Owner,1498.0,99.0,60.76,5.0
Tata Venture EX 7 Str,2012,4658.91,55923.4,Diesel,Individual,Manual,Second Owner,1405.0,70.0,36.27,7.0
Maruti SX4 ZDI Leather,2012,10116.5,49709.7,Diesel,Individual,Manual,Fourth & Above Owner,1248.0,88.8,50.57,5.0
Maruti Ignis 1.2 Delta BSIV,2018,14242.97,7456.5,Petrol,Individual,Manual,First Owner,1197.0,81.8,49.14,5.0
Hyundai i10 Magna,2011,5723.81,24854.8,Petrol,Individual,Manual,Second Owner,1197.0,78.9,47.89,5.0
Maruti Zen LXI,1997,1863.57,62137.1,Petrol,Individual,Manual,Second Owner,993.0,60.0,40.69,5.0
Hyundai Grand i10 1.2 Kappa Magna BSIV,2017,11846.95,16777.0,Petrol,Individual,Manual,First Owner,1197.0,81.86,44.46,5.0
Maruti Wagon R VXI BS IV,2015,8918.49,74564.5,Petrol,Individual,Manual,First Owner,998.0,67.04,48.24,5.0
Maruti Eeco 5 Seater AC BSIV,2014,7986.71,30462.7,Petrol,Individual,Manual,First Owner,1196.0,73.0,36.15,5.0
Tata Nano Twist XE,2015,2928.46,9320.6,Petrol,Individual,Manual,First Owner,624.0,37.5,59.74,4.0
Maruti Alto K10 LXI,2014,6389.37,55923.4,Petrol,Individual,Manual,Second Owner,998.0,67.05,56.33,5.0
Tata Tiago 1.2 Revotron XE,2016,7986.71,55923.4,Petrol,Individual,Manual,First Owner,1199.0,84.0,56.08,5.0
BMW 7 Series 730Ld,2010,53244.74,55923.4,Diesel,Individual,Automatic,Second Owner,2993.0,258.0,34.08,5.0
Tata Indica V2 DLE BSII,2007,1331.12,49709.7,Diesel,Individual,Manual,Third Owner,1396.0,53.5,40.46,5.0
Mahindra Scorpio 2.6 CRDe,2006,8252.93,55923.4,Diesel,Individual,Manual,Third Owner,2179.0,120.0,24.7,8.0
Maruti 800 AC,1997,798.64,49709.7,Petrol,Individual,Manual,Third Owner,796.0,37.0,37.87,4.0
Maruti Vitara Brezza LDi Option,2016,17038.32,43496.0,Diesel,Individual,Manual,First Owner,1248.0,88.5,57.16,5.0
Maruti Swift Dzire 1.2 Vxi BSIV,2012,9317.83,21748.0,Petrol,Individual,Manual,First Owner,1197.0,85.8,41.16,5.0
Maruti Swift Dzire VXI,2013,10249.61,74564.5,Petrol,Individual,Manual,First Owner,1197.0,85.8,44.93,5.0
Maruti Swift Dzire VDI,2013,10915.15,62137.1,Diesel,Individual,Manual,Second Owner,1248.0,74.0,55.04,5.0
Mahindra XUV500 AT W10 AWD,2016,34609.08,24854.8,Diesel,Individual,Automatic,First Owner,2179.0,140.0,37.63,7.0
Ford Fiesta 1.6 Duratec EXI,2009,5590.7,37282.3,Petrol,Individual,Manual,Third Owner,1596.0,101.0,35.99,5.0
Mahindra Scorpio SLX 2.6 Turbo 8 Str,2007,7986.71,68350.8,Diesel,Individual,Manual,First Owner,2179.0,120.0,24.7,7.0
Ford Figo Diesel ZXI,2011,4525.8,43496.0,Diesel,Individual,Manual,Second Owner,1399.0,68.0,47.04,5.0
Honda City i DTEC VX,2014,17304.54,86991.9,Diesel,Individual,Manual,First Owner,1498.0,98.6,59.04,5.0
Maruti Esteem AX,1997,3327.8,58408.9,Petrol,Individual,Automatic,Fourth & Above Owner,1298.0,85.0,37.4,5.0
Maruti Alto LXi,2012,3860.24,43496.0,Petrol,Individual,Manual,First Owner,796.0,46.3,46.34,5.0
Volkswagen Polo 2015-2019 1.5 TDI Highline Plus,2018,18129.83,16777.0,Diesel,Individual,Manual,First Owner,1498.0,88.0,47.37,5.0
Honda City i DTEC VX,2015,16905.2,107497.2,Diesel,Individual,Manual,First Owner,1498.0,98.6,59.04,5.0
Maruti Alto LXi BSIII,2010,3727.13,49709.7,Petrol,Individual,Manual,Second Owner,796.0,46.3,46.34,5.0
Honda City i DTec VX,2016,19966.78,53437.9,Diesel,Individual,Manual,Third Owner,1498.0,98.6,61.16,5.0
Honda City i DTEC V,2015,16266.27,49709.7,Diesel,Individual,Manual,Second Owner,1498.0,98.6,61.16,5.0
Maruti Alto LXi,2007,2928.46,74564.5,Petrol,Individual,Manual,Third Owner,796.0,46.3,46.34,5.0
Maruti Wagon R AX BSIII,2006,2662.24,62137.1,Petrol,Individual,Automatic,Second Owner,1061.0,64.0,37.63,5.0
Tata Indica Vista Quadrajet VX Tech,2014,5990.03,74564.5,Diesel,Individual,Manual,First Owner,1248.0,74.0,52.45,5.0
Hyundai Verna Transform CRDi VGT SX ABS,2010,6655.59,118060.5,Diesel,Individual,Manual,Third Owner,1493.0,110.0,38.1,5.0
Mahindra Scorpio EX,2011,10249.61,74564.5,Diesel,Individual,Manual,Second Owner,2523.0,75.0,32.93,8.0
Maruti Alto LXi,2012,3594.02,43496.0,Petrol,Individual,Manual,First Owner,796.0,46.3,46.34,5.0
Maruti Alto LX,2006,1730.45,62137.1,Petrol,Individual,Manual,Second Owner,796.0,46.3,46.34,5.0
Maruti Alto K10 VXI,2016,6921.82,74564.5,Petrol,Individual,Manual,First Owner,998.0,67.05,56.33,5.0
Maruti Swift Dzire VDI,2014,12379.4,74564.5,Diesel,Individual,Manual,Second Owner,1248.0,74.0,55.04,5.0
Mahindra KUV 100 mFALCON G80 K8 Dual Tone,2017,11447.62,12427.4,Petrol,Individual,Manual,Second Owner,1198.0,82.0,42.69,6.0
Hyundai i20 Asta,2009,5324.47,50331.1,Petrol,Individual,Manual,Fourth & Above Owner,1197.0,80.0,39.99,5.0
Chevrolet Beat LS,2011,3327.8,55923.4,Petrol,Individual,Manual,Second Owner,1199.0,79.4,43.75,5.0
Maruti 800 Std,2001,1198.01,37282.3,Petrol,Individual,Manual,Second Owner,796.0,37.0,37.87,4.0
Chevrolet Beat LS,2012,3301.17,24854.8,Petrol,Individual,Manual,Second Owner,1199.0,79.4,43.75,5.0
Tata Indica GLS BS IV,2007,2129.79,49709.7,Petrol,Individual,Manual,Third Owner,1193.0,65.3,35.99,5.0
Maruti Ertiga ZDI Plus,2019,27953.49,12427.4,Diesel,Individual,Manual,First Owner,1248.0,88.5,59.91,7.0
Chevrolet Sail 1.2 LS,2015,5324.47,31068.6,Petrol,Individual,Manual,First Owner,1199.0,82.4,42.81,5.0
Mahindra XUV500 AT W10 FWD,2015,29284.61,47845.6,Diesel,Individual,Automatic,Second Owner,2179.0,140.0,37.63,7.0
Mahindra XUV500 W6 2WD,2014,19966.78,31068.6,Diesel,Individual,Manual,First Owner,2179.0,140.0,35.52,7.0
Tata Tiago 1.2 Revotron XZ,2016,11314.51,8388.5,Petrol,Individual,Manual,First Owner,1199.0,84.0,56.08,5.0
Maruti Alto 800 LXI Optional,2016,7986.71,23612.1,Petrol,Individual,Manual,First Owner,796.0,47.3,58.1,5.0
Maruti Ertiga ZDI Plus,2019,31946.84,8699.2,Diesel,Individual,Manual,First Owner,1248.0,88.5,59.91,7.0
Honda Civic 1.8 V MT,2009,6389.37,43496.0,Petrol,Individual,Manual,First Owner,1799.0,130.0,31.75,5.0
Mahindra KUV 100 mFALCON D75 K8,2016,11980.07,34175.4,Diesel,Individual,Manual,Second Owner,1198.0,77.0,59.56,6.0
Maruti Wagon R LXI,2006,2129.79,93205.6,Petrol,Individual,Manual,Fourth & Above Owner,998.0,67.1,44.46,5.0
Mahindra Bolero 2011-2019 SLX 2WD BSIII,2013,13311.18,99419.4,Diesel,Individual,Manual,First Owner,2523.0,62.1,37.54,7.0
Chevrolet Sail Hatchback Diesel Base,2013,7853.6,31068.6,Diesel,Individual,Manual,First Owner,1248.0,76.9,51.98,5.0
Tata Indigo CS LE (TDI) BS-III,2008,2662.24,74564.5,Diesel,Individual,Manual,Third Owner,1396.0,69.0,44.9,5.0
Hyundai Verna 1.6 SX,2013,18635.66,47510.0,Diesel,Individual,Manual,First Owner,1582.0,126.32,52.5,5.0
Ford Figo Diesel Titanium,2011,4792.03,77671.4,Diesel,Individual,Manual,Second Owner,1399.0,68.0,47.04,5.0
Mahindra Verito 1.5 D2 BSIII,2012,5990.03,68350.8,Diesel,Individual,Manual,Second Owner,1461.0,65.0,48.92,5.0
Hyundai EON Era Plus,2017,8252.93,15534.3,Petrol,Individual,Manual,First Owner,814.0,55.2,49.63,5.0
Honda City i DTEC SV,2015,16638.98,18641.1,Diesel,Individual,Manual,First Owner,1498.0,98.6,61.16,5.0
Hyundai i10 Era,2013,6522.48,68350.8,Petrol,Individual,Manual,Second Owner,1086.0,68.05,46.6,5.0
Maruti Zen Estilo VXI BSIV,2010,4259.58,124274.2,Petrol,Individual,Manual,First Owner,998.0,67.1,44.69,5.0
Hyundai EON Era Plus,2014,6655.59,49709.7,Petrol,Individual,Manual,First Owner,814.0,55.2,49.63,5.0
Honda Amaze E i-Dtech,2014,11980.07,47224.2,Diesel,Individual,Manual,First Owner,1498.0,98.6,60.69,5.0
Tata Indica V2 DLS,2007,2262.9,93205.6,Diesel,Individual,Manual,Second Owner,1396.0,53.5,40.46,5.0
Toyota Innova Crysta 2.4 VX MT BSIV,2018,51594.15,21748.0,Diesel,Individual,Manual,First Owner,2393.0,147.8,32.18,7.0
Hyundai i20 2015-2017 Magna 1.2,2016,14642.3,24854.8,Petrol,Individual,Manual,First Owner,1197.0,81.83,43.75,5.0
Ford EcoSport 1.5 TDCi Trend Plus BSIV,2015,14668.93,68350.8,Diesel,Individual,Manual,First Owner,1498.0,98.59,53.56,5.0
Hyundai Xcent 1.2 VTVT E,2019,13311.18,37282.3,Petrol,Individual,Manual,First Owner,1197.0,81.86,47.37,5.0
Honda Amaze S i-VTEC,2018,15574.09,9320.6,Petrol,Individual,Manual,First Owner,1198.0,86.7,41.87,5.0
Hyundai Accent Executive,2013,4579.05,74564.5,Petrol,Individual,Manual,First Owner,1495.0,93.7,38.48,5.0
Hyundai Verna 1.6 SX,2012,9584.05,62137.1,Diesel,Individual,Manual,Second Owner,1582.0,126.32,52.5,5.0
Tata Tiago 1.05 Revotorq XT Option,2017,9317.83,14912.9,Diesel,Individual,Manual,Second Owner,1047.0,69.0,64.17,5.0
Ford EcoSport 1.5 Diesel Trend Plus BSIV,2018,18635.66,32932.7,Diesel,Individual,Manual,First Owner,1498.0,98.96,54.1,5.0
Maruti Alto LXi,2011,3940.11,24854.8,Petrol,Individual,Manual,Third Owner,796.0,46.3,46.34,5.0
Skoda Octavia Ambiente 1.9 TDI MT,2007,2928.46,74564.5,Diesel,Individual,Manual,Second Owner,1896.0,66.0,43.99,5.0
Maruti Swift VDI Windsong Limited edition,2015,11980.07,62137.1,Diesel,Individual,Manual,First Owner,1248.0,73.94,59.27,5.0
Chevrolet Captiva LT,2009,6921.82,49709.7,Diesel,Individual,Manual,Second Owner,1991.0,147.9,27.05,7.0
Hyundai i10 Sportz,2011,5324.47,56544.8,Petrol,Individual,Manual,Second Owner,1197.0,78.9,47.89,5.0
Mahindra Scorpio SLE BSIII,2013,14642.3,49709.7,Diesel,Individual,Manual,Second Owner,2179.0,120.0,28.34,8.0
Maruti Ritz LDi,2013,6522.48,49709.7,Diesel,Individual,Manual,First Owner,1248.0,73.94,54.57,5.0
Hyundai Elantra CRDi SX,2013,16372.76,74564.5,Diesel,Individual,Manual,First Owner,1582.0,126.24,53.39,5.0
Skoda Superb Elegance 2.0 TDI CR AT,2013,15973.42,55923.4,Diesel,Individual,Automatic,First Owner,1968.0,138.1,40.46,5.0
Volkswagen Passat 1.8 TSI MT,2010,7986.71,74564.5,Petrol,Individual,Manual,Second Owner,1798.0,160.0,33.64,5.0
Ford Figo 1.5D Trend MT,2016,10648.95,28096.5,Diesel,Dealer,Manual,First Owner,1498.0,99.0,60.76,5.0
Hyundai Creta 1.6 CRDi AT SX Plus,2017,26622.37,37282.3,Diesel,Individual,Automatic,Second Owner,1582.0,126.2,40.01,5.0
Hyundai Sonata 2.4 GDi MT,2012,13976.74,43496.0,Petrol,Individual,Manual,Second Owner,2359.0,198.25,31.61,5.0
Fiat Grande Punto 1.3 Emotion (Diesel),2013,7986.71,82642.3,Diesel,Individual,Manual,First Owner,1248.0,75.0,47.75,5.0
Fiat Grande Punto 1.3 Emotion (Diesel),2011,5856.92,72700.4,Diesel,Individual,Manual,Second Owner,1248.0,75.0,47.75,5.0
Mahindra XUV500 W8 4WD,2015,22629.01,107497.2,Diesel,Individual,Manual,First Owner,2179.0,140.0,37.63,7.0
Honda City 1.5 V MT,2011,13311.18,21748.0,Petrol,Individual,Manual,First Owner,1497.0,118.0,39.99,5.0
Hyundai Accent GLE,2003,1570.72,43496.0,Petrol,Individual,Manual,Second Owner,1495.0,94.0,31.05,5.0
Maruti Alto LX,2011,3460.91,37282.3,Petrol,Individual,Manual,Third Owner,796.0,46.3,46.34,5.0
Volkswagen Polo 1.2 MPI Comfortline,2016,9983.39,74564.5,Petrol,Individual,Manual,Second Owner,1199.0,74.0,38.1,5.0
Volkswagen Polo Diesel Trendline 1.2L,2011,5856.92,138130.8,Diesel,Individual,Manual,First Owner,1199.0,73.9,51.91,5.0
Toyota Innova 2.5 EV (Diesel) PS 7 Seater BS IV,2013,16638.98,62137.1,Diesel,Individual,Manual,Second Owner,2494.0,100.57,30.55,7.0
Maruti Ritz LDi,2013,7853.6,74564.5,Diesel,Individual,Manual,First Owner,1248.0,73.94,54.57,5.0
Hyundai Sonata 2.4 GDi MT,2012,13311.18,205052.4,Petrol,Individual,Manual,Second Owner,2359.0,198.25,31.61,5.0
Maruti Swift VVT VXI,2017,13577.38,12427.4,Petrol,Individual,Manual,First Owner,1197.0,81.8,51.75,5.0
Hyundai Grand i10 Sportz,2016,9850.28,18641.1,Petrol,Individual,Manual,Second Owner,1197.0,82.0,44.46,5.0
Mahindra Quanto C8,2012,7986.71,130487.9,Diesel,Individual,Manual,First Owner,1493.0,100.0,40.48,7.0
Hyundai i10 Sportz 1.1L,2015,9317.83,12427.4,Petrol,Individual,Manual,First Owner,1086.0,68.05,46.6,5.0
Renault KWID 1.0 RXT Optional,2018,10515.84,12427.4,Petrol,Individual,Manual,First Owner,999.0,67.0,54.12,5.0
Toyota Innova 2.5 G (Diesel) 8 Seater,2015,22629.01,62137.1,Diesel,Individual,Manual,First Owner,2494.0,100.6,30.55,8.0
Toyota Innova 2.5 VX (Diesel) 7 Seater,2015,30615.73,24854.8,Diesel,Individual,Manual,First Owner,2494.0,100.6,30.55,7.0
Jaguar XF 3.0 Litre S Premium Luxury,2016,93178.29,21748.0,Diesel,Individual,Automatic,First Owner,2993.0,270.9,34.67,5.0
Volkswagen Vento Diesel Highline,2012,7454.26,74564.5,Diesel,Individual,Manual,Second Owner,1598.0,103.6,48.31,5.0
Mahindra TUV 300 T10,2018,20632.34,31068.6,Diesel,Individual,Manual,Second Owner,1493.0,100.0,43.49,7.0
Hyundai Verna 1.6 SX,2012,11181.4,62137.1,Diesel,Individual,Manual,Second Owner,1582.0,126.32,52.5,5.0
Honda City 1.5 V MT Exclusive,2010,8252.93,56544.8,Petrol,Individual,Manual,Second Owner,1497.0,118.0,39.99,5.0
Jeep Compass 2.0 Longitude Option BSIV,2017,41264.67,31068.6,Diesel,Individual,Manual,First Owner,1956.0,170.0,40.22,5.0
Fiat Linea 1.3 Multijet Active,2015,9983.39,41631.9,Diesel,Individual,Manual,First Owner,1248.0,91.7,47.98,5.0
Hyundai Grand i10 Sportz,2015,13311.18,24854.8,Petrol,Individual,Manual,First Owner,1197.0,82.0,44.46,5.0
Maruti Ritz ZDi,2013,7986.71,62137.1,Diesel,Individual,Manual,Second Owner,1248.0,73.94,54.57,5.0
Honda City 2017-2020 GXi,2008,4126.47,74564.5,Petrol,Individual,Manual,Second Owner,1497.0,78.0,41.63,5.0
Maruti Swift Dzire LDI,2013,9317.83,114953.6,Diesel,Individual,Manual,First Owner,1248.0,74.0,55.04,5.0
Mahindra XUV500 AT W6 2WD,2016,25291.25,46602.8,Diesel,Individual,Automatic,Third Owner,2179.0,140.0,37.63,7.0
Hyundai Grand i10 CRDi Magna,2015,9317.83,49709.7,Diesel,Individual,Manual,Third Owner,1120.0,70.0,56.45,5.0
Isuzu D-Max V-Cross Z Prestige,2019,50582.5,18641.1,Diesel,Individual,Automatic,First Owner,1999.0,147.9,29.17,5.0
Tata Nexon 1.2 Revotron XM,2020,14296.21,3106.9,Petrol,Individual,Manual,First Owner,1198.0,108.5,39.99,5.0
Volkswagen Polo 2015-2019 1.0 MPI Comfortline,2019,15574.09,6213.7,Petrol,Individual,Manual,First Owner,999.0,75.0,44.17,5.0
Maruti Ertiga VDI,2012,9317.83,86991.9,Diesel,Individual,Manual,First Owner,1248.0,88.76,48.85,7.0
Hyundai Elite i20 Sportz Plus BSIV,2019,18635.66,11806.0,Petrol,Individual,Manual,First Owner,1197.0,81.86,43.75,5.0
Maruti Ertiga SHVS VDI,2017,22602.39,27713.1,Diesel,Dealer,Manual,First Owner,1248.0,88.5,57.67,7.0
Hyundai i20 Magna 1.2,2014,12911.82,17895.5,Petrol,Dealer,Manual,First Owner,1197.0,81.83,43.75,5.0
Renault KWID RXT,2018,9584.05,13608.0,Petrol,Dealer,Manual,First Owner,799.0,53.26,48.71,5.0
Honda City i DTEC S,2014,14642.3,68350.8,Diesel,Individual,Manual,Second Owner,1498.0,98.6,61.16,5.0
Hyundai i20 Asta 1.4 CRDi,2016,18635.66,62137.1,Diesel,Individual,Manual,First Owner,1396.0,88.73,53.02,5.0
Maruti Swift Dzire AMT VDI,2019,21963.46,4767.8,Diesel,Individual,Automatic,First Owner,1248.0,74.02,66.8,5.0
Maruti Wagon R LXI Minor,2008,3061.55,62137.1,Petrol,Individual,Manual,Second Owner,1061.0,67.0,44.46,5.0
Tata Manza Aqua Safire,2009,3993.36,46602.8,Petrol,Individual,Manual,Second Owner,1368.0,90.0,35.28,5.0
Maruti Swift Dzire AMT ZDI Plus,2018,22655.64,31068.6,Diesel,Individual,Automatic,First Owner,1248.0,74.02,66.8,5.0
Hyundai Verna 1.4 VTVT,2014,14642.3,24854.8,Petrol,Individual,Manual,First Owner,1396.0,105.5,41.0,5.0
Maruti Ertiga SHVS VDI,2016,23693.91,24854.8,Diesel,Individual,Manual,First Owner,1248.0,88.5,57.67,7.0
Hyundai i20 1.2 Magna,2012,7054.93,62137.1,Petrol,Individual,Manual,Second Owner,1197.0,80.0,43.51,5.0
Mahindra Scorpio 1.99 S10,2014,23960.13,68350.8,Diesel,Individual,Manual,First Owner,1997.0,120.0,36.22,7.0
Chevrolet Beat Diesel LS,2013,5590.7,59820.6,Diesel,Individual,Manual,First Owner,936.0,57.6,59.84,5.0
BMW 3 Series 320d Prestige,2015,43926.91,45981.5,Diesel,Individual,Automatic,First Owner,1995.0,184.0,44.41,5.0
Toyota Innova 2.5 EV Diesel MS 7 Str BSIII,2011,19966.78,104390.3,Diesel,Individual,Manual,Second Owner,2494.0,102.0,30.11,7.0
Maruti Wagon R VXI BS IV,2015,10648.95,13980.8,Petrol,Individual,Manual,First Owner,998.0,67.04,48.24,5.0
Maruti Vitara Brezza ZDi AMT,2020,24625.69,4598.1,Diesel,Individual,Automatic,First Owner,1248.0,88.5,57.16,5.0
Maruti Swift Dzire VXi,2011,7321.15,43496.0,Petrol,Individual,Manual,Third Owner,1298.0,85.8,41.16,5.0
Maruti Wagon R LXI Minor,2009,4658.91,41631.9,Petrol,Individual,Manual,First Owner,1061.0,67.0,44.46,5.0
Ford Fusion 1.4 TDCi Diesel,2009,4126.47,68350.8,Diesel,Individual,Manual,Third Owner,1399.0,68.0,41.63,5.0
Maruti SX4 VDI,2012,8652.27,108739.9,Diesel,Individual,Manual,Second Owner,1248.0,88.8,50.57,5.0
Tata Indica V2 DiCOR DLG BS-III,2008,1331.12,74564.5,Diesel,Individual,Manual,Third Owner,1396.0,70.0,41.16,5.0
Hyundai Verna 1.6 SX CRDi (O),2014,17171.43,93429.3,Diesel,Individual,Manual,First Owner,1582.0,126.32,52.5,5.0
Tata Tigor 1.05 Revotorq XZ,2017,15893.55,9320.6,Diesel,Individual,Manual,First Owner,1047.0,69.0,58.1,5.0
Renault KWID AMT,2018,10648.95,18641.1,Petrol,Individual,Automatic,Second Owner,999.0,67.0,56.55,5.0
Maruti Swift Vdi BSIII,2009,7986.71,93205.6,Diesel,Individual,Manual,First Owner,1248.0,75.0,41.87,5.0
Maruti Swift VDI BSIV,2015,15254.62,62137.1,Diesel,Individual,Manual,Second Owner,1248.0,74.0,59.27,5.0
Maruti Alto K10 LXI,2011,4792.03,43496.0,Petrol,Individual,Manual,First Owner,998.0,67.1,49.21,5.0
Tata Nano Lx,2011,1863.57,24854.8,Petrol,Individual,Manual,First Owner,624.0,35.0,61.16,4.0
Toyota Innova 2.5 G (Diesel) 8 Seater BS IV,2008,13311.18,95691.1,Diesel,Individual,Manual,Third Owner,2494.0,102.0,30.11,8.0
Hyundai Accent GLS 1.6 ABS,2004,2928.46,68350.8,Petrol,Individual,Manual,Second Owner,1599.0,94.0,33.87,5.0
Maruti Ertiga VDI,2013,11980.07,74564.5,Diesel,Individual,Manual,Second Owner,1248.0,88.76,48.85,7.0
Tata Sumo Gold GX,2013,8252.93,90098.8,Diesel,Individual,Manual,First Owner,2956.0,83.83,35.99,7.0
Mahindra KUV 100 D75 K8,2017,10648.95,18641.1,Diesel,Individual,Manual,First Owner,1198.0,77.0,59.56,6.0
Maruti Swift ZDi,2014,10382.72,55923.4,Diesel,Individual,Manual,Second Owner,1248.0,74.0,53.86,5.0
Maruti Alto LXi,2011,3247.93,68350.8,Petrol,Individual,Manual,Fourth & Above Owner,796.0,46.3,46.34,5.0
Mahindra Scorpio 1.99 S4,2016,19727.18,43496.0,Diesel,Individual,Manual,First Owner,1997.0,120.0,36.22,7.0
Hyundai i20 1.4 CRDi Sportz,2012,8785.38,24854.8,Diesel,Individual,Manual,Second Owner,1396.0,90.0,54.1,5.0
Mahindra Scorpio SLE BSIV,2010,7986.71,103147.6,Diesel,Individual,Manual,Third Owner,2179.0,120.0,28.34,8.0
Hyundai i10 Sportz,2011,5723.81,62137.1,Petrol,Individual,Manual,Third Owner,1197.0,78.9,47.89,5.0
Maruti Wagon R LXI Minor,2009,3993.36,46602.8,Petrol,Individual,Manual,Third Owner,1061.0,67.0,44.46,5.0
Hyundai EON Era,2013,6655.59,26178.4,Petrol,Individual,Manual,First Owner,814.0,55.2,49.63,5.0
Maruti Ritz LXI,2010,4792.03,32932.7,Petrol,Individual,Manual,Second Owner,1197.0,85.8,49.63,5.0
Maruti Zen LXI,2006,3993.36,65865.3,Petrol,Individual,Manual,Second Owner,993.0,60.0,40.69,5.0
Toyota Corolla DX,2005,7321.15,59651.6,Petrol,Individual,Manual,Second Owner,1794.0,125.0,31.52,5.0
Maruti Baleno Sigma,2019,14802.04,6213.7,Petrol,Individual,Manual,First Owner,1197.0,81.8,49.42,5.0
Maruti Swift Dzire VXI Optional,2016,14642.3,22990.7,Petrol,Individual,Manual,First Owner,1197.0,83.14,49.04,5.0
Mahindra XUV500 AT W9 2WD,2018,39933.55,12427.4,Diesel,Individual,Automatic,First Owner,2179.0,138.0,37.63,7.0
Toyota Etios Liva 1.2 V Dual Tone,2017,14615.68,21748.0,Petrol,Individual,Manual,First Owner,1197.0,78.9,41.66,5.0
Hyundai i20 2015-2017 Asta 1.2,2016,16772.09,31068.6,Petrol,Individual,Manual,First Owner,1197.0,81.83,43.75,5.0
Hyundai Creta 1.6 CRDi SX,2017,29950.17,29204.4,Diesel,Individual,Manual,Second Owner,1582.0,126.2,46.27,5.0
Maruti Baleno Alpha 1.3,2017,18103.21,44117.3,Diesel,Individual,Manual,First Owner,1248.0,74.0,64.43,5.0
Honda City i-DTEC ZX,2017,27953.49,31068.6,Diesel,Individual,Manual,First Owner,1498.0,97.9,60.22,5.0
Tata Zest Quadrajet 1.3 XMS,2015,11980.07,35418.1,Diesel,Individual,Manual,First Owner,1248.0,88.7,54.1,5.0
Maruti Wagon R VXI BS IV,2010,5590.7,26719.0,Petrol,Individual,Manual,First Owner,998.0,67.1,44.46,5.0
Maruti Swift Dzire VDI,2014,12512.51,37282.3,Diesel,Individual,Manual,First Owner,1248.0,74.0,55.04,5.0
Maruti Swift Dzire VXI,2014,12512.51,37282.3,Petrol,Individual,Manual,First Owner,1197.0,85.8,44.93,5.0
Hyundai i20 Asta 1.4 CRDi,2015,14642.3,24854.8,Diesel,Individual,Manual,First Owner,1396.0,88.73,53.02,5.0
Maruti A-Star Vxi,2011,5457.56,37282.3,Petrol,Individual,Manual,First Owner,998.0,66.1,44.69,5.0
Honda City i VTEC CVT VX,2015,25291.25,18641.1,Petrol,Individual,Automatic,First Owner,1497.0,117.3,42.34,5.0
Hyundai i20 Asta Option 1.4 CRDi,2015,14642.3,99419.4,Diesel,Individual,Manual,Second Owner,1396.0,88.73,53.02,5.0
Toyota Innova 2.5 E Diesel PS 7-Seater,2007,7188.04,91652.2,Diesel,Individual,Manual,Second Owner,2494.0,102.0,30.11,7.0
Volkswagen Polo Diesel Trendline 1.2L,2013,7454.26,55923.4,Diesel,Individual,Manual,Third Owner,1199.0,73.9,51.91,5.0
Maruti Ciaz ZDi Plus SHVS,2015,16772.09,43496.0,Diesel,Individual,Manual,Second Owner,1248.0,88.5,66.07,5.0
Honda City 2017-2020 EXi,2007,5856.92,43496.0,Petrol,Individual,Manual,First Owner,1497.0,78.0,41.63,5.0
Mahindra Xylo D4,2014,8519.16,74564.5,Diesel,Individual,Manual,First Owner,2489.0,93.7,35.16,7.0
Hyundai EON Era Plus,2013,5990.03,46602.8,Petrol,Individual,Manual,Second Owner,814.0,55.2,49.63,5.0
Honda City 1.5 V MT,2010,10116.5,52816.5,Petrol,Individual,Manual,Second Owner,1497.0,118.0,39.99,5.0
Maruti Swift Dzire VDi,2012,10116.5,43496.0,Diesel,Individual,Manual,Third Owner,1248.0,73.9,45.4,5.0
Volkswagen Ameo 1.5 TDI Highline 16 Alloy,2017,15973.42,18019.8,Diesel,Individual,Manual,First Owner,1498.0,108.495,51.75,5.0
Ford Endeavour 2.5L 4X2 MT,2014,16505.87,24854.8,Diesel,Individual,Manual,Second Owner,2499.0,141.0,30.81,7.0
Hyundai Verna SX CRDi AT,2012,13311.18,55923.4,Diesel,Individual,Automatic,First Owner,1582.0,126.32,44.88,5.0
Mahindra TUV 300 T8 AMT,2015,18635.66,24854.8,Diesel,Individual,Automatic,First Owner,1493.0,100.0,43.49,7.0
Ford EcoSport 1.5 TDCi Titanium Plus BSIV,2015,14642.3,85749.2,Diesel,Individual,Manual,First Owner,1498.0,98.59,53.56,5.0
Maruti Swift VDI Optional,2016,15973.42,43496.0,Diesel,Individual,Manual,First Owner,1248.0,74.0,59.27,5.0
Volkswagen Ameo 1.0 MPI Comfortline,2019,14642.3,18641.1,Petrol,Individual,Manual,Second Owner,999.0,75.0,45.73,5.0
Hyundai Verna 1.6 CRDI,2013,12645.63,77671.4,Diesel,Individual,Manual,Third Owner,1582.0,126.3,52.5,5.0
Honda City i DTEC S,2015,16372.76,74564.5,Diesel,Individual,Manual,Second Owner,1498.0,98.6,61.16,5.0
Maruti Swift Dzire LDI,2013,10249.61,111846.8,Diesel,Individual,Manual,Second Owner,1248.0,74.0,55.04,5.0
Tata Zest Revotron 1.2T XMS,2015,13311.18,12427.4,Petrol,Individual,Manual,First Owner,1193.0,88.7,41.33,5.0
Renault Duster 85PS Diesel RxL Option,2012,11980.07,49709.7,Diesel,Individual,Manual,First Owner,1461.0,83.8,46.74,5.0
Toyota Innova 2.5 Z Diesel 7 Seater,2014,25823.67,68350.8,Diesel,Individual,Manual,Second Owner,2494.0,100.6,30.55,7.0
Hyundai Verna 1.6 SX CRDi (O),2013,15440.97,49709.7,Diesel,Individual,Manual,Second Owner,1582.0,126.32,52.5,5.0
Toyota Platinum Etios 1.4 GXD,2017,14642.3,24854.8,Diesel,Individual,Manual,First Owner,1364.0,67.05,55.49,5.0
Honda WR-V i-VTEC S,2018,20765.45,18641.1,Petrol,Individual,Manual,First Owner,1199.0,88.7,41.16,5.0
Ford Fiesta 1.5 TDCi Titanium,2014,13311.18,49709.7,Diesel,Individual,Manual,First Owner,1498.0,89.75,58.83,5.0
Skoda Laura Ambiente 2.0 TDI CR MT,2011,7188.04,86991.9,Diesel,Individual,Manual,Second Owner,1968.0,108.5,47.04,5.0
Maruti Alto K10 VXI,2017,8918.49,15534.3,Petrol,Individual,Manual,First Owner,998.0,67.05,56.33,5.0
Maruti Swift Dzire VDI,2017,20099.89,12427.4,Diesel,Individual,Manual,First Owner,1248.0,74.02,66.8,5.0
Hyundai EON Magna Plus,2017,9051.61,18641.1,Petrol,Individual,Manual,First Owner,814.0,55.2,49.63,5.0
Mercedes-Benz E-Class E350 Petrol,2009,26622.37,49709.7,Petrol,Individual,Automatic,Third Owner,3498.0,272.0,25.71,5.0
Hyundai Creta 1.6 CRDi SX,2018,32931.87,28583.1,Diesel,Individual,Manual,First Owner,1582.0,126.2,46.27,5.0
Volkswagen Polo Diesel Highline 1.2L,2013,9317.83,43496.0,Diesel,Individual,Manual,Second Owner,1199.0,73.9,51.91,5.0
Maruti 800 Std,2000,825.29,34917.3,Petrol,Individual,Manual,Fourth & Above Owner,796.0,37.0,37.87,4.0
Maruti Swift ZXI Plus,2018,18502.55,24854.8,Petrol,Individual,Manual,First Owner,1197.0,81.8,51.75,5.0
Maruti Alto 800 VXI,2015,7188.04,24854.8,Petrol,Individual,Manual,First Owner,796.0,47.3,53.49,5.0
Maruti Ertiga SHVS VDI,2016,21031.67,74564.5,Diesel,Individual,Manual,First Owner,1248.0,88.5,57.67,7.0
Maruti Swift VDI Optional,2016,15707.2,74564.5,Diesel,Individual,Manual,First Owner,1248.0,74.0,59.27,5.0
Maruti Swift Dzire AMT VXI,2017,16905.2,74564.5,Petrol,Individual,Automatic,First Owner,1197.0,81.8,49.89,5.0
Mahindra Bolero 2011-2019 ZLX,2015,14376.08,68350.8,Diesel,Individual,Manual,Second Owner,2523.0,62.1,37.54,7.0
Renault Pulse RxZ,2012,7054.93,41631.9,Diesel,Individual,Manual,Second Owner,1461.0,63.12,54.29,5.0
Maruti Swift Dzire ZDI,2014,15973.42,31068.6,Diesel,Individual,Manual,First Owner,1248.0,74.0,55.04,5.0
Hyundai Verna 1.6 CRDI,2012,10915.15,62137.1,Diesel,Individual,Manual,Second Owner,1582.0,126.3,52.5,5.0
Toyota Etios GD,2015,13976.74,49709.7,Diesel,Individual,Manual,Second Owner,1364.0,67.05,55.49,5.0
Ford Figo Diesel EXI Option,2011,3993.36,31068.6,Diesel,Individual,Manual,First Owner,1399.0,68.0,43.51,5.0
Maruti Esteem Lxi - BSIII,2007,1464.23,43496.0,Petrol,Individual,Manual,Third Owner,1298.0,85.0,37.4,5.0
Maruti Omni 5 Seater BSIV,2011,3460.91,43496.0,Petrol,Individual,Manual,Second Owner,796.0,35.0,32.93,5.0
Maruti Vitara Brezza ZDi Plus Dual Tone,2017,24625.69,31068.6,Diesel,Individual,Manual,First Owner,1248.0,88.5,57.16,5.0
Renault Lodgy 85PS RxE 7 Seater,2017,18369.44,40389.1,Diesel,Individual,Manual,Second Owner,1461.0,83.8,49.49,7.0
Maruti Ertiga VDI,2012,14908.53,124274.2,Diesel,Individual,Manual,Second Owner,1248.0,88.76,48.85,7.0
Maruti Ciaz Zeta Diesel,2018,25291.25,4660.3,Diesel,Individual,Manual,First Owner,1248.0,88.5,66.07,5.0
Renault Lodgy 85PS RxE 7 Seater,2017,18502.55,40389.1,Diesel,Individual,Manual,Second Owner,1461.0,83.8,49.49,7.0
Maruti Swift VXI,2013,11980.07,21748.0,Petrol,Individual,Manual,Second Owner,1197.0,85.8,43.75,5.0
BMW 5 Series 530d,2013,53244.74,37282.3,Diesel,Individual,Automatic,First Owner,2993.0,235.0,38.1,5.0
Maruti Swift VXi BSIV,2009,6123.12,44117.3,Petrol,Individual,Manual,First Owner,1197.0,85.0,37.87,5.0
Maruti Alto K10 LXI,2017,7986.71,18641.1,Petrol,Individual,Manual,First Owner,998.0,67.05,56.33,5.0
Maruti Alto LXi,2012,5324.47,31068.6,Petrol,Individual,Manual,Second Owner,796.0,46.3,46.34,5.0
Mercedes-Benz New C-Class C 220 CDI Elegance AT,2008,19301.22,49709.7,Diesel,Individual,Automatic,Second Owner,2143.0,170.0,34.91,5.0
Nissan Micra XV,2011,6256.26,55923.4,Petrol,Individual,Manual,Second Owner,1198.0,75.0,42.48,5.0
Hyundai i20 2015-2017 Sportz 1.2,2017,17730.5,8077.8,Petrol,Individual,Manual,First Owner,1197.0,81.83,43.75,5.0
Maruti 800 AC,2000,1730.45,62137.1,Petrol,Individual,Manual,Third Owner,796.0,37.0,37.87,4.0
Honda WR-V i-DTEC VX,2018,22203.06,18641.1,Diesel,Individual,Manual,First Owner,1498.0,98.6,59.98,5.0
Mahindra Bolero 2011-2019 SLX,2012,11447.62,74564.5,Diesel,Individual,Manual,First Owner,2523.0,62.1,37.54,7.0
Maruti Swift Vdi BSIII,2010,9584.05,74564.5,Diesel,Individual,Manual,Second Owner,1248.0,75.0,41.87,5.0
Hyundai EON Era Plus,2014,6389.37,43496.0,Petrol,Individual,Manual,First Owner,814.0,55.2,49.63,5.0
Maruti Swift VDI Deca,2016,5590.7,130487.9,Diesel,Individual,Manual,First Owner,1248.0,74.0,59.27,5.0
Tata Indigo eCS LE TDI BSIII,2010,3594.02,91962.9,Diesel,Individual,Manual,Second Owner,1396.0,69.0,44.9,5.0
Mahindra TUV 300 T6 Plus,2017,18635.66,33670.9,Diesel,Individual,Manual,First Owner,1493.0,100.0,43.49,7.0
Mahindra TUV 300 T6 Plus,2017,19966.78,37282.3,Diesel,Individual,Manual,First Owner,1493.0,100.0,43.49,7.0
Skoda Rapid 1.6 TDI Elegance,2012,11314.51,55923.4,Diesel,Individual,Manual,First Owner,1598.0,103.5,48.22,5.0
Chevrolet Beat LT,2011,3993.36,62137.1,Petrol,Individual,Manual,Third Owner,1199.0,79.4,43.75,5.0
Hyundai EON D Lite Plus,2014,5723.81,24854.8,Petrol,Individual,Manual,First Owner,814.0,55.2,49.63,5.0
Datsun GO T BSIV,2014,5990.03,21748.0,Petrol,Individual,Manual,First Owner,1198.0,67.0,48.52,5.0
Renault KWID Climber 1.0 MT,2017,8785.38,12427.4,Petrol,Individual,Manual,First Owner,999.0,67.0,54.12,5.0
Hyundai Grand i10 AT Sportz,2014,9956.77,33580.8,Petrol,Dealer,Automatic,First Owner,1197.0,81.86,44.46,5.0
Hyundai Verna 1.6 SX CRDI (O) AT,2012,14615.68,41418.7,Diesel,Dealer,Automatic,First Owner,1582.0,126.32,52.5,5.0
Tata Indigo CS LS (TDI) BS-III,2016,10382.72,26097.6,Diesel,Individual,Manual,Second Owner,1405.0,69.01,44.9,5.0
Hyundai i20 Asta Optional with Sunroof 1.2,2013,12139.77,22109.6,Petrol,Dealer,Manual,First Owner,1197.0,82.85,43.51,5.0
Volkswagen Polo GT TSI,2013,12059.93,33757.2,Petrol,Dealer,Automatic,Second Owner,1197.0,103.6,40.46,5.0
Volkswagen Ameo 1.2 MPI Highline,2016,15414.35,4939.3,Petrol,Dealer,Manual,First Owner,1198.0,73.75,39.99,5.0
Hyundai i10 Sportz 1.2 AT,2010,6868.57,37117.0,Petrol,Dealer,Automatic,First Owner,1197.0,78.9,39.87,5.0
Honda City S,2012,11394.37,30562.1,Petrol,Dealer,Manual,First Owner,1497.0,116.4,39.52,5.0
Hyundai i10 Magna,2011,6975.06,35038.5,Petrol,Dealer,Manual,First Owner,1197.0,78.9,47.89,5.0
Volkswagen Polo Petrol Highline 1.2L,2013,10356.1,36191.8,Petrol,Dealer,Manual,First Owner,1198.0,73.9,38.74,5.0
Nissan Micra XL Optional,2015,9211.34,22631.6,Petrol,Dealer,Manual,First Owner,1198.0,75.0,43.37,5.0
Honda Jazz Basic,2011,9024.98,26430.0,Petrol,Dealer,Manual,First Owner,1198.0,88.8,39.28,5.0
Hyundai i10 Sportz AT,2011,7241.28,25312.2,Petrol,Dealer,Automatic,First Owner,1197.0,78.9,39.87,5.0
Maruti Swift VXI,2012,9823.65,34949.6,Petrol,Dealer,Manual,First Owner,1197.0,85.8,43.75,5.0
Maruti Swift LXI,2011,7374.4,34425.8,Petrol,Dealer,Manual,First Owner,1197.0,85.8,43.75,5.0
Tata Tigor 1.2 Revotron XZ,2018,14242.97,18641.1,Petrol,Individual,Manual,First Owner,1199.0,84.0,47.75,5.0
Maruti Alto K10 VXI,2015,7054.93,41631.9,Petrol,Individual,Manual,First Owner,998.0,67.05,56.33,5.0
Hyundai Verna 1.6 VTVT,2013,10648.95,43496.0,Petrol,Individual,Manual,First Owner,1591.0,121.3,40.01,5.0
Hyundai Grand i10 CRDi Asta,2014,12246.26,55923.4,Diesel,Individual,Manual,Second Owner,1120.0,70.0,56.45,5.0
Hyundai Elite i20 Petrol Sportz,2019,17757.12,4660.3,Petrol,Individual,Manual,First Owner,1197.0,81.86,43.75,5.0
Tata New Safari DICOR 2.2 EX 4x2,2011,7986.71,49709.7,Diesel,Individual,Manual,Second Owner,2179.0,138.1,27.21,7.0
Tata Indigo CR4,2012,6123.12,115575.0,Diesel,Individual,Manual,First Owner,1396.0,70.0,55.44,5.0
Tata Indica V2 eLS,2016,5324.47,68350.8,Diesel,Individual,Manual,Second Owner,1396.0,69.0,58.8,5.0
Ford Fiesta 1.4 TDCi EXI,2005,3993.36,74564.5,Diesel,Individual,Manual,Third Owner,1399.0,68.0,41.87,5.0
Ford Fiesta Classic 1.4 Duratorq CLXI,2012,7454.26,65466.4,Diesel,Individual,Manual,Third Owner,1399.0,67.0,41.87,5.0
Hyundai i20 Sportz Option 1.2,2014,15707.2,43496.0,Petrol,Individual,Manual,Second Owner,1197.0,81.83,43.75,5.0
Hyundai i10 Era,2010,3780.38,30571.5,Petrol,Individual,Manual,Second Owner,1086.0,68.05,46.6,5.0
Honda City i-VTEC VX,2017,22629.01,24854.8,Petrol,Individual,Manual,First Owner,1497.0,117.6,40.93,5.0
Honda Mobilio V i DTEC,2014,15973.42,24854.8,Diesel,Individual,Manual,Second Owner,1498.0,98.6,56.92,7.0
Mahindra TUV 300 T8,2017,18635.66,24854.8,Diesel,Individual,Manual,First Owner,1493.0,100.0,43.49,7.0
Chevrolet Beat LS,2013,5324.47,43496.0,Petrol,Individual,Manual,First Owner,1199.0,79.4,43.75,5.0
Hyundai Creta 1.6 CRDi SX,2016,23960.13,68350.8,Diesel,Individual,Manual,First Owner,1582.0,126.2,46.27,5.0
Maruti Alto K10 VXI,2014,5856.92,62137.1,Petrol,Individual,Manual,First Owner,998.0,67.05,56.33,5.0
Hyundai Grand i10 1.2 Kappa Sportz AT,2018,17304.54,6213.7,Petrol,Individual,Automatic,Second Owner,1197.0,81.86,44.46,5.0
Toyota Fortuner 2.8 4WD AT BSIV,2017,82529.35,43496.0,Diesel,Individual,Automatic,First Owner,2755.0,174.5,35.38,7.0
Toyota Innova Crysta 2.4 VX MT 8S BSIV,2016,39933.55,62509.9,Diesel,Individual,Manual,Second Owner,2393.0,147.8,32.18,8.0
BMW X3 xDrive20d,2012,47920.27,31068.6,Diesel,Individual,Automatic,First Owner,1995.0,184.0,37.85,5.0
Mahindra XUV500 W8 4WD,2014,21297.9,84506.5,Diesel,Individual,Manual,First Owner,2179.0,140.0,35.52,7.0
Mercedes-Benz GLA Class 200 CDI SPORT,2017,55906.98,29825.8,Diesel,Individual,Automatic,Second Owner,2143.0,136.0,42.1,5.0
Ford Fiesta 1.4 ZXi TDCi LE,2010,6655.59,68350.8,Diesel,Individual,Manual,Third Owner,1399.0,68.0,41.87,5.0
Renault Duster 110PS Diesel RxZ,2012,14642.3,53437.9,Diesel,Individual,Manual,First Owner,1461.0,108.45,44.71,5.0
Maruti Alto LXi,2009,3327.8,87613.3,Petrol,Individual,Manual,Second Owner,796.0,46.3,46.34,5.0
Honda City 1.5 S MT,2011,11980.07,49709.7,Petrol,Individual,Manual,Third Owner,1497.0,118.0,39.99,5.0
Mahindra XUV500 W10 2WD,2015,22629.01,86991.9,Diesel,Individual,Manual,First Owner,2179.0,140.0,37.63,7.0
Maruti Swift Dzire ZDI,2014,12246.26,40389.1,Diesel,Individual,Manual,Second Owner,1248.0,74.0,55.04,5.0
Maruti Swift Dzire VDI,2014,11580.7,68350.8,Diesel,Individual,Manual,Second Owner,1248.0,74.0,55.04,5.0
Tata Indigo LX,2008,3194.68,62137.1,Diesel,Individual,Manual,Second Owner,1405.0,70.0,39.99,5.0
Maruti Swift VDI Optional,2015,15973.42,49709.7,Diesel,Individual,Manual,First Owner,1248.0,74.0,59.27,5.0
Maruti Wagon R VXI BS IV,2008,3594.02,55923.4,Petrol,Individual,Manual,Second Owner,998.0,67.1,44.46,5.0
Hyundai i20 2015-2017 Asta Option 1.4 CRDi,2016,20765.45,21748.0,Diesel,Individual,Manual,First Owner,1396.0,88.73,53.02,5.0
Maruti Alto LXi BSIII,2008,2662.24,121167.3,Petrol,Individual,Manual,Second Owner,796.0,46.3,46.34,5.0
Hyundai i20 2015-2017 Sportz 1.4 CRDi,2017,17304.54,37282.3,Diesel,Individual,Manual,First Owner,1396.0,88.73,53.02,5.0
Maruti 800 AC,2004,1331.12,31068.6,Petrol,Individual,Manual,First Owner,796.0,37.0,37.87,4.0
Hyundai Verna 1.6 VGT CRDi,2012,11314.51,62137.1,Diesel,Individual,Manual,Second Owner,1582.0,126.32,52.5,5.0
Fiat Linea 1.3 Multijet Emotion,2015,13311.18,43496.0,Diesel,Individual,Manual,First Owner,1248.0,91.7,47.98,5.0
Maruti Swift VDI BSIV,2017,15707.2,18641.1,Diesel,Individual,Manual,First Owner,1248.0,74.0,59.27,5.0
Maruti Celerio ZXI,2016,12246.26,16777.0,Petrol,Individual,Manual,First Owner,998.0,67.04,54.33,5.0
Maruti Swift ZXI Plus,2020,15387.73,3106.9,Petrol,Individual,Manual,First Owner,1197.0,81.8,49.89,5.0
Maruti Ertiga VDI,2012,14642.3,68350.8,Diesel,Individual,Manual,Second Owner,1248.0,88.76,48.85,7.0
Honda City Corporate Edition,2013,12379.4,49709.7,Petrol,Individual,Manual,Second Owner,1497.0,116.3,39.52,5.0
Mahindra Bolero Power Plus ZLX,2018,23693.91,49709.7,Diesel,Individual,Manual,First Owner,1493.0,70.0,38.81,7.0
Mahindra Verito 1.5 D6 BSIII,2014,6655.59,68350.8,Diesel,Individual,Manual,First Owner,1461.0,65.0,48.92,5.0
Maruti Swift Dzire VDI,2015,16372.76,37282.3,Diesel,Individual,Manual,First Owner,1248.0,74.0,62.54,5.0
Maruti Ertiga ZDI,2014,18209.7,37282.3,Diesel,Individual,Manual,Second Owner,1248.0,88.8,48.85,7.0
Maruti Ertiga ZDI,2014,18103.21,39767.7,Diesel,Individual,Manual,Second Owner,1248.0,88.8,48.85,7.0
Renault Duster 85PS Diesel RxE,2014,13311.18,74564.5,Diesel,Individual,Manual,First Owner,1461.0,83.8,48.1,5.0
Renault Duster 85PS Diesel RxE,2014,13843.63,74564.5,Diesel,Individual,Manual,First Owner,1461.0,83.8,48.1,5.0
Ford Freestyle Trend Diesel BSIV,2018,17970.1,37282.3,Diesel,Individual,Manual,First Owner,1498.0,98.63,57.39,5.0
Mercedes-Benz New C-Class C 220 CDI BE Avantgare,2011,35940.2,50641.7,Diesel,Individual,Automatic,Second Owner,2143.0,167.62,34.91,5.0
Mercedes-Benz New C-Class 250 CDI Classic,2011,35940.2,49709.7,Diesel,Individual,Automatic,First Owner,2148.0,170.0,37.16,5.0
Mahindra XUV300 W8 Option Diesel BSIV,2019,31946.84,9320.6,Diesel,Individual,Manual,First Owner,1497.0,115.0,47.04,5.0
Maruti Swift Dzire Vdi BSIV,2011,7054.93,37282.3,Diesel,Individual,Manual,First Owner,1248.0,73.9,45.4,5.0
Volkswagen Polo 1.2 MPI Comfortline,2016,10515.84,24854.8,Petrol,Individual,Manual,Second Owner,1199.0,74.0,38.1,5.0
Volkswagen Polo 1.2 MPI Comfortline,2016,10249.61,24854.8,Petrol,Individual,Manual,Second Owner,1199.0,74.0,38.1,5.0
Maruti Wagon R LXI Minor,2009,3780.38,43496.0,Petrol,Individual,Manual,Second Owner,1061.0,67.0,44.46,5.0
Hyundai i10 Era,2009,4259.58,21748.0,Petrol,Individual,Manual,First Owner,1086.0,68.05,46.6,5.0
Tata Indigo CS LX (TDI) BS III,2012,4792.03,31068.6,Diesel,Individual,Manual,Third Owner,1396.0,69.0,44.9,5.0
Ford Figo Titanium Blu,2019,18635.66,1974.1,Petrol,Dealer,Manual,First Owner,1194.0,94.93,43.51,5.0
Hyundai Grand i10 Magna,2015,10648.95,24490.7,Petrol,Dealer,Manual,First Owner,1197.0,81.86,44.46,5.0
Tata Indica V2 GLX BSIII,2012,5324.47,18689.6,Petrol,Dealer,Manual,First Owner,1396.0,70.0,35.99,5.0
Hyundai EON Magna Plus Option,2012,6655.59,27705.7,Petrol,Dealer,Manual,First Owner,814.0,55.2,49.63,5.0
Maruti Celerio ZXI,2015,10648.95,31010.8,Petrol,Dealer,Manual,First Owner,998.0,67.04,50.88,5.0
Maruti Swift VXI,2013,9876.9,41682.8,Petrol,Dealer,Manual,Second Owner,1197.0,81.8,49.89,5.0
Ford EcoSport 1.5 Diesel Titanium BSIV,2016,15174.75,70139.7,Diesel,Dealer,Manual,Second Owner,1498.0,98.96,54.1,5.0
Honda Brio S MT,2013,7986.71,49709.7,Petrol,Individual,Manual,Second Owner,1198.0,86.8,45.63,5.0
Hyundai i20 1.2 Asta,2017,16505.87,15534.3,Petrol,Individual,Manual,First Owner,1197.0,81.83,43.75,5.0
Honda City i-VTEC V,2018,25264.63,6338.0,Petrol,Individual,Manual,First Owner,1497.0,117.6,40.93,5.0
Mahindra Bolero 2011-2019 mHAWK D70 ZLX,2018,19966.78,37282.3,Diesel,Individual,Manual,First Owner,1493.0,70.0,38.81,7.0
Maruti Celerio VXI,2017,9317.83,12427.4,Petrol,Individual,Manual,Second Owner,998.0,67.04,54.33,5.0
Mahindra XUV500 W10 2WD,2017,33277.96,37282.3,Diesel,Individual,Manual,First Owner,2179.0,140.0,37.63,7.0
Renault KWID 1.0,2016,7188.04,18641.1,Petrol,Individual,Manual,Third Owner,999.0,67.0,54.12,5.0
Hyundai EON Magna Plus,2013,6256.26,24854.8,Petrol,Individual,Manual,Second Owner,814.0,55.2,49.63,5.0
Maruti Swift VXI Optional,2016,13311.18,37282.3,Petrol,Individual,Manual,First Owner,1197.0,81.8,47.98,5.0
Maruti Alto LXi,2012,5856.92,68972.2,Petrol,Individual,Manual,First Owner,796.0,46.3,46.34,5.0
Maruti Swift Dzire LDIX Limited Edition,2014,10116.5,43496.0,Diesel,Individual,Manual,Second Owner,1248.0,74.0,55.04,5.0
Maruti Alto K10 2010-2014 VXI,2010,4259.58,62137.1,Petrol,Individual,Manual,Third Owner,998.0,67.1,49.21,5.0
Hyundai EON 1.0 Era Plus,2017,9024.98,15534.3,Petrol,Individual,Manual,First Owner,998.0,68.05,47.75,5.0
Ford Fiesta Classic 1.6 Duratec CLXI,2011,6123.12,62137.1,Petrol,Individual,Manual,First Owner,1596.0,99.6,35.99,5.0
Mahindra KUV 100 mFALCON D75 K2 Plus,2016,10648.95,21748.0,Diesel,Individual,Manual,First Owner,1198.0,77.0,59.56,6.0
Hyundai Xcent 1.2 CRDi E Plus,2018,12512.51,15534.3,Diesel,Individual,Manual,First Owner,1186.0,73.97,59.74,5.0
Maruti 800 Std,2003,1198.01,36039.5,Petrol,Individual,Manual,First Owner,796.0,37.0,37.87,4.0
Ford Aspire Titanium BSIV,2019,15307.86,12427.4,Petrol,Individual,Manual,First Owner,1194.0,94.93,45.63,5.0
Datsun RediGO SV 1.0,2019,8652.27,807.8,Petrol,Individual,Manual,First Owner,999.0,67.0,52.92,5.0
Maruti 800 AC,1997,1331.12,74564.5,Petrol,Individual,Manual,Second Owner,796.0,37.0,37.87,4.0
Maruti Wagon R VXI BS IV,2014,9317.83,9320.6,Petrol,Individual,Manual,First Owner,998.0,67.04,48.24,5.0
Renault KWID RXT Optional,2016,7986.71,15534.3,Petrol,Individual,Manual,First Owner,799.0,53.3,59.2,5.0
Nissan Terrano XL 110 PS,2014,14376.08,93205.6,Diesel,Individual,Manual,First Owner,1461.0,108.5,44.71,5.0
Maruti Celerio ZXI Optional MT BSIV,2018,15440.97,6213.7,Petrol,Individual,Manual,First Owner,998.0,67.04,54.33,5.0
Hyundai Creta 1.6 CRDi SX Option,2015,26622.37,43496.0,Diesel,Individual,Manual,First Owner,1582.0,126.2,46.27,5.0
Tata Zest Quadrajet 1.3 75PS XM,2017,12246.26,49709.7,Diesel,Individual,Manual,First Owner,1248.0,74.0,53.98,5.0
Maruti Swift VDI BSIV,2015,16905.2,31068.6,Diesel,Individual,Manual,First Owner,1248.0,74.0,59.27,5.0
Hyundai Verna 1.6 SX,2014,17304.54,51573.8,Diesel,Individual,Manual,Third Owner,1582.0,126.32,52.5,5.0
Maruti Swift Dzire VDI,2013,13976.74,72079.0,Diesel,Individual,Manual,Second Owner,1248.0,74.0,55.04,5.0
Fiat Grande Punto EVO 1.2 Dynamic,2015,9317.83,37282.3,Petrol,Individual,Manual,Third Owner,1172.0,67.1,37.16,5.0
Maruti Swift Dzire ZDi,2008,8519.16,109238.3,Diesel,Individual,Manual,Third Owner,1248.0,73.9,45.4,5.0
Toyota Innova 2.5 G (Diesel) 8 Seater BS IV,2006,11980.07,119303.2,Diesel,Individual,Manual,Fourth & Above Owner,2494.0,102.0,30.11,8.0
Volkswagen Vento Petrol Trendline,2011,6043.28,45882.0,Petrol,Individual,Manual,First Owner,1598.0,103.6,35.38,5.0
Mahindra Bolero DI DX 8 Seater,2011,8652.27,100662.1,Diesel,Individual,Manual,Second Owner,2523.0,63.0,31.99,8.0
Datsun RediGO AMT 1.0 S,2018,7321.15,12427.4,Petrol,Individual,Automatic,First Owner,999.0,67.0,54.1,5.0
Hyundai Grand i10 Magna,2013,7986.71,46602.8,Petrol,Individual,Manual,Third Owner,1197.0,82.0,44.46,5.0
Mahindra Scorpio SLE BSIII,2011,10648.95,198838.7,Diesel,Individual,Manual,Third Owner,2179.0,120.0,28.34,8.0
Volkswagen Vento 1.5 TDI Highline,2015,14642.3,74564.5,Diesel,Individual,Manual,Second Owner,1498.0,103.2,47.84,5.0
Skoda Rapid Monte Carlo 1.5 TDI AT BSIV,2017,23960.13,24854.8,Diesel,Individual,Automatic,First Owner,1498.0,108.6,50.95,5.0
Maruti Alto LXi BSIII,2010,4392.69,12427.4,Petrol,Individual,Manual,First Owner,796.0,46.3,46.34,5.0
Hyundai EON Magna Plus,2014,5590.7,43496.0,Petrol,Individual,Manual,First Owner,814.0,55.2,49.63,5.0
Renault Duster 110PS Diesel RxL Explore,2016,17304.54,18641.1,Diesel,Individual,Manual,First Owner,1461.0,108.45,46.2,5.0
Mahindra XUV500 W8 2WD,2014,18103.21,74564.5,Diesel,Individual,Manual,First Owner,2179.0,140.0,35.52,7.0
Renault KWID 1.0 RXT BSIV,2019,10382.72,15534.3,Petrol,Individual,Manual,First Owner,999.0,67.0,54.12,5.0
Renault KWID RXL,2016,6921.82,49709.7,Petrol,Individual,Manual,First Owner,799.0,53.3,59.2,5.0
Maruti Swift Dzire VXI,2013,11980.07,41631.9,Petrol,Individual,Manual,First Owner,1197.0,85.8,44.93,5.0
Hyundai i10 Era,2008,3460.91,74564.5,Petrol,Individual,Manual,Second Owner,1086.0,68.05,46.6,5.0
Maruti Vitara Brezza ZDi,2019,23693.91,5592.3,Diesel,Individual,Manual,First Owner,1248.0,88.5,57.16,5.0
Toyota Land Cruiser Prado VX L,2014,93178.29,37282.3,Diesel,Individual,Automatic,First Owner,2982.0,170.3,25.87,7.0
Honda City i DTEC VX,2014,19966.78,49709.7,Diesel,Individual,Manual,Second Owner,1498.0,98.6,59.04,5.0
Hyundai EON 1.0 Era Plus,2017,7188.04,16430.3,Petrol,Individual,Manual,First Owner,998.0,68.05,47.75,5.0
Maruti Ertiga BSIV VXI,2017,18635.66,21748.0,Petrol,Individual,Manual,First Owner,1373.0,91.1,41.16,7.0
Maruti Alto LXi,2010,3460.91,17398.4,Petrol,Individual,Manual,Second Owner,796.0,46.3,46.34,5.0
Maruti Ertiga ZDI,2015,17304.54,49709.7,Diesel,Individual,Manual,First Owner,1248.0,88.8,48.85,7.0
Maruti Alto LX,2005,1464.23,24233.5,Petrol,Individual,Manual,First Owner,796.0,46.3,46.34,5.0
Maruti Wagon R AMT VXI Plus,2017,12645.63,12427.4,Petrol,Individual,Automatic,First Owner,998.0,67.0,48.24,5.0
Nissan Sunny Diesel XL,2013,8652.27,31068.6,Diesel,Individual,Manual,First Owner,1461.0,84.8,50.9,5.0
Honda Jazz 1.2 V AT i VTEC Privilege,2017,16372.76,24854.8,Petrol,Individual,Automatic,First Owner,1199.0,88.7,44.69,5.0
Hyundai Grand i10 Sportz,2015,10382.72,9320.6,Petrol,Individual,Manual,First Owner,1197.0,82.0,44.46,5.0
Maruti Swift AMT ZXI Plus BSIV,2019,17304.54,9320.6,Petrol,Individual,Automatic,First Owner,1197.0,81.8,51.75,5.0
Maruti Swift VXI Optional,2015,11713.84,18641.1,Petrol,Individual,Manual,First Owner,1197.0,81.8,47.98,5.0
Honda City i DTEC V,2014,15973.42,43496.0,Diesel,Individual,Manual,First Owner,1498.0,98.6,61.16,5.0
Chevrolet Spark 1.0 LT,2012,4525.8,49709.7,Petrol,Individual,Manual,First Owner,995.0,62.1,38.1,5.0
Toyota Innova 2.5 VX (Diesel) 7 Seater,2015,34609.08,74564.5,Diesel,Individual,Manual,First Owner,2494.0,100.6,30.55,7.0
Hyundai Verna 1.6 CRDi S,2016,21297.9,49709.7,Diesel,Individual,Manual,First Owner,1582.0,126.2,56.22,5.0
Maruti Swift VXI,2020,15973.42,3106.9,Petrol,Individual,Manual,First Owner,1197.0,81.8,49.89,5.0
Honda Brio 1.2 E MT,2017,10648.95,31068.6,Petrol,Individual,Manual,First Owner,1198.0,86.8,43.51,5.0
Maruti Swift Dzire VDI,2017,18635.66,40389.1,Diesel,Individual,Manual,First Owner,1248.0,74.0,62.54,5.0
Maruti Baleno Alpha 1.3,2017,21297.9,21748.0,Diesel,Individual,Manual,First Owner,1248.0,74.0,64.43,5.0
Honda Jazz 1.5 V i DTEC,2015,15973.42,55923.4,Diesel,Individual,Manual,First Owner,1498.0,98.6,64.21,5.0
Maruti Swift VDI BSIV,2016,15440.97,62137.1,Diesel,Individual,Manual,First Owner,1248.0,74.0,59.27,5.0
Renault KWID RXT,2016,9317.83,9320.6,Petrol,Individual,Manual,First Owner,799.0,53.3,59.2,5.0
Ford Figo Diesel ZXI,2011,5457.56,91341.5,Diesel,Individual,Manual,First Owner,1399.0,68.0,47.04,5.0
Mahindra XUV500 W10 2WD,2017,35940.2,12427.4,Diesel,Individual,Manual,First Owner,2179.0,140.0,37.63,7.0
Hyundai i20 Asta 1.4 CRDi (Diesel),2009,8252.93,74564.5,Diesel,Individual,Manual,Second Owner,1396.0,90.0,54.1,5.0
Toyota Innova 2.5 V Diesel 7-seater,2011,18635.66,155342.8,Diesel,Individual,Manual,Second Owner,2494.0,102.0,30.11,7.0
Ford Figo 1.5D Titanium Opt MT,2016,12246.26,42874.6,Diesel,Individual,Manual,Second Owner,1498.0,99.0,60.76,5.0
Maruti Ciaz ZDi Plus SHVS,2017,22895.24,49709.7,Diesel,Individual,Manual,First Owner,1248.0,88.5,66.07,5.0
Renault KWID RXT Optional,2016,10382.72,9320.6,Petrol,Individual,Manual,First Owner,799.0,53.3,59.2,5.0
Maruti Alto LX BSIII,2005,2928.46,31565.6,Petrol,Dealer,Manual,Second Owner,796.0,46.3,46.34,5.0
BMW 6 Series GT 630d Luxury Line,2018,155208.42,18641.1,Diesel,Individual,Automatic,First Owner,2993.0,261.4,40.2,4.0
Hyundai Xcent 1.1 CRDi SX Option,2018,17703.88,24943.1,Diesel,Dealer,Manual,First Owner,1120.0,71.0,57.39,5.0
Hyundai i20 1.2 Asta,2019,19194.73,5840.9,Petrol,Dealer,Manual,First Owner,1197.0,81.83,43.75,5.0
Mahindra KUV 100 D75 K6 Plus 5Str,2016,10382.72,38525.0,Diesel,Dealer,Manual,First Owner,1198.0,77.0,59.56,5.0
Mahindra Thar CRDe,2019,25956.81,7819.3,Diesel,Dealer,Manual,First Owner,2498.0,105.0,38.93,6.0
Hyundai Elite i20 Sportz Plus Dual Tone BSIV,2019,18236.32,2671.9,Petrol,Dealer,Manual,First Owner,1197.0,81.86,43.75,5.0
Maruti Swift VXI,2019,15840.31,9039.7,Petrol,Dealer,Manual,First Owner,1197.0,81.8,49.89,5.0
Ford EcoSport 1.5 Diesel Titanium Plus BSIV,2018,23960.13,27820.0,Diesel,Dealer,Manual,Second Owner,1498.0,98.96,54.1,5.0
Maruti Ertiga ZDI Plus,2018,25291.25,30136.5,Diesel,Dealer,Manual,First Owner,1248.0,88.5,59.91,7.0
Hyundai i20 2015-2017 Magna 1.2,2017,15174.75,17884.3,Petrol,Dealer,Manual,First Owner,1197.0,81.83,43.75,5.0
Hyundai i20 Asta 1.2,2018,18635.66,17678.6,Petrol,Dealer,Manual,First Owner,1197.0,81.83,43.75,5.0
Maruti Vitara Brezza ZDi,2018,24226.36,22680.0,Diesel,Dealer,Manual,First Owner,1248.0,88.5,57.16,5.0
Maruti Swift Dzire VDI Optional,2018,19993.4,27890.2,Diesel,Dealer,Manual,First Owner,1248.0,74.0,62.54,5.0
Tata Indica Vista Terra 1.4 TDI,2009,3594.02,68350.8,Diesel,Individual,Manual,Second Owner,1405.0,71.0,39.99,5.0
Hyundai Creta 1.6 SX Diesel,2017,25956.81,25476.2,Diesel,Dealer,Manual,First Owner,1582.0,126.2,48.22,5.0
Maruti Ertiga SHVS VDI,2019,24625.69,31068.6,Diesel,Dealer,Manual,First Owner,1248.0,88.5,57.67,7.0
Maruti Ertiga ZDI,2016,19301.22,41010.5,Diesel,Dealer,Manual,First Owner,1248.0,88.8,48.85,7.0
Maruti Ertiga VDI,2013,14642.3,40389.1,Diesel,Dealer,Manual,First Owner,1248.0,88.76,48.85,7.0
Hyundai i20 Diesel Asta Option,2014,14642.3,47224.2,Diesel,Dealer,Manual,First Owner,1396.0,88.73,53.02,5.0
Toyota Innova 2.5 V Diesel 7-seater,2013,19966.78,59030.2,Diesel,Dealer,Manual,First Owner,2494.0,102.0,30.11,7.0
Honda City 1.5 V MT,2013,12645.63,34175.4,Petrol,Dealer,Manual,Second Owner,1497.0,118.0,39.99,5.0
Datsun GO Plus T,2017,8652.27,40389.1,Petrol,Dealer,Manual,First Owner,1198.0,67.05,44.74,7.0
Maruti Ertiga VDI,2017,19301.22,47224.2,Diesel,Dealer,Manual,First Owner,1248.0,88.5,59.91,7.0
Maruti Ertiga VXI,2018,20632.34,29204.4,Petrol,Dealer,Manual,Second Owner,1373.0,93.7,37.68,7.0
Maruti Swift Dzire VDI,2017,16638.98,43496.0,Diesel,Dealer,Manual,First Owner,1248.0,74.0,55.04,5.0
Maruti Swift ZDi,2014,12512.51,55302.0,Diesel,Dealer,Manual,First Owner,1248.0,74.0,53.86,5.0
Toyota Innova Crysta 2.4 VX MT,2017,46589.15,60894.4,Diesel,Dealer,Manual,First Owner,2393.0,147.51,32.18,7.0
Toyota Innova Crysta 2.4 VX MT,2016,43926.91,55923.4,Diesel,Dealer,Manual,First Owner,2393.0,147.51,32.18,7.0
Maruti Swift VDI,2013,10116.5,35418.1,Diesel,Individual,Manual,First Owner,1248.0,74.0,53.86,5.0
Maruti Swift Dzire VDI,2017,17304.54,43496.0,Diesel,Individual,Manual,First Owner,1248.0,74.0,62.54,5.0
Hyundai EON Era Plus,2016,7321.15,30571.5,Petrol,Individual,Manual,First Owner,814.0,55.2,49.63,5.0
Honda Civic 1.8 V MT,2009,5856.92,77671.4,Petrol,Individual,Manual,Second Owner,1799.0,130.0,31.75,5.0
Hyundai i10 Era,2008,5324.47,37282.3,Petrol,Individual,Manual,Second Owner,1086.0,68.05,46.6,5.0
Maruti Eeco 5 Seater AC BSIV,2015,8386.05,74564.5,Petrol,Individual,Manual,Second Owner,1196.0,73.0,36.15,5.0
Maruti Alto LXI,2004,2396.01,68350.8,Petrol,Individual,Manual,Third Owner,796.0,46.3,46.34,5.0
Maruti Wagon R LXI Minor,2007,3194.68,43496.0,Petrol,Individual,Manual,Second Owner,1061.0,67.0,44.46,5.0
Maruti Wagon R LXI,2006,2396.01,104390.3,Petrol,Individual,Manual,Second Owner,998.0,67.1,44.46,5.0
Mahindra XUV500 W10 2WD,2018,39933.55,18641.1,Diesel,Individual,Manual,First Owner,2179.0,140.0,37.63,7.0
Hyundai Grand i10 CRDi Sportz,2015,9850.28,37282.3,Diesel,Individual,Manual,First Owner,1120.0,70.0,56.45,5.0
Maruti Swift VDI BSIV,2016,15840.31,81468.6,Diesel,Individual,Manual,First Owner,1248.0,74.0,59.27,5.0
Mahindra Renault Logan 1.5 DLE Diesel,2007,3993.36,74564.5,Diesel,Individual,Manual,Second Owner,1461.0,65.0,45.16,5.0
Maruti Swift Dzire VDi,2012,10648.95,36288.1,Diesel,Individual,Manual,Second Owner,1248.0,73.9,45.4,5.0
Maruti Alto K10 VXI Airbag,2016,8252.93,14540.1,Petrol,Individual,Manual,Second Owner,998.0,67.1,56.33,5.0
Maruti Celerio VXI MT BSIV,2018,10249.61,31068.6,Petrol,Individual,Manual,First Owner,998.0,67.04,54.33,5.0
Mahindra XUV500 W8 2WD,2014,19966.78,55923.4,Diesel,Individual,Manual,First Owner,2179.0,140.0,35.52,7.0
Hyundai Santro Sportz AMT BSIV,2019,13870.25,1870.3,Petrol,Individual,Automatic,First Owner,1086.0,68.0,47.75,5.0
Tata Manza Aqua Quadrajet BS IV,2010,4792.03,49709.7,Diesel,Individual,Manual,First Owner,1248.0,88.8,49.68,5.0
Ford Fiesta EXi 1.4 TDCi Ltd,2011,5856.92,96312.5,Diesel,Individual,Manual,Second Owner,1399.0,68.0,41.87,5.0
Maruti 800 AC,1998,1064.89,43496.0,Petrol,Individual,Manual,Second Owner,796.0,37.0,37.87,4.0
Hyundai Grand i10 1.2 Kappa Magna BSIV,2018,14376.08,2485.5,Petrol,Individual,Manual,First Owner,1197.0,81.86,44.46,5.0
Maruti Alto LXi BSIII,2007,3727.13,21748.0,Petrol,Individual,Manual,Second Owner,796.0,46.3,46.34,5.0
Maruti Zen VXI,2003,5324.47,75185.9,Petrol,Individual,Manual,First Owner,993.0,60.0,40.69,5.0
Ford EcoSport 1.5 TDCi Titanium BSIV,2015,17304.54,68350.8,Diesel,Individual,Manual,Second Owner,1498.0,98.59,53.56,5.0
Ford Fiesta 1.4 SXi TDCi ABS,2010,6123.12,105633.1,Diesel,Individual,Manual,Second Owner,1399.0,68.0,41.87,5.0
Maruti Swift Vdi BSIII,2010,8119.82,108739.9,Diesel,Individual,Manual,Third Owner,1248.0,75.0,41.87,5.0
Ford Fiesta 1.4 ZXi TDCi LE,2008,5324.47,101283.5,Diesel,Individual,Manual,First Owner,1399.0,68.0,41.87,5.0
Ford Fiesta 1.4 ZXi TDCi ABS,2008,5324.47,101283.5,Diesel,Individual,Manual,First Owner,1399.0,68.0,41.87,5.0
Mahindra Xylo D2 BS IV,2010,12379.4,47900.2,Diesel,Individual,Manual,First Owner,2489.0,95.0,32.93,8.0
Nissan Micra Diesel XV,2011,5590.7,68350.8,Diesel,Individual,Manual,Third Owner,1461.0,63.1,54.29,5.0
Mahindra Bolero 2011-2019 SLX,2016,15174.75,84824.0,Diesel,Individual,Manual,First Owner,2523.0,62.1,37.54,7.0
Maruti Ertiga ZXI,2015,15174.75,49709.7,Petrol,Individual,Manual,First Owner,1373.0,93.7,37.68,7.0
Maruti Ertiga ZXI,2015,17304.54,37282.3,Petrol,Individual,Manual,First Owner,1373.0,93.7,37.68,7.0
Maruti Swift Dzire ZXI,2016,16505.87,22369.4,Petrol,Individual,Manual,First Owner,1197.0,83.14,49.04,5.0
Maruti Wagon R VXI BS IV,2012,6655.59,40389.1,Petrol,Individual,Manual,Second Owner,998.0,67.1,44.46,5.0
BMW X1 sDrive20d,2011,26622.37,31068.6,Diesel,Individual,Automatic,First Owner,1995.0,184.0,40.1,5.0
Fiat Grande Punto 1.3 Emotion (Diesel),2013,7986.71,51263.1,Diesel,Individual,Manual,First Owner,1248.0,75.0,47.75,5.0
Ford EcoSport 1.5 Diesel Titanium BSIV,2018,21564.12,18641.1,Diesel,Individual,Manual,Second Owner,1498.0,98.96,54.1,5.0
Chevrolet Cruze LTZ,2011,7188.04,62137.1,Diesel,Individual,Manual,Third Owner,1991.0,147.9,43.04,5.0
Maruti Swift Dzire LDI Optional,2015,12512.51,43496.0,Diesel,Individual,Manual,Second Owner,1248.0,74.0,62.54,5.0
Tata Zest Quadrajet 1.3 XT,2017,10648.95,52816.5,Diesel,Individual,Manual,First Owner,1248.0,88.7,48.57,5.0
Maruti Wagon R Stingray VXI,2014,7986.71,37282.3,Petrol,Individual,Manual,Second Owner,998.0,67.04,48.24,5.0
Maruti Alto 800 Base,2015,4525.8,12427.4,Petrol,Individual,Manual,Third Owner,796.0,47.3,53.49,5.0
Renault Duster 110PS Diesel RXZ Optional with Nav,2014,12139.77,49709.7,Diesel,Individual,Manual,First Owner,1461.0,108.45,44.71,5.0
Mahindra Xylo D2,2009,3221.31,62137.1,Diesel,Individual,Manual,Second Owner,2489.0,95.0,30.58,8.0
Maruti Vitara Brezza VDi Option,2016,17304.54,49709.7,Diesel,Individual,Manual,Second Owner,1248.0,88.5,57.16,5.0
Tata Bolt Revotron XE,2017,9317.83,21748.0,Petrol,Individual,Manual,First Owner,1193.0,88.7,41.33,5.0
Chevrolet Beat Diesel,2013,3327.8,86370.6,Diesel,Individual,Manual,First Owner,936.0,57.6,59.84,5.0
Maruti Alto AX,2005,2129.79,55923.4,Petrol,Individual,Automatic,Second Owner,796.0,46.3,46.34,5.0
Honda City 2017-2020 GXi,2008,6655.59,62137.1,Petrol,Individual,Manual,First Owner,1497.0,78.0,41.63,5.0
Volkswagen Vento Diesel Trendline,2011,5990.03,55923.4,Diesel,Individual,Manual,First Owner,1598.0,103.6,48.31,5.0
Mahindra Bolero SLX,2007,5723.81,65244.0,Diesel,Individual,Manual,Second Owner,2523.0,63.0,31.99,7.0
Hyundai Xcent 1.2 CRDi E Plus,2017,11980.07,24854.8,Diesel,Individual,Manual,Second Owner,1186.0,73.97,59.74,5.0
Hyundai Xcent 1.2 VTVT S,2017,13577.38,55923.4,Petrol,Individual,Manual,First Owner,1197.0,81.86,47.37,5.0
Maruti Alto 800 LXI,2015,6522.48,22810.5,Petrol,Individual,Manual,Second Owner,796.0,47.3,53.49,5.0
Maruti SX4 S Cross 2015-2017 DDiS 200 Alpha,2016,16505.87,17510.2,Diesel,Dealer,Manual,First Owner,1248.0,88.5,55.63,5.0
Tata Harrier XZ BSIV,2019,45258.03,9320.6,Diesel,Individual,Manual,First Owner,1956.0,138.1,39.99,5.0
Datsun GO Plus T VDC,2019,15707.2,2485.5,Petrol,Individual,Manual,First Owner,1198.0,67.0,46.38,7.0
Maruti Ritz VDi,2014,9850.28,18641.1,Diesel,Individual,Manual,First Owner,1248.0,73.94,54.57,5.0
Maruti Swift VXI,2013,9317.83,9320.6,Petrol,Individual,Manual,First Owner,1197.0,85.8,43.75,5.0
Maruti Baleno Alpha 1.2,2017,15440.97,12427.4,Petrol,Individual,Manual,First Owner,1197.0,83.1,50.34,5.0
Hyundai Grand i10 1.2 Kappa Sportz BSIV,2018,11980.07,34796.8,Petrol,Individual,Manual,First Owner,1197.0,81.86,44.46,5.0
Hyundai i20 Active 1.2 S,2017,15973.42,11806.0,Petrol,Individual,Manual,First Owner,1197.0,81.86,40.43,5.0
Ford Endeavour 2.2 Titanium AT 4X2,2016,63893.69,18641.1,Diesel,Individual,Automatic,First Owner,2198.0,158.0,29.68,7.0
Hyundai i20 1.2 Magna Executive,2017,11980.07,43496.0,Petrol,Individual,Manual,First Owner,1197.0,81.83,43.75,5.0
Tata Indigo CS LX (TDI) BS III,2009,3993.36,18641.1,Diesel,Individual,Manual,First Owner,1396.0,69.0,44.9,5.0
Maruti Eeco 5 Seater AC BSIV,2019,10648.95,9320.6,Petrol,Individual,Manual,First Owner,1196.0,73.0,36.15,5.0
Maruti Alto 800 LXI,2013,4925.14,52816.5,Petrol,Individual,Manual,First Owner,796.0,47.3,53.49,5.0
Maruti Swift AMT VXI,2018,16638.98,31068.6,Petrol,Individual,Automatic,First Owner,1197.0,81.8,51.75,5.0
Hyundai i20 Active SX Petrol,2019,18635.66,12427.4,Petrol,Individual,Manual,First Owner,1197.0,81.86,40.43,5.0
Maruti Wagon R VXI Optional,2017,10382.72,15534.3,Petrol,Individual,Manual,First Owner,998.0,67.04,48.24,5.0
Tata Nexon 1.2 Revotron XM,2018,16638.98,15534.3,Petrol,Individual,Manual,First Owner,1198.0,108.5,39.99,5.0
Maruti Swift Dzire VXI,2014,10648.95,31068.6,Petrol,Individual,Manual,First Owner,1197.0,85.8,44.93,5.0
Hyundai i20 1.4 CRDi Asta,2011,10116.5,93205.6,Diesel,Individual,Manual,Fourth & Above Owner,1396.0,90.0,54.1,5.0
Toyota Corolla Altis 1.8 VL AT,2009,10648.95,55923.4,Petrol,Individual,Automatic,First Owner,1794.0,138.1,34.18,5.0
Tata Zest Revotron 1.2T XMS,2019,16505.87,62137.1,Petrol,Individual,Manual,First Owner,1193.0,88.7,41.33,5.0
Ford Fiesta Classic 1.4 SXI Duratorq,2008,5058.25,111846.8,Diesel,Individual,Manual,Second Owner,1399.0,67.0,41.87,5.0
Maruti Alto 800 LXI,2013,5590.7,31068.6,Petrol,Individual,Manual,Second Owner,796.0,47.3,53.49,5.0
Maruti Ritz VDi,2012,7188.04,49709.7,Diesel,Individual,Manual,Third Owner,1248.0,73.94,54.57,5.0
Maruti Zen Std,1999,1198.01,62137.1,Petrol,Individual,Manual,Third Owner,993.0,60.0,40.69,5.0
Hyundai EON D Lite Plus,2014,5856.92,57787.5,Petrol,Individual,Manual,Second Owner,814.0,55.2,49.63,5.0
Hyundai i20 Asta 1.2,2013,9850.28,74564.5,Petrol,Individual,Manual,First Owner,1197.0,82.85,43.51,5.0
Honda City V MT,2012,14642.3,74564.5,Petrol,Individual,Manual,First Owner,1497.0,116.3,39.52,5.0
Ford Fiesta 1.4 SXi TDCi ABS,2010,5990.03,62137.1,Diesel,Individual,Manual,Second Owner,1399.0,68.0,41.87,5.0
Maruti 800 Std,2004,1064.89,35418.1,Petrol,Individual,Manual,Second Owner,796.0,37.0,37.87,4.0
Hyundai EON Era Plus,2016,7454.26,37282.3,Petrol,Individual,Manual,First Owner,814.0,55.2,49.63,5.0
Ford Figo Aspire 1.5 Ti-VCT Titanium,2017,15174.75,27388.2,Petrol,Dealer,Automatic,First Owner,1499.0,110.5,40.01,5.0
Maruti Alto 800 LXI,2017,7720.49,55923.4,Petrol,Individual,Manual,Second Owner,796.0,47.3,58.1,5.0
Hyundai i20 Active 1.4 S,2018,19168.11,31068.6,Diesel,Individual,Manual,Second Owner,1396.0,88.73,49.84,5.0
Ford EcoSport 1.5 TDCi Trend Plus BSIV,2017,21297.9,37282.3,Diesel,Individual,Manual,First Owner,1498.0,98.59,53.56,5.0
Hyundai i10 Era,2012,7054.93,12427.4,Petrol,Individual,Manual,Third Owner,1086.0,68.05,46.6,5.0
Maruti Alto LX BSIII,2010,3594.02,55923.4,Petrol,Individual,Manual,Third Owner,796.0,46.3,46.34,5.0
Ford Figo 1.5D Ambiente MT,2016,9317.83,43496.0,Diesel,Individual,Manual,Second Owner,1498.0,99.0,60.76,5.0
Chevrolet Enjoy 1.3 TCDi LS 8,2016,13044.96,49709.7,Diesel,Individual,Manual,First Owner,1248.0,73.74,42.81,8.0
Hyundai Verna 1.6 SX,2012,11980.07,44738.7,Diesel,Individual,Manual,Second Owner,1582.0,126.32,52.5,5.0
Mahindra Scorpio 1.99 S8,2016,25291.25,31068.6,Diesel,Individual,Manual,First Owner,1997.0,120.0,36.22,7.0
Maruti Swift Dzire ZXi,2012,9450.94,55923.4,Petrol,Individual,Manual,Second Owner,1298.0,85.8,41.16,5.0
Hyundai Elite i20 Petrol Asta,2019,18635.66,10563.3,Petrol,Individual,Manual,First Owner,1197.0,81.86,43.75,5.0
Mahindra Scorpio VLX 2WD BSIII,2012,12246.26,43496.0,Diesel,Individual,Manual,First Owner,2179.0,120.0,28.34,8.0
Volkswagen Polo Diesel Highline 1.2L,2012,9317.83,45981.5,Diesel,Individual,Manual,Second Owner,1199.0,73.9,51.91,5.0
Maruti Alto LX BSIII,2006,2262.9,37282.3,Petrol,Individual,Manual,Second Owner,796.0,46.3,46.34,5.0
Maruti Alto 800 LX,2016,7720.49,9320.6,Petrol,Individual,Manual,First Owner,796.0,47.3,53.49,5.0
Honda WR-V i-DTEC VX,2019,26622.37,44738.7,Diesel,Individual,Manual,First Owner,1498.0,98.6,59.98,5.0
Tata Indica V2 LSi,2008,2262.9,15534.3,Petrol,Individual,Manual,Second Owner,1193.0,64.4,39.61,5.0
Maruti Alto LXI,2003,1730.45,70836.3,Petrol,Individual,Manual,First Owner,796.0,46.3,46.34,5.0
Honda City 1.5 EXI,2005,1996.68,74564.5,Petrol,Individual,Manual,First Owner,1493.0,100.0,30.58,5.0
Skoda Octavia Ambiente 1.9 TDI MT,2003,2662.24,155342.8,Diesel,Individual,Manual,Second Owner,1896.0,66.0,43.99,5.0
Tata Indica Vista Terra 1.4 TDI,2009,4525.8,34652.6,Diesel,Individual,Manual,First Owner,1405.0,71.0,39.99,5.0
Hyundai Grand i10 1.2 Kappa Magna AT,2017,13976.74,24854.8,Petrol,Individual,Automatic,First Owner,1197.0,81.86,44.46,5.0
Maruti Wagon R LXI,2020,7054.93,43496.0,Petrol,Individual,Manual,Second Owner,998.0,67.05,51.25,5.0
Tata Tigor 1.2 Revotron XZ,2018,12246.26,31068.6,Petrol,Individual,Manual,First Owner,1199.0,84.0,47.75,5.0
Maruti Alto K10 VXI,2017,6655.59,12427.4,Petrol,Individual,Manual,First Owner,998.0,67.05,56.33,5.0
Maruti Swift Dzire VDI,2013,10515.84,43496.0,Diesel,Individual,Manual,Second Owner,1248.0,74.0,55.04,5.0
Hyundai Grand i10 Asta Option,2014,9983.39,37282.3,Petrol,Individual,Manual,First Owner,1197.0,82.0,44.46,5.0
Tata Indica Vista Aqua 1.4 TDI,2009,3194.68,74564.5,Diesel,Individual,Manual,First Owner,1405.0,71.0,39.99,5.0
Maruti Ritz VDi,2011,7720.49,68350.8,Diesel,Individual,Manual,Second Owner,1248.0,73.9,49.63,5.0
Tata Tiago 1.2 Revotron XZ,2017,10915.15,37282.3,Petrol,Individual,Manual,First Owner,1199.0,84.0,56.08,5.0
Chevrolet Spark 1.0 LT Option Pack w/ Airbag,2009,5324.47,18641.1,Petrol,Individual,Manual,First Owner,995.0,63.0,38.81,5.0
Skoda Rapid 1.5 TDI Ambition BSIV,2018,23960.13,21748.0,Diesel,Individual,Manual,First Owner,1498.0,108.6,49.7,5.0
Maruti 800 Std,2003,1331.12,31068.6,Petrol,Individual,Manual,Third Owner,796.0,37.0,37.87,4.0
Renault Duster 110PS Diesel RxZ,2012,11980.07,62137.1,Diesel,Individual,Manual,First Owner,1461.0,108.45,44.71,5.0
Mahindra XUV500 W8 4WD,2012,17304.54,49709.7,Diesel,Individual,Manual,Third Owner,2179.0,140.0,35.52,7.0
Volkswagen CrossPolo 1.5 TDI,2014,7986.71,52195.2,Diesel,Individual,Manual,Second Owner,1498.0,88.5,47.37,5.0
Ford Fiesta 1.5 TDCi Ambiente,2014,11314.51,37282.3,Diesel,Individual,Manual,First Owner,1498.0,89.75,58.83,5.0
Maruti Zen VXI,1998,1464.23,31068.6,Petrol,Individual,Manual,Second Owner,993.0,60.0,40.69,5.0
Hyundai i10 Magna 1.2 iTech SE,2011,5324.47,37282.3,Petrol,Individual,Manual,Second Owner,1197.0,78.9,47.89,5.0
Mahindra XUV500 W10 2WD,2015,25956.81,62137.1,Diesel,Individual,Manual,First Owner,2179.0,140.0,37.63,7.0
Mahindra Bolero 2011-2019 SLX,2013,11980.07,43496.0,Diesel,Individual,Manual,First Owner,2523.0,62.1,37.54,7.0
Mahindra Bolero 2011-2019 ZLX,2014,15973.42,51263.1,Diesel,Individual,Manual,Second Owner,2523.0,62.1,37.54,7.0
Tata Indica Vista Terra Quadrajet 1.3L BS IV,2011,4792.03,54059.3,Diesel,Individual,Manual,First Owner,1248.0,75.0,42.34,5.0
Mahindra Xylo E4,2010,7986.71,74564.5,Diesel,Individual,Manual,First Owner,2498.0,112.0,32.93,7.0
Tata Zest Revotron 1.2T XM,2016,9317.83,43496.0,Petrol,Individual,Manual,Second Owner,1193.0,88.7,41.33,5.0
Maruti Swift Dzire VDI,2014,12379.4,55923.4,Diesel,Individual,Manual,First Owner,1248.0,74.0,55.04,5.0
Tata Manza Aura (ABS) Quadrajet BS IV,2010,5324.47,116817.7,Diesel,Individual,Manual,Second Owner,1248.0,88.8,49.68,5.0
Chevrolet Enjoy TCDi LS 8 Seater,2014,9317.83,74564.5,Diesel,Individual,Manual,Second Owner,1248.0,73.8,42.81,8.0
Honda City i VTEC V,2015,17304.54,49709.7,Petrol,Individual,Manual,First Owner,1497.0,117.3,40.93,5.0
Hyundai i10 Magna,2010,3993.36,76601.4,Petrol,Individual,Manual,Second Owner,1197.0,78.9,47.89,5.0
Honda City i DTEC V,2014,14908.53,62137.1,Diesel,Individual,Manual,Second Owner,1498.0,98.6,61.16,5.0
Hyundai i20 Active 1.4 SX with AVN,2015,16638.98,55923.4,Diesel,Individual,Manual,First Owner,1396.0,88.73,49.84,5.0
Ford Figo Diesel Titanium,2012,5856.92,68350.8,Diesel,Individual,Manual,First Owner,1399.0,68.0,47.04,5.0
Ford Figo Diesel Celebration Edition,2013,6655.59,68350.8,Diesel,Individual,Manual,First Owner,1399.0,68.1,47.04,5.0
Tata Zest Quadrajet 1.3 XT,2018,15307.86,43496.0,Diesel,Individual,Manual,First Owner,1248.0,88.7,48.57,5.0
Mahindra XUV500 W8 AWD,2015,27953.49,40389.1,Diesel,Individual,Manual,First Owner,2179.0,140.0,35.52,7.0
Jaguar XF 2.2 Litre Luxury,2015,79867.11,43496.0,Diesel,Individual,Automatic,Second Owner,2179.0,187.7,38.48,5.0
Tata New Safari DICOR 2.2 LX 4x2,2012,5324.47,55923.4,Diesel,Individual,Manual,Third Owner,2179.0,138.1,27.21,7.0
Maruti Alto 800 VXI,2016,6975.06,31068.6,Petrol,Individual,Manual,First Owner,796.0,47.3,53.49,5.0
Hyundai EON Era Plus,2018,7960.09,20505.2,Petrol,Individual,Manual,First Owner,814.0,55.2,49.63,5.0
Maruti Alto 800 LXI,2015,6655.59,16466.3,Petrol,Individual,Manual,First Owner,796.0,47.3,53.49,5.0
Hyundai Santro Xing GLS,2011,3727.13,37282.3,Petrol,Individual,Manual,Fourth & Above Owner,1086.0,62.1,42.15,5.0
Maruti Swift Dzire VDI,2013,9584.05,43496.0,Diesel,Individual,Manual,Third Owner,1248.0,74.0,55.04,5.0
Datsun GO A,2015,5590.7,49709.7,Petrol,Individual,Manual,First Owner,1198.0,67.06,48.52,5.0
Hyundai i20 1.4 Sportz,2017,15973.42,37282.3,Diesel,Individual,Manual,First Owner,1396.0,88.73,53.02,5.0
Skoda Fabia 1.2L Diesel Ambiente,2011,5590.7,62137.1,Diesel,Individual,Manual,First Owner,1199.0,75.0,45.87,5.0
Volkswagen Vento Diesel Comfortline,2011,7986.71,49709.7,Diesel,Individual,Manual,Second Owner,1598.0,103.6,48.31,5.0
Hyundai Grand i10 Asta,2016,11980.07,21748.0,Petrol,Individual,Manual,First Owner,1197.0,82.0,44.46,5.0
Ford Endeavour 3.2 Titanium AT 4X4,2018,85191.58,21748.0,Diesel,Individual,Automatic,First Owner,3198.0,197.0,25.66,7.0
Hyundai Grand i10 1.2 Kappa Sportz BSIV,2019,14642.3,6213.7,Petrol,Individual,Manual,First Owner,1197.0,81.86,44.46,5.0
Tata Indica Vista Aura 1.3 Quadrajet (ABS),2011,2662.24,49709.7,Diesel,Individual,Manual,First Owner,1248.0,75.0,42.34,5.0
Hyundai EON Era Plus,2012,4925.14,31068.6,Petrol,Individual,Manual,Second Owner,814.0,55.2,49.63,5.0
Maruti Wagon R LX BSIII,2006,2129.79,55923.4,Petrol,Individual,Manual,Second Owner,1061.0,64.0,40.69,5.0
Maruti Alto 800 VXI,2017,7853.6,49709.7,Petrol,Individual,Manual,First Owner,796.0,47.3,58.1,5.0
Renault KWID Climber 1.0 MT,2017,9584.05,15534.3,Petrol,Individual,Manual,First Owner,999.0,67.0,54.12,5.0
Maruti Alto K10 2010-2014 VXI,2014,5590.7,43496.0,Petrol,Individual,Manual,First Owner,998.0,67.1,49.21,5.0
Hyundai Elite i20 Petrol CVT Magna Executive,2019,15574.09,49709.7,Petrol,Individual,Automatic,First Owner,1197.0,81.86,40.93,5.0
Volkswagen Polo Select 1.5 TDI Highline,2016,14908.53,31068.6,Diesel,Individual,Manual,First Owner,1498.0,88.7,47.37,5.0
Honda City i DTEC S,2015,15973.42,43496.0,Diesel,Individual,Manual,First Owner,1498.0,98.6,61.16,5.0
Datsun GO T BSIV,2017,8785.38,37282.3,Petrol,Individual,Manual,First Owner,1198.0,67.0,48.52,5.0
Hyundai Verna VTVT 1.6 SX,2019,26356.15,9320.6,Petrol,Individual,Manual,First Owner,1591.0,121.3,39.99,5.0
Toyota Etios Diesel TRD Sportivo,2012,7986.71,55923.4,Diesel,Individual,Manual,First Owner,1364.0,67.1,55.49,5.0
Tata Nexon 1.2 Revotron XM,2018,17304.54,17398.4,Petrol,Individual,Manual,First Owner,1198.0,108.5,39.99,5.0
Hyundai Elite i20 Sportz Plus CVT BSIV,2019,18502.55,12427.4,Petrol,Individual,Automatic,First Owner,1197.0,81.86,40.93,5.0
Hyundai Grand i10 CRDi Magna,2014,7986.71,37282.3,Diesel,Individual,Manual,First Owner,1120.0,70.0,56.45,5.0
Maruti Alto 800 LXI,2015,7188.04,13670.2,Petrol,Individual,Manual,First Owner,796.0,47.3,53.49,5.0
Tata New Safari DICOR 2.2 EX 4x2,2010,4925.14,43496.0,Diesel,Individual,Manual,Second Owner,2179.0,138.1,27.21,7.0
Chevrolet Sail Hatchback LT ABS,2013,5324.47,49709.7,Diesel,Individual,Manual,First Owner,1248.0,76.9,51.98,5.0
Tata Nexon 1.5 Revotorq XZ Plus Dual Tone,2018,22895.24,37282.3,Diesel,Individual,Manual,First Owner,1497.0,108.5,50.57,5.0
Tata Tiago 1.2 Revotron XE,2018,10648.95,12427.4,Petrol,Individual,Manual,First Owner,1199.0,84.0,56.08,5.0
Maruti Ritz VDi,2013,6389.37,88234.7,Diesel,Individual,Manual,Second Owner,1248.0,73.94,54.57,5.0
Maruti Swift Dzire ZDI,2015,15174.75,44738.7,Diesel,Individual,Manual,First Owner,1248.0,74.0,62.54,5.0
Ford EcoSport 1.5 Diesel Titanium BSIV,2018,22629.01,55923.4,Diesel,Individual,Manual,First Owner,1498.0,98.96,54.1,5.0
Ford Figo Diesel Titanium,2011,4126.47,49709.7,Diesel,Individual,Manual,Third Owner,1399.0,68.0,47.04,5.0
Hyundai i20 1.4 CRDi Asta,2011,7188.04,77671.4,Diesel,Individual,Manual,First Owner,1396.0,90.0,54.1,5.0
Maruti Ciaz ZXi Plus,2015,16239.65,20505.2,Petrol,Individual,Manual,First Owner,1373.0,91.1,48.76,5.0
Hyundai Creta 1.6 CRDi SX Option,2015,26622.37,31068.6,Diesel,Individual,Manual,First Owner,1582.0,126.2,46.27,5.0
Hyundai Xcent 1.2 CRDi E,2018,13311.18,21748.0,Diesel,Individual,Manual,First Owner,1186.0,73.97,59.74,5.0
Honda Amaze S Diesel BSIV,2018,18635.66,26719.0,Diesel,Individual,Manual,First Owner,1498.0,98.63,64.45,5.0
Maruti Alto LXi,2007,3594.02,37282.3,Petrol,Individual,Manual,First Owner,796.0,46.3,46.34,5.0
Hyundai Verna 1.6 SX CRDi (O),2014,16638.98,43496.0,Diesel,Individual,Manual,Second Owner,1582.0,126.32,52.5,5.0
Nissan Sunny XL,2011,7454.26,59651.6,Petrol,Individual,Manual,First Owner,1498.0,97.7,39.87,5.0
Mahindra Scorpio 1.99 S6 Plus,2015,21297.9,43496.0,Diesel,Individual,Manual,First Owner,1997.0,120.0,36.22,7.0
Maruti Ritz VDi,2012,5856.92,43496.0,Diesel,Individual,Manual,Second Owner,1248.0,73.94,54.57,5.0
Maruti Ignis 1.2 Alpha BSIV,2017,16505.87,11485.4,Petrol,Individual,Manual,First Owner,1197.0,81.8,49.14,5.0
Tata Safari DICOR 2.2 EX 4x2,2011,7986.71,43496.0,Diesel,Individual,Manual,First Owner,2179.0,138.03,32.77,7.0
Maruti Alto LX,2010,4792.03,15534.3,Petrol,Individual,Manual,Second Owner,796.0,46.3,46.34,5.0
Volkswagen Polo Diesel Highline 1.2L,2013,6655.59,74564.5,Diesel,Individual,Manual,Third Owner,1199.0,73.9,51.91,5.0
Maruti Swift Dzire LXI,2017,12778.74,34175.4,Petrol,Individual,Manual,First Owner,1197.0,83.14,49.04,5.0
Ford EcoSport 1.5 Petrol Titanium BSIV,2019,23560.8,6213.7,Petrol,Individual,Manual,Second Owner,1497.0,121.31,39.99,5.0
Mahindra KUV 100 D75 K8,2020,14642.3,37282.3,Diesel,Individual,Manual,First Owner,1198.0,77.0,59.56,6.0
Maruti Swift Dzire ZDI Plus,2018,21297.9,18641.1,Diesel,Individual,Manual,First Owner,1248.0,74.02,66.8,5.0
Hyundai Santro Xing GLS,2013,4792.03,40389.1,Petrol,Individual,Manual,First Owner,1086.0,62.1,42.15,5.0
Hyundai i20 Sportz 1.4 CRDi,2012,10116.5,31068.6,Diesel,Individual,Manual,Second Owner,1396.0,88.76,51.51,5.0
Tata Tiago NRG Petrol AMT,2019,13843.63,1590.7,Petrol,Individual,Automatic,First Owner,1199.0,83.81,56.45,5.0
Maruti Alto LX,2004,2396.01,37282.3,Petrol,Individual,Manual,First Owner,796.0,46.3,46.34,5.0
Maruti Wagon R VXI BS IV,2016,8785.38,49709.7,Petrol,Individual,Manual,Second Owner,998.0,67.04,48.24,5.0
Maruti 800 DX,1999,1064.89,31068.6,Petrol,Individual,Manual,Second Owner,796.0,37.0,37.87,4.0
Chevrolet Enjoy TCDi LS 8 Seater,2015,9850.28,74564.5,Diesel,Individual,Manual,First Owner,1248.0,73.8,42.81,8.0
Honda City V MT,2009,7720.49,74564.5,Petrol,Individual,Manual,Second Owner,1497.0,116.3,39.52,5.0
Hyundai EON Magna Plus,2013,5723.81,29204.4,Petrol,Individual,Manual,Second Owner,814.0,55.2,49.63,5.0
Tata Hexa XT,2017,34129.88,27961.7,Diesel,Individual,Manual,First Owner,2179.0,153.86,41.4,7.0
Toyota Innova 2.5 GX 8 STR,2012,16239.65,55923.4,Diesel,Individual,Manual,First Owner,2494.0,102.0,30.11,8.0
Hyundai i20 Asta 1.4 CRDi,2013,10116.5,68350.8,Diesel,Individual,Manual,Second Owner,1396.0,88.76,50.03,5.0
Mahindra Scorpio 1.99 S10,2017,33277.96,59030.2,Diesel,Individual,Manual,First Owner,1997.0,120.0,36.22,7.0
Hyundai Verna 1.6 CRDI,2012,10648.95,64408.2,Diesel,Individual,Manual,Second Owner,1582.0,126.3,52.5,5.0
Hyundai i20 Petrol CVT Asta,2018,18635.66,15534.3,Petrol,Individual,Automatic,Second Owner,1197.0,81.86,40.93,5.0
Renault Duster 110PS Diesel RxZ,2014,17304.54,49709.7,Diesel,Individual,Manual,First Owner,1461.0,108.45,44.71,5.0
Tata Nano Twist XT,2014,2529.13,31068.6,Petrol,Individual,Manual,Second Owner,624.0,37.5,59.74,4.0
Mahindra XUV500 W10 2WD,2015,30535.86,35402.6,Diesel,Individual,Manual,First Owner,2179.0,140.0,37.63,7.0
Maruti Alto LX BSIII,2008,3194.68,49709.7,Petrol,Individual,Manual,Third Owner,796.0,46.3,46.34,5.0
Ford Fiesta EXi 1.4 TDCi Ltd,2010,4792.03,116196.4,Diesel,Dealer,Manual,Second Owner,1399.0,68.0,41.87,5.0
Ford Fiesta Classic 1.4 Duratorq LXI,2013,8652.27,42874.6,Diesel,Dealer,Manual,First Owner,1388.0,67.0,43.75,5.0
Ford EcoSport 1.5 TDCi Titanium BSIV,2015,14642.3,128002.4,Diesel,Dealer,Manual,First Owner,1498.0,98.59,53.56,5.0
Ford EcoSport 1.5 TDCi Signature BSIV,2018,25291.25,16777.0,Diesel,Dealer,Manual,First Owner,1498.0,98.59,53.56,5.0
Ford Ecosport 1.5 DV5 MT Titanium Optional,2014,13311.18,82021.0,Diesel,Dealer,Manual,Second Owner,1498.0,89.84,53.39,5.0
Ford Aspire Titanium Diesel BSIV,2017,19301.22,46602.8,Diesel,Dealer,Manual,First Owner,1498.0,99.23,61.39,5.0
Ford Figo Aspire Titanium,2015,13311.18,11184.7,Petrol,Dealer,Manual,Second Owner,1194.0,94.93,43.51,5.0
Mahindra Verito 1.5 D2 BSIII,2011,4792.03,135458.9,Diesel,Individual,Manual,First Owner,1461.0,64.1,49.4,5.0
Hyundai i20 2015-2017 Magna 1.4 CRDi,2016,17304.54,6213.7,Diesel,Individual,Manual,First Owner,1396.0,88.73,53.02,5.0
Maruti Swift VDi BSIII W/ ABS,2010,7587.38,49709.7,Diesel,Individual,Manual,First Owner,1248.0,75.0,41.87,5.0
Mahindra Verito 1.5 D2 BSIII,2011,5590.7,133594.8,Diesel,Individual,Manual,First Owner,1461.0,64.1,49.4,5.0
Ford Fiesta Classic 1.4 Duratorq CLXI,2012,5324.47,85127.8,Diesel,Individual,Manual,First Owner,1399.0,67.0,41.87,5.0
Volkswagen Vento Diesel Highline,2011,7853.6,40389.1,Diesel,Individual,Manual,Second Owner,1598.0,103.6,48.31,5.0
Honda City 2017-2020 GXi,2007,4259.58,74564.5,Petrol,Individual,Manual,Third Owner,1497.0,78.0,41.63,5.0
Maruti Celerio VXI AT,2017,11980.07,6213.7,Petrol,Individual,Automatic,First Owner,998.0,67.04,54.33,5.0
Datsun GO Plus A,2016,10249.61,12427.4,Petrol,Individual,Manual,First Owner,1198.0,67.0,48.5,7.0
Ford Fiesta Classic 1.4 Duratorq LXI,2011,9317.83,58098.2,Diesel,Individual,Manual,Second Owner,1388.0,67.0,43.75,5.0
Maruti Swift Dzire LDI,2019,14855.28,43496.0,Diesel,Individual,Manual,First Owner,1248.0,74.02,66.8,5.0
Hyundai Santro Xing GLS,2010,4392.69,34796.8,Petrol,Individual,Manual,Third Owner,1086.0,62.1,42.15,5.0
Hyundai i20 Sportz 1.4 CRDi,2012,7986.71,49709.7,Diesel,Individual,Manual,Second Owner,1396.0,88.76,51.51,5.0
Mahindra XUV500 W8 4WD,2012,23960.13,62137.1,Diesel,Individual,Manual,First Owner,2179.0,140.0,35.52,7.0
BMW X5 3.0d,2008,22096.57,37282.3,Diesel,Individual,Automatic,Third Owner,2993.0,235.0,25.87,5.0
Skoda Rapid 1.5 TDI Ambition,2014,17038.32,40389.1,Diesel,Individual,Manual,Second Owner,1498.0,103.52,49.72,5.0
Mahindra Scorpio S10 7 Seater,2015,23960.13,43496.0,Diesel,Individual,Manual,Third Owner,2179.0,120.0,36.22,7.0
Chevrolet Enjoy TCDi LTZ 7 Seater,2013,11980.07,37282.3,Diesel,Individual,Manual,First Owner,1248.0,73.8,42.81,7.0
Maruti Ciaz 1.3 Alpha,2018,21963.46,50952.4,Diesel,Individual,Manual,First Owner,1248.0,88.5,66.07,5.0
Tata Aria Pleasure 4x2,2013,13311.18,49709.7,Diesel,Individual,Manual,Second Owner,2179.0,138.1,32.22,7.0
Mahindra KUV 100 mFALCON G80 K6 AW,2017,8652.27,3106.9,Petrol,Individual,Manual,Second Owner,1198.0,82.0,42.69,6.0
Renault Duster 110PS Diesel RxL,2014,11980.07,82642.3,Diesel,Individual,Manual,First Owner,1461.0,108.45,44.71,5.0
Honda WR-V i-VTEC VX,2017,17970.1,15534.3,Petrol,Individual,Manual,Second Owner,1199.0,88.7,41.16,5.0
Tata Zest Revotron 1.2 XT,2017,11048.28,9320.6,Petrol,Individual,Manual,First Owner,1193.0,88.7,41.33,5.0
Hyundai Creta 1.4 CRDi S,2017,29284.61,24854.8,Diesel,Individual,Manual,First Owner,1396.0,88.7,50.29,5.0
Volkswagen Ameo 1.2 MPI Comfortline,2016,13311.18,21748.0,Petrol,Individual,Manual,First Owner,1198.0,73.75,39.99,5.0
Mahindra Bolero 2011-2019 ZLX,2014,13577.38,43496.0,Diesel,Individual,Manual,Second Owner,2523.0,62.1,37.54,7.0
Maruti 800 AC BSIII,2007,1597.34,62137.1,Petrol,Individual,Manual,Second Owner,796.0,37.0,37.87,4.0
Hyundai Verna 1.6 CRDI,2013,13311.18,49709.7,Diesel,Individual,Manual,Second Owner,1582.0,126.3,52.5,5.0
Tata Indica V2 DLE BSII,2009,1198.01,62137.1,Diesel,Individual,Manual,Second Owner,1396.0,53.5,40.46,5.0
Renault KWID RXT,2017,7188.04,31068.6,Petrol,Individual,Manual,First Owner,799.0,53.3,59.2,5.0
Hyundai i20 Active 1.2 S,2017,14642.3,24854.8,Petrol,Individual,Manual,First Owner,1197.0,81.86,40.43,5.0
Renault KWID 1.0 RXT Optional,2016,6256.26,37282.3,Petrol,Individual,Manual,First Owner,999.0,67.0,54.12,5.0
Hyundai i20 1.2 Spotz,2018,15973.42,24854.8,Petrol,Individual,Manual,First Owner,1197.0,81.83,43.75,5.0
Honda Jazz 1.5 VX i DTEC,2015,13976.74,37282.3,Diesel,Individual,Manual,First Owner,1498.0,98.6,64.21,5.0
Maruti Swift VDI,2012,8652.27,55923.4,Diesel,Individual,Manual,First Owner,1248.0,74.0,53.86,5.0
Maruti Swift Dzire ZDI,2014,11181.4,55923.4,Diesel,Individual,Manual,First Owner,1248.0,74.0,55.04,5.0
Maruti Alto K10 LXI,2014,6123.12,37282.3,Petrol,Individual,Manual,Second Owner,998.0,67.1,49.21,5.0
Maruti Swift Dzire ZDI,2013,9983.39,49709.7,Diesel,Individual,Manual,Fourth & Above Owner,1248.0,74.0,55.04,5.0
Mahindra Scorpio VLX 2WD BSIV,2012,19966.78,74564.5,Diesel,Individual,Manual,First Owner,2179.0,120.0,28.34,8.0
Tata Tiago 1.2 Revotron XZ,2018,10648.95,24854.8,Petrol,Individual,Manual,First Owner,1199.0,84.0,56.08,5.0
Mahindra XUV500 W6 2WD,2013,15973.42,56544.8,Diesel,Individual,Manual,First Owner,2179.0,140.0,35.52,7.0
Hyundai Santro Xing XK eRLX Euro II,2008,2928.46,49709.7,Petrol,Individual,Manual,Third Owner,1086.0,63.0,41.87,5.0
Maruti 800 AC,2007,1198.01,45519.8,Petrol,Individual,Manual,First Owner,796.0,37.0,37.87,4.0
Tata Tiago 2019-2020 XZ,2020,13311.18,9320.6,Petrol,Individual,Manual,First Owner,1199.0,83.83,56.08,5.0
Hyundai Verna CRDi SX ABS,2007,6655.59,68350.8,Diesel,Individual,Manual,Second Owner,1493.0,110.0,42.57,5.0
Skoda Rapid 1.5 TDI Ambition BSIV,2018,25291.25,24854.8,Diesel,Individual,Manual,First Owner,1498.0,108.6,49.7,5.0
Nissan Sunny Diesel XV,2013,9983.39,131730.7,Diesel,Individual,Manual,First Owner,1461.0,84.8,50.9,5.0
Maruti Swift Dzire ZDI,2018,20765.45,18641.1,Diesel,Individual,Manual,First Owner,1248.0,74.02,66.8,5.0
Hyundai Santro Asta BSIV,2018,15307.86,18641.1,Petrol,Individual,Manual,First Owner,1086.0,68.0,47.75,5.0
Hyundai i20 1.2 Spotz,2017,14988.39,18641.1,Petrol,Individual,Manual,Second Owner,1197.0,81.83,43.75,5.0
Tata Tiago 1.2 Revotron XZ,2017,11980.07,9320.6,Petrol,Individual,Manual,First Owner,1199.0,84.0,56.08,5.0
Toyota Innova Crysta 2.4 ZX AT,2020,61231.45,621.4,Diesel,Individual,Automatic,First Owner,2393.0,147.51,32.18,7.0
Maruti 800 AC,1999,2129.79,16354.5,Petrol,Individual,Manual,First Owner,796.0,37.0,37.87,4.0
Hyundai i20 Asta 1.4 CRDi (Diesel),2010,8519.16,83885.1,Diesel,Individual,Manual,Second Owner,1396.0,90.0,54.1,5.0
Honda Civic 1.8 V MT,2008,9983.39,62137.1,Petrol,Individual,Manual,Third Owner,1799.0,130.0,31.75,5.0
Maruti Eeco 5 Seater AC BSIV,2017,10648.95,74564.5,Petrol,Individual,Manual,First Owner,1196.0,73.0,36.15,5.0
Mahindra Xylo E8 ABS Airbag,2011,15973.42,142915.3,Diesel,Individual,Manual,First Owner,2498.0,112.0,32.93,7.0
Renault KWID 1.0 RXT Optional,2016,8386.05,37282.3,Petrol,Individual,Manual,Second Owner,999.0,67.0,54.12,5.0
BMW 3 Series 320d Highline,2012,29284.61,49709.7,Diesel,Individual,Automatic,Second Owner,1995.0,181.0,37.8,5.0
Maruti Swift Dzire VDi,2010,9317.83,118060.5,Diesel,Individual,Manual,Second Owner,1248.0,73.9,45.4,5.0
Maruti Eeco 5 Seater AC BSIV,2016,9983.39,74564.5,Petrol,Individual,Manual,First Owner,1196.0,73.0,36.15,5.0
Toyota Innova 2.5 GX (Diesel) 8 Seater,2013,27953.49,134837.5,Diesel,Individual,Manual,Second Owner,2494.0,100.6,30.55,8.0
Maruti Celerio VXI,2015,9317.83,18019.8,Petrol,Individual,Manual,First Owner,998.0,67.04,54.33,5.0
Maruti Wagon R LX Minor,2010,3194.68,74564.5,Petrol,Individual,Manual,Third Owner,1061.0,67.0,44.46,5.0
Mahindra XUV500 W6 2WD,2015,21830.32,55923.4,Diesel,Individual,Manual,First Owner,2179.0,140.0,37.63,7.0
Maruti Celerio ZXI Optional AMT BSIV,2018,12033.28,18641.1,Petrol,Individual,Automatic,Second Owner,998.0,67.04,54.33,5.0
Hyundai Grand i10 Magna,2016,13311.18,34796.8,Petrol,Individual,Manual,Third Owner,1197.0,82.0,44.46,5.0
Toyota Innova 2.5 VX (Diesel) 8 Seater,2015,33277.96,55923.4,Diesel,Individual,Manual,First Owner,2494.0,100.6,30.55,8.0
Mahindra TUV 300 T8,2015,13311.18,74564.5,Diesel,Individual,Manual,First Owner,1493.0,100.0,43.49,7.0
Maruti Swift VDI BSIV,2015,13044.96,37282.3,Diesel,Individual,Manual,First Owner,1248.0,74.0,59.27,5.0
Maruti Swift Dzire ZDi,2008,5324.47,91341.5,Diesel,Individual,Manual,Second Owner,1248.0,73.9,45.4,5.0
Maruti Wagon R VXI BSIII,2012,6389.37,21748.0,Petrol,Individual,Manual,First Owner,998.0,67.1,44.46,5.0
Hyundai i20 1.2 Spotz,2018,17437.65,12116.7,Petrol,Individual,Manual,First Owner,1197.0,81.83,43.75,5.0
Hyundai i20 Active 1.2 SX,2018,16505.87,23876.8,Petrol,Individual,Manual,First Owner,1197.0,81.86,40.43,5.0
Maruti Swift VXI Windsong Limited edition,2015,11980.07,21748.0,Petrol,Individual,Manual,Second Owner,1197.0,83.11,47.98,5.0
Maruti Wagon R LXI BS IV,2014,8252.93,21748.0,Petrol,Individual,Manual,Second Owner,998.0,67.04,48.24,5.0
Maruti Alto LXi,2007,3993.36,31068.6,Petrol,Individual,Manual,Third Owner,796.0,46.3,46.34,5.0
Chevrolet Beat Diesel LT,2012,4792.03,74564.5,Diesel,Individual,Manual,First Owner,936.0,57.6,59.84,5.0
Tata Indica Vista TDI LS,2011,3993.36,74564.5,Diesel,Individual,Manual,First Owner,1405.0,70.0,45.63,5.0
Ford Figo Diesel EXI,2011,4259.58,69593.6,Diesel,Individual,Manual,Second Owner,1399.0,68.0,47.04,5.0
Mahindra Scorpio EX,2013,15973.42,43496.0,Diesel,Individual,Manual,Third Owner,2523.0,75.0,32.93,8.0
Skoda Rapid 1.6 TDI Ambition Plus Alloy,2012,10116.5,90098.8,Diesel,Individual,Manual,First Owner,1598.0,103.5,48.22,5.0
Tata Indigo LX,2007,3194.68,83885.1,Diesel,Individual,Manual,First Owner,1405.0,70.0,39.99,5.0
Toyota Innova 2.5 EV Diesel PS 7 Seater BSIII,2011,9317.83,310685.5,Diesel,Individual,Manual,Second Owner,2494.0,100.57,30.55,7.0
Tata Indigo TDI,2012,3594.02,90720.2,Diesel,Individual,Manual,First Owner,1405.0,70.0,46.13,5.0
Hyundai Grand i10 1.2 Kappa Sportz BSIV,2018,16239.65,6213.7,Petrol,Individual,Manual,First Owner,1197.0,81.86,44.46,5.0
Volkswagen Polo 1.5 TDI Comfortline,2020,6921.82,31068.6,Diesel,Individual,Manual,First Owner,1498.0,88.5,47.37,5.0
Hyundai Xcent 1.2 VTVT S,2017,13311.18,15534.3,Petrol,Individual,Manual,First Owner,1197.0,81.86,47.37,5.0
Renault KWID 1.0,2016,5856.92,12427.4,Petrol,Individual,Manual,First Owner,999.0,67.0,54.12,5.0
Honda Civic 1.8 S MT,2006,3221.31,43496.0,Petrol,Individual,Manual,Second Owner,1799.0,130.0,31.75,5.0
Tata Indigo CS eLX BS IV,2017,9317.83,31068.6,Diesel,Individual,Manual,First Owner,1396.0,69.01,58.8,5.0
Audi Q3 35 TDI Quattro Technology,2018,58569.21,15534.3,Diesel,Individual,Automatic,Second Owner,1968.0,181.0,35.68,5.0
Hyundai i20 1.4 CRDi Asta,2011,7454.26,62137.1,Diesel,Individual,Manual,Second Owner,1396.0,90.0,54.1,5.0
Tata Nexon 1.2 Revotron XZ Plus,2020,24492.55,12427.4,Petrol,Individual,Manual,First Owner,1198.0,108.5,39.99,5.0
Hyundai i20 1.4 CRDi Asta,2011,8519.16,96312.5,Diesel,Individual,Manual,First Owner,1396.0,90.0,54.1,5.0
Ford Figo Diesel LXI,2012,3727.13,43496.0,Diesel,Individual,Manual,Fourth & Above Owner,1399.0,68.0,47.04,5.0
Maruti SX4 VDI,2012,8252.93,15534.3,Diesel,Individual,Manual,Second Owner,1248.0,88.8,50.57,5.0
Maruti 800 EX 5 Speed,2006,1730.45,74564.5,Petrol,Individual,Manual,Second Owner,796.0,37.0,37.87,4.0
Chevrolet Enjoy TCDi LTZ 7 Seater,2013,7986.71,55923.4,Diesel,Individual,Manual,First Owner,1248.0,73.8,42.81,7.0
Mahindra XUV500 W8 2WD,2011,15307.86,68350.8,Diesel,Individual,Manual,Second Owner,2179.0,140.0,35.52,7.0
Tata Xenon XT EX 4X2,2014,11713.84,68350.8,Diesel,Individual,Manual,Second Owner,2179.0,138.03,31.73,5.0
Maruti Swift VDI,2012,10116.5,62137.1,Diesel,Individual,Manual,Second Owner,1248.0,74.0,53.86,5.0
Tata Manza Aura (ABS) Safire,2010,3727.13,72514.0,Petrol,Individual,Manual,Fourth & Above Owner,1368.0,90.0,35.28,5.0
Tata Zest Quadrajet 1.3 75PS XE,2015,12645.63,15534.3,Diesel,Individual,Manual,First Owner,1248.0,74.0,53.98,5.0
Mahindra Xylo D2,2011,5324.47,124274.2,Diesel,Individual,Manual,Third Owner,2489.0,95.0,30.58,8.0
Maruti Swift Ldi BSIV,2010,10648.95,109399.8,Diesel,Individual,Manual,First Owner,1248.0,75.0,41.87,5.0
Toyota Innova 2.5 G (Diesel) 8 Seater BS IV,2008,11314.51,155342.8,Diesel,Individual,Manual,Third Owner,2494.0,102.0,30.11,8.0
Honda Amaze Anniversary Edition,2015,13577.38,50952.4,Diesel,Individual,Manual,First Owner,1498.0,98.6,60.69,5.0
Hyundai i10 Era 1.1 iTech SE,2010,7321.15,49709.7,Petrol,Individual,Manual,First Owner,1086.0,68.05,46.6,5.0
Chevrolet Enjoy 1.3 TCDi LTZ 7,2017,17304.54,24854.8,Diesel,Individual,Manual,Second Owner,1248.0,73.74,42.81,7.0
Jeep Compass 2.0 Longitude Option BSIV,2019,49251.38,8699.2,Diesel,Individual,Manual,First Owner,1956.0,170.0,40.22,5.0
Renault Duster 4x4,2014,17304.54,80156.9,Diesel,Individual,Manual,First Owner,1461.0,108.45,46.38,5.0
Fiat Punto EVO 1.3 Emotion,2016,9584.05,37282.3,Diesel,Individual,Manual,Second Owner,1248.0,91.7,48.22,5.0
Volkswagen Ameo 1.5 TDI Highline Plus 16 AT,2018,17304.54,50952.4,Diesel,Individual,Automatic,First Owner,1498.0,108.62,51.11,5.0
Land Rover Range Rover Evoque 2.2L Pure,2013,53244.74,48156.3,Diesel,Individual,Automatic,Third Owner,2179.0,187.7,29.87,5.0
Chevrolet Enjoy 1.3 TCDi LTZ 7,2017,17970.1,31068.6,Diesel,Individual,Manual,Second Owner,1248.0,73.74,42.81,7.0
Maruti 800 AC,2006,1331.12,24854.8,Petrol,Individual,Manual,Third Owner,796.0,37.0,37.87,4.0
Maruti Wagon R VXI Opt 1.2,2017,11846.95,24544.2,Petrol,Individual,Manual,First Owner,1197.0,81.8,48.27,5.0
Hyundai Elite i20 Sportz Plus Diesel,2018,19966.78,24854.8,Diesel,Individual,Manual,First Owner,1396.0,88.76,53.02,5.0
Maruti Swift VDI,2012,11314.51,34796.8,Diesel,Individual,Manual,Second Owner,1248.0,74.0,53.86,5.0
Hyundai i20 1.4 Asta Option,2017,22629.01,33554.0,Diesel,Individual,Manual,First Owner,1396.0,88.73,53.02,5.0
Maruti Wagon R VXI BS IV,2016,10648.95,12427.4,Petrol,Individual,Manual,Second Owner,998.0,67.04,48.24,5.0
Tata Indica V2 eLX,2014,5324.47,34732.2,Diesel,Individual,Manual,Second Owner,1396.0,69.0,58.8,5.0
Honda Amaze SX i-DTEC,2016,14642.3,21748.0,Diesel,Individual,Manual,First Owner,1498.0,98.6,60.69,5.0
Honda Brio V MT,2012,6655.59,60273.0,Petrol,Individual,Manual,Second Owner,1198.0,86.8,45.63,5.0
Maruti Alto 800 LXI,2014,5484.21,74564.5,Petrol,Individual,Manual,Second Owner,796.0,47.3,53.49,5.0
Hyundai EON Magna Plus,2014,7720.49,31068.6,Petrol,Individual,Manual,First Owner,814.0,55.2,49.63,5.0
Tata Nano Lx BSIV,2010,1198.01,18889.7,Petrol,Individual,Manual,Fourth & Above Owner,624.0,35.0,61.16,4.0
Nissan Sunny Diesel XL,2012,5856.92,68350.8,Diesel,Individual,Manual,Third Owner,1461.0,84.8,50.9,5.0
Mercedes-Benz New C-Class C 220 CDI Elegance AT,2008,13710.52,74564.5,Diesel,Individual,Automatic,Second Owner,2143.0,170.0,34.91,5.0
Maruti Alto LX,2010,4525.8,62137.1,Petrol,Individual,Manual,First Owner,796.0,46.3,46.34,5.0
Maruti Swift Vdi BSIII,2010,6921.82,74564.5,Diesel,Individual,Manual,Second Owner,1248.0,75.0,41.87,5.0
Volkswagen Vento Diesel Highline,2012,8386.05,80778.2,Diesel,Individual,Manual,Second Owner,1598.0,103.6,48.31,5.0
Maruti Alto K10 2010-2014 VXI,2011,5990.03,47224.2,Petrol,Individual,Manual,Second Owner,998.0,67.1,49.21,5.0
Volkswagen Jetta 2.0L TDI Comfortline,2012,11181.4,68350.8,Diesel,Individual,Manual,Third Owner,1968.0,138.1,45.47,5.0
Mahindra Scorpio VLX 4WD AIRBAG BSIV,2011,13976.74,59651.6,Diesel,Individual,Manual,First Owner,2179.0,120.0,28.34,8.0
Maruti Swift AMT ZDI,2018,17836.99,55923.4,Diesel,Individual,Automatic,First Owner,1248.0,74.0,66.8,5.0
Ford Figo Diesel Celebration Edition,2013,6655.59,15534.3,Diesel,Individual,Manual,First Owner,1399.0,68.1,47.04,5.0
Maruti Swift Dzire VDi,2009,6123.12,55923.4,Diesel,Individual,Manual,Second Owner,1248.0,73.9,45.4,5.0
Maruti Swift Dzire VDi,2009,6123.12,101904.8,Diesel,Individual,Manual,Second Owner,1248.0,73.9,45.4,5.0
Honda Amaze EX i-Vtech,2013,7986.71,74564.5,Petrol,Individual,Manual,Second Owner,1198.0,86.7,42.34,5.0
Maruti A-Star Vxi,2010,4392.69,41010.5,Petrol,Individual,Manual,Second Owner,998.0,66.1,44.69,5.0
Tata New Safari DICOR 2.2 EX 4x4 BS IV,2010,7853.6,155342.8,Diesel,Individual,Manual,First Owner,2179.0,138.0,32.77,7.0
Hyundai Verna 1.6 CRDI,2011,9584.05,97555.2,Diesel,Individual,Manual,Second Owner,1582.0,126.3,52.5,5.0
Hyundai Verna 1.6 CRDI,2011,10116.5,97555.2,Diesel,Individual,Manual,Second Owner,1582.0,126.3,52.5,5.0
Renault KWID 1.0 RXT 02 Anniversary Edition,2017,7986.71,21748.0,Petrol,Individual,Manual,First Owner,999.0,67.0,54.12,5.0
Datsun GO Plus T BSIV,2016,8652.27,43496.0,Petrol,Individual,Manual,Second Owner,1198.0,67.0,45.73,7.0
Tata Manza Aqua Quadrajet BS IV,2010,4259.58,18641.1,Diesel,Individual,Manual,Second Owner,1248.0,88.8,49.68,5.0
Mahindra Bolero Power Plus SLE,2018,16772.09,24854.8,Diesel,Individual,Manual,First Owner,1493.0,70.0,38.81,7.0
Maruti Alto 800 VXI,2014,6123.12,18641.1,Petrol,Individual,Manual,Second Owner,796.0,47.3,53.49,5.0
Maruti Swift ZDi,2014,11713.84,43496.0,Diesel,Individual,Manual,Second Owner,1248.0,74.0,53.86,5.0
Chevrolet Spark 1.0 LT,2007,2396.01,37282.3,Petrol,Individual,Manual,Second Owner,995.0,62.0,42.34,5.0
Maruti Ciaz VDI SHVS,2017,19966.78,37282.3,Diesel,Individual,Manual,First Owner,1248.0,88.5,66.07,5.0
Honda City V MT,2012,8785.38,49709.7,Petrol,Individual,Manual,Second Owner,1497.0,116.3,39.52,5.0
Maruti Ciaz ZDi Plus SHVS,2016,19034.99,43496.0,Diesel,Individual,Manual,Second Owner,1248.0,88.5,66.07,5.0
Skoda Fabia 1.2 TDI Active Plus,2013,6655.59,93205.6,Diesel,Individual,Manual,Second Owner,1199.0,75.0,49.07,5.0
Maruti Zen Estilo 1.1 LX BSIII,2007,3194.68,93205.6,Petrol,Individual,Manual,Second Owner,1061.0,64.0,42.81,5.0
Ford Ikon 1.6 Nxt,2004,2662.24,15534.3,Petrol,Individual,Manual,Third Owner,1597.0,92.0,33.4,5.0
Skoda Rapid 1.5 TDI AT Style BSIV,2017,22629.01,21748.0,Diesel,Individual,Automatic,Second Owner,1498.0,108.6,51.09,5.0
Hyundai Xcent 1.2 CRDi E Plus,2018,11980.07,29825.8,Diesel,Individual,Manual,First Owner,1186.0,73.97,59.74,5.0
Volkswagen Polo Diesel Trendline 1.2L,2012,6389.37,124274.2,Diesel,Individual,Manual,First Owner,1199.0,73.9,51.91,5.0
Maruti Swift Dzire VDI,2015,15973.42,83885.1,Diesel,Individual,Manual,First Owner,1248.0,74.0,62.54,5.0
Chevrolet Enjoy 1.3 TCDi LS 7,2016,7454.26,68350.8,Diesel,Individual,Manual,Second Owner,1248.0,73.74,42.81,7.0
Hyundai Verna 1.6 SX,2012,12379.4,90720.2,Diesel,Individual,Manual,Second Owner,1582.0,126.32,52.5,5.0
Maruti Alto 800 LXI,2018,9317.83,27340.3,Petrol,Individual,Manual,First Owner,796.0,47.3,58.1,5.0
Hyundai i10 Magna 1.2 iTech SE,2013,8652.27,43496.0,Petrol,Individual,Manual,First Owner,1197.0,78.9,47.89,5.0
Tata Indica V2 DLS TC,2004,1331.12,168391.5,Diesel,Individual,Manual,First Owner,1405.0,62.0,39.52,5.0
Maruti Alto LXi BSIII,2006,2928.46,74564.5,Petrol,Individual,Manual,Third Owner,796.0,46.3,46.34,5.0
Mahindra Bolero 2011-2019 SLE BSIII,2015,13710.52,37282.3,Diesel,Individual,Manual,First Owner,2523.0,62.1,37.54,7.0
Maruti Ciaz 1.4 Sigma,2018,19966.78,24854.8,Petrol,Individual,Manual,First Owner,1373.0,91.1,48.76,5.0
Hyundai EON Sportz,2018,9317.83,15534.3,Petrol,Individual,Manual,First Owner,814.0,55.2,49.63,5.0
Hyundai Grand i10 1.2 Kappa Sportz BSIV,2019,13018.31,9320.6,Petrol,Individual,Manual,First Owner,1197.0,81.86,44.46,5.0
Maruti Alto 800 LXI,2017,7986.71,16777.0,Petrol,Individual,Manual,First Owner,796.0,47.3,58.1,5.0
Maruti Baleno Alpha 1.3,2017,17304.54,21748.0,Diesel,Individual,Manual,Second Owner,1248.0,74.0,64.43,5.0
Maruti A-Star Vxi,2014,6655.59,24854.8,Petrol,Individual,Manual,First Owner,998.0,66.1,44.69,5.0
Maruti Alto 800 LXI,2014,5324.47,24854.8,Petrol,Individual,Manual,Third Owner,796.0,47.3,53.49,5.0
Mahindra Scorpio S10 7 Seater,2015,25291.25,46765.6,Diesel,Individual,Manual,First Owner,2179.0,120.0,36.22,7.0
Tata Indigo eCS LX BSIV,2012,5324.47,74564.5,Diesel,Individual,Manual,First Owner,1396.0,69.0,54.17,5.0
Hyundai EON 1.0 Era Plus,2016,7347.77,37282.3,Petrol,Individual,Manual,First Owner,998.0,68.05,47.75,5.0
Hyundai EON Magna Plus,2014,6655.59,24854.8,Petrol,Individual,Manual,First Owner,814.0,55.2,49.63,5.0
Maruti Alto LX,2008,2529.13,49709.7,Petrol,Individual,Manual,Second Owner,796.0,46.3,46.34,5.0
Tata Indigo CR4,2011,5324.47,43496.0,Diesel,Individual,Manual,Second Owner,1396.0,70.0,55.44,5.0
Hyundai Verna 1.6 SX,2012,11980.07,62137.1,Diesel,Individual,Manual,Second Owner,1582.0,126.32,52.5,5.0
Mahindra XUV500 W6 2WD,2013,23960.13,11184.7,Diesel,Individual,Manual,First Owner,2179.0,140.0,35.52,7.0
Tata Indigo CS LX (TDI) BS III,2010,5324.47,108739.9,Diesel,Individual,Manual,First Owner,1396.0,69.0,44.9,5.0
Hyundai i10 Sportz,2010,5324.47,43496.0,Petrol,Individual,Manual,Second Owner,1197.0,78.9,47.89,5.0
Mahindra Bolero 2011-2019 SLE,2011,9850.28,57081.0,Diesel,Individual,Manual,Second Owner,2523.0,62.1,37.54,7.0
Tata Indigo CS GLX BS III,2008,6655.59,62137.1,Petrol,Individual,Manual,First Owner,1193.0,65.0,35.75,5.0
Renault KWID RXT,2016,7720.49,6213.7,Petrol,Individual,Manual,First Owner,799.0,53.3,59.2,5.0
Maruti Ertiga SHVS VDI,2018,23960.13,21748.0,Diesel,Individual,Manual,First Owner,1248.0,88.5,57.67,7.0
Ford Figo Diesel Celebration Edition,2013,8652.27,74564.5,Diesel,Individual,Manual,Second Owner,1399.0,68.1,47.04,5.0
Hyundai Grand i10 Magna,2016,11314.51,18641.1,Petrol,Individual,Manual,First Owner,1197.0,82.0,44.46,5.0
Renault KWID RXT,2016,8386.05,37282.3,Petrol,Individual,Manual,First Owner,799.0,53.3,59.2,5.0
Maruti Alto K10 VXI,2014,7986.71,43496.0,Petrol,Individual,Manual,First Owner,998.0,67.05,56.33,5.0
Hyundai i10 Sportz,2013,8652.27,43496.0,Petrol,Individual,Manual,Second Owner,1197.0,78.9,47.89,5.0
Hyundai Creta 1.4 CRDi S,2016,23960.13,80778.2,Diesel,Individual,Manual,First Owner,1396.0,88.7,50.29,5.0
Hyundai Creta 1.4 CRDi S Plus,2016,25291.25,82642.3,Diesel,Individual,Manual,First Owner,1396.0,88.7,50.29,5.0
Volkswagen Vento Diesel Trendline,2010,8519.16,74564.5,Diesel,Individual,Manual,Third Owner,1598.0,103.6,48.31,5.0
Volkswagen Ameo 1.0 MPI Trendline,2019,13311.18,12427.4,Petrol,Individual,Manual,First Owner,999.0,75.0,45.73,5.0
Ford Figo Petrol LXI,2012,7720.49,15534.3,Petrol,Individual,Manual,First Owner,1196.0,70.0,36.69,5.0
Tata Nano Lx BSIV,2012,1597.34,55923.4,Petrol,Individual,Manual,First Owner,624.0,37.48,59.74,4.0
Maruti A-Star Vxi,2009,3194.68,86991.9,Petrol,Individual,Manual,Third Owner,998.0,66.1,44.69,5.0
Honda City i-DTEC VX,2017,22629.01,64001.2,Diesel,Dealer,Manual,First Owner,1498.0,97.9,60.22,5.0
Toyota Innova Crysta 2.4 GX MT BSIV,2017,46589.15,14291.5,Diesel,Dealer,Manual,First Owner,2393.0,147.8,32.18,7.0
Honda City i DTEC V,2015,15973.42,79535.5,Diesel,Dealer,Manual,First Owner,1498.0,98.6,61.16,5.0
Volkswagen Polo 1.5 TDI Highline,2015,16505.87,20505.2,Diesel,Individual,Manual,First Owner,1498.0,88.8,47.37,5.0
Maruti Alto LXi BSIII,2009,3993.36,43496.0,Petrol,Individual,Manual,Second Owner,796.0,46.3,46.34,5.0
Tata Indigo Grand Petrol,2008,3594.02,24854.8,Petrol,Individual,Manual,Fourth & Above Owner,1396.0,99.6,30.23,5.0
Tata Indica Vista Terra 1.4 TDI,2011,5324.47,49709.7,Diesel,Individual,Manual,First Owner,1405.0,71.0,39.99,5.0
Maruti Ciaz ZDi,2015,19434.33,43496.0,Diesel,Individual,Manual,First Owner,1248.0,88.5,61.65,5.0
Toyota Innova 2.5 G (Diesel) 8 Seater,2013,21297.9,62137.1,Diesel,Individual,Manual,First Owner,2494.0,100.6,30.55,8.0
Mahindra Xylo E8,2009,7986.71,55923.4,Diesel,Individual,Manual,Second Owner,2498.0,112.0,32.93,8.0
Ford Figo Diesel Titanium,2012,5058.25,69593.6,Diesel,Individual,Manual,Second Owner,1399.0,68.0,47.04,5.0
Honda Civic 1.8 V MT Inspire,2011,9317.83,31068.6,Petrol,Individual,Manual,First Owner,1799.0,132.0,36.46,5.0
Hyundai Xcent 1.1 CRDi S,2015,13577.38,38525.0,Diesel,Individual,Manual,Second Owner,1120.0,71.0,57.39,5.0
Maruti Ertiga LDI,2012,10648.95,55923.4,Diesel,Individual,Manual,First Owner,1248.0,88.76,48.85,7.0
Toyota Innova 2.5 VX (Diesel) 7 Seater,2013,21297.9,49709.7,Diesel,Individual,Manual,First Owner,2494.0,100.0,30.55,7.0
Hyundai Creta 1.6 CRDi SX,2016,24758.8,29547.4,Diesel,Individual,Manual,Second Owner,1582.0,126.2,46.27,5.0
Maruti Vitara Brezza ZDi Plus Dual Tone,2016,19168.11,24854.8,Diesel,Individual,Manual,Second Owner,1248.0,88.5,57.16,5.0
Ford Figo Petrol EXI,2011,5990.03,9320.6,Petrol,Individual,Manual,First Owner,1196.0,70.0,36.69,5.0
Ford EcoSport 1.5 Diesel Titanium Plus BSIV,2019,25291.25,12427.4,Diesel,Individual,Manual,First Owner,1498.0,98.96,54.1,5.0
Hyundai i20 Active 1.2,2018,14109.86,32311.3,Petrol,Individual,Manual,First Owner,1197.0,81.86,40.43,5.0
Hyundai i20 Magna 1.2,2016,12512.51,43496.0,Petrol,Individual,Manual,First Owner,1197.0,81.83,43.75,5.0
Tata Safari Storme LX,2014,14376.08,48156.3,Diesel,Individual,Manual,Second Owner,2179.0,138.1,32.93,7.0
Maruti Swift VDI BSIV,2015,12246.26,62137.1,Diesel,Individual,Manual,Second Owner,1248.0,74.0,59.27,5.0
Renault KWID RXL,2019,8652.27,9134.2,Petrol,Individual,Manual,First Owner,799.0,53.3,59.2,5.0
Maruti Omni MPI STD BSIV,2016,6389.37,24854.8,Petrol,Individual,Manual,First Owner,796.0,34.2,39.52,5.0
Mahindra KUV 100 mFALCON G80 K2,2017,10648.95,19883.9,Petrol,Individual,Manual,Second Owner,1198.0,82.0,42.69,6.0
Maruti Alto LXI,2004,1863.57,43496.0,Petrol,Individual,Manual,Second Owner,796.0,46.3,46.34,5.0
Maruti Swift Dzire VXi,2009,6655.59,49709.7,Petrol,Individual,Manual,First Owner,1298.0,85.8,41.16,5.0
Toyota Innova 2.5 G (Diesel) 8 Seater,2014,24226.36,49709.7,Diesel,Individual,Manual,Second Owner,2494.0,100.6,30.55,8.0
Maruti Swift Dzire VDI,2018,19168.11,15534.3,Diesel,Individual,Manual,First Owner,1248.0,74.02,66.8,5.0
Maruti Swift Dzire ZDI,2015,15707.2,31068.6,Diesel,Individual,Manual,First Owner,1248.0,74.0,62.54,5.0
Mahindra Bolero DI BSIII,2006,3860.24,105633.1,Diesel,Individual,Manual,First Owner,2523.0,63.0,31.99,7.0
Mahindra KUV 100 G80 K4 Plus 5Str,2018,11846.95,12241.0,Petrol,Individual,Manual,First Owner,1198.0,82.0,42.69,5.0
Ford Figo Aspire 1.5 TDCi Titanium,2018,9903.52,31068.6,Diesel,Individual,Manual,Fourth & Above Owner,1498.0,99.0,60.76,5.0
Maruti Wagon R LXI,2005,1730.45,55923.4,Petrol,Individual,Manual,Second Owner,998.0,67.1,44.46,5.0
Ford Figo Diesel LXI,2015,7986.71,86991.9,Diesel,Individual,Manual,First Owner,1399.0,68.05,47.04,5.0
Mahindra Scorpio 2.6 DX,2003,3327.8,74564.5,Diesel,Individual,Manual,Third Owner,2609.0,116.6,29.87,8.0
Tata Tigor 1.2 Revotron XZ Option,2017,13843.63,24854.8,Petrol,Individual,Manual,First Owner,1199.0,84.0,47.75,5.0
Maruti Alto 800 LXI,2014,5058.25,43496.0,Petrol,Individual,Manual,Third Owner,796.0,47.3,53.49,5.0
Datsun RediGO 1.0 S,2018,8252.93,4349.6,Petrol,Individual,Manual,First Owner,999.0,67.0,52.92,5.0
Toyota Innova 2.5 VX 8 STR BSIV,2012,19966.78,55923.4,Diesel,Individual,Manual,First Owner,2494.0,102.0,30.11,8.0
Mahindra TUV 300 mHAWK100 T8 AMT,2016,19966.78,68350.8,Diesel,Individual,Automatic,First Owner,1493.0,100.0,43.49,7.0
Maruti Alto K10 VXI,2019,9317.83,9320.6,Petrol,Individual,Manual,First Owner,998.0,67.05,56.33,5.0
Maruti Alto 800 VXI,2020,9584.05,3106.9,Petrol,Individual,Manual,First Owner,796.0,47.3,51.86,5.0
Renault KWID RXE,2017,7587.38,3106.9,Petrol,Individual,Manual,First Owner,799.0,53.3,59.2,5.0
Maruti Alto 800 LX,2013,4259.58,43496.0,Petrol,Individual,Manual,Second Owner,796.0,47.3,53.49,5.0
Datsun GO Plus D,2015,6123.12,37282.3,Petrol,Individual,Manual,Second Owner,1198.0,67.0,45.73,7.0
Maruti Alto LXi,2007,2262.9,74564.5,Petrol,Individual,Manual,Third Owner,796.0,46.3,46.34,5.0
Datsun RediGO 1.0 S,2018,7986.71,4349.6,Petrol,Individual,Manual,First Owner,999.0,67.0,52.92,5.0
Mahindra Scorpio 2009-2014 SLE 7S BSIV,2014,17970.1,74564.5,Diesel,Individual,Manual,First Owner,2179.0,120.0,28.34,7.0
Mahindra Scorpio 2009-2014 SLE 7S BSIII,2014,18635.66,90248.5,Diesel,Individual,Manual,First Owner,2179.0,120.0,28.34,7.0
Mahindra Scorpio 2.6 Turbo 7 Str,2008,10648.95,68350.8,Diesel,Individual,Manual,First Owner,2609.0,116.6,29.87,8.0
Renault KWID RXT,2016,6788.68,18641.1,Petrol,Individual,Manual,Third Owner,799.0,53.3,59.2,5.0
Mahindra Scorpio S10 7 Seater,2015,27953.49,49709.7,Diesel,Individual,Manual,Second Owner,2179.0,120.0,36.22,7.0
Maruti Swift Dzire VDI,2013,10382.72,62137.1,Diesel,Individual,Manual,First Owner,1248.0,74.0,55.04,5.0
Toyota Etios Liva GD,2015,11980.07,49709.7,Diesel,Individual,Manual,First Owner,1364.0,67.04,55.49,5.0
Toyota Innova Crysta 2.8 GX AT BSIV,2016,43394.46,24854.8,Diesel,Individual,Automatic,Second Owner,2755.0,171.5,26.72,7.0
Maruti Vitara Brezza VDi Option,2017,19301.22,31068.6,Diesel,Individual,Manual,First Owner,1248.0,88.5,57.16,5.0
Tata Safari Storme LX,2013,12406.02,59340.9,Diesel,Individual,Manual,Second Owner,2179.0,138.1,32.93,7.0
Jeep Compass 1.4 Sport,2019,40466.0,6213.7,Petrol,Individual,Manual,First Owner,1368.0,160.0,37.63,5.0
Maruti Alto K10 VXI,2014,6123.12,33226.6,Petrol,Individual,Manual,First Owner,998.0,67.05,56.33,5.0
Mahindra XUV500 W10 2WD,2016,35940.2,15534.3,Diesel,Individual,Manual,First Owner,2179.0,140.0,37.63,7.0
Hyundai Santro Xing GLS,2013,5856.92,49709.7,Petrol,Individual,Manual,First Owner,1086.0,62.1,42.15,5.0
Hyundai Xcent 1.1 CRDi S,2015,9584.05,74564.5,Diesel,Individual,Manual,First Owner,1120.0,71.0,57.39,5.0
Maruti Alto K10 VXI,2018,9317.83,24854.8,Petrol,Individual,Manual,First Owner,998.0,67.05,56.33,5.0
Hyundai Verna 1.6 SX CRDi (O),2012,13311.18,43496.0,Diesel,Individual,Manual,First Owner,1582.0,126.32,52.5,5.0
Chevrolet Beat Diesel LT,2013,3860.24,55923.4,Diesel,Individual,Manual,Third Owner,936.0,57.6,59.84,5.0
Chevrolet Sail Hatchback 1.2,2014,7986.71,31689.9,Petrol,Individual,Manual,First Owner,1199.0,82.5,42.81,5.0
Hyundai Accent GLE,2009,4792.03,54059.3,Petrol,Individual,Manual,Second Owner,1495.0,94.0,31.05,5.0
Renault Duster 110PS Diesel RxL,2014,16505.87,55923.4,Diesel,Individual,Manual,Second Owner,1461.0,108.45,44.71,5.0
Toyota Etios G,2015,9584.05,68350.8,Petrol,Individual,Manual,Third Owner,1496.0,88.73,39.47,5.0
Hyundai Santro Xing GLS,2010,6522.48,53437.9,Petrol,Individual,Manual,Second Owner,1086.0,62.1,42.15,5.0
Ford Ikon 1.6 Really Sport,2003,3460.91,49709.7,Petrol,Individual,Manual,Third Owner,1597.0,92.0,33.4,5.0
Maruti Esteem LX - BSIII,1999,1863.57,40389.1,Petrol,Individual,Manual,Fourth & Above Owner,1298.0,85.0,37.4,5.0
Maruti Esteem LX - BSIII,1999,1863.57,43496.0,Petrol,Individual,Manual,Fourth & Above Owner,1298.0,85.0,37.4,5.0
Ford Fiesta 1.5 TDCi Titanium,2014,17304.54,86991.9,Diesel,Individual,Manual,Second Owner,1498.0,89.75,58.83,5.0
Maruti Swift VXI,2019,16239.65,11184.7,Petrol,Individual,Manual,First Owner,1197.0,81.8,49.89,5.0
Maruti Alto K10 VXI,2015,7986.71,14912.9,Petrol,Individual,Manual,First Owner,998.0,67.05,56.33,5.0
Hyundai Grand i10 CRDi Magna,2014,11314.51,37282.3,Diesel,Individual,Manual,First Owner,1120.0,70.0,56.45,5.0
Hyundai Verna 1.6 SX CRDi (O),2012,11980.07,93205.6,Diesel,Individual,Manual,Third Owner,1582.0,126.32,52.5,5.0
Hyundai Verna 1.6 CRDI,2011,11980.07,67108.1,Diesel,Individual,Manual,First Owner,1582.0,126.3,52.5,5.0
Hyundai i10 Sportz AT,2011,9051.61,37282.3,Petrol,Individual,Automatic,Third Owner,1197.0,78.9,39.87,5.0
Maruti Ertiga LDI Option,2013,17304.54,55923.4,Diesel,Individual,Manual,First Owner,1248.0,88.76,48.85,7.0
Tata Indigo CS LS (TDI) BS III,2009,4259.58,43496.0,Diesel,Individual,Manual,First Owner,1396.0,69.0,44.9,5.0
Tata Indica Vista TDI LS,2014,6655.59,74564.5,Diesel,Individual,Manual,First Owner,1405.0,70.0,44.93,5.0
Chevrolet Beat Diesel LT,2012,5990.03,62137.1,Diesel,Individual,Manual,Third Owner,936.0,57.6,59.84,5.0
Tata Indica V2 2001-2011 DLS BSIII,2007,1464.23,47198.1,Diesel,Individual,Manual,Second Owner,1396.0,52.8,42.06,5.0
Maruti 800 AC,1996,1118.14,43496.0,Petrol,Individual,Manual,Third Owner,796.0,37.0,37.87,4.0
Hyundai Tucson CRDi,2006,7507.51,79535.5,Diesel,Individual,Manual,Fourth & Above Owner,1991.0,112.0,29.64,7.0
Tata Indica V2 DLS TC,2007,2129.79,68350.8,Diesel,Individual,Manual,Third Owner,1405.0,62.0,39.52,5.0
Maruti Swift Dzire VXI,2016,13311.18,24854.8,Petrol,Individual,Manual,First Owner,1197.0,83.14,49.04,5.0
Ford Figo Aspire 1.5 TDCi Ambiente,2016,13311.18,43496.0,Diesel,Individual,Manual,First Owner,1498.0,99.0,60.76,5.0
Maruti Swift VDI,2011,10648.95,37282.3,Diesel,Individual,Manual,First Owner,1248.0,74.0,53.86,5.0
Mahindra Bolero 2011-2019 SLX,2013,14642.3,55923.4,Diesel,Individual,Manual,First Owner,2523.0,62.1,37.54,7.0
Tata New Safari Dicor LX 4X2 BS IV,2007,5324.47,43496.0,Diesel,Individual,Manual,Second Owner,2179.0,138.1,32.77,7.0
Hyundai i10 Sportz,2012,7454.26,40389.1,Petrol,Individual,Manual,First Owner,1197.0,78.9,47.89,5.0
Maruti Swift Dzire VDI,2014,15440.97,54680.6,Diesel,Individual,Manual,First Owner,1248.0,74.0,55.04,5.0
Tata Manza Aura (ABS) Quadrajet,2009,2662.24,49709.7,Diesel,Individual,Manual,Third Owner,1248.0,90.0,44.22,5.0
Mahindra Scorpio EX,2014,14642.3,37282.3,Diesel,Individual,Manual,First Owner,2523.0,75.0,32.93,8.0
Mahindra TUV 300 T4 Plus,2017,18635.66,23612.1,Diesel,Individual,Manual,First Owner,1493.0,100.0,43.49,7.0
Tata Manza Aqua Safire,2010,3993.36,49709.7,Petrol,Individual,Manual,Third Owner,1368.0,90.0,35.28,5.0
Hyundai EON Magna Plus,2014,5058.25,37282.3,Petrol,Individual,Manual,Second Owner,814.0,55.2,49.63,5.0
Mahindra Bolero 2011-2019 SLE,2013,13311.18,68350.8,Diesel,Individual,Manual,First Owner,2523.0,62.1,37.54,7.0
Maruti Swift VDI BSIV,2017,17038.32,68350.8,Diesel,Individual,Manual,First Owner,1248.0,74.0,59.27,5.0
Skoda Fabia 1.2L Diesel Elegance,2011,9051.61,90098.8,Diesel,Individual,Manual,First Owner,1199.0,75.0,49.07,5.0
Hyundai Elite i20 Asta Option Diesel,2019,21590.74,26719.0,Diesel,Individual,Manual,First Owner,1396.0,88.76,53.02,5.0
Maruti Ritz LDi,2016,10915.15,74564.5,Diesel,Individual,Manual,First Owner,1248.0,73.94,54.57,5.0
Maruti Swift Lxi BSIII,2007,5856.92,84506.5,Petrol,Individual,Manual,Second Owner,1298.0,88.2,37.87,5.0
Tata Indica V2 DLS BSIII,2013,4525.8,74564.5,Diesel,Individual,Manual,Second Owner,1405.0,48.21,42.06,5.0
Hyundai Elite i20 Petrol Asta Option,2018,18635.66,15534.3,Petrol,Individual,Manual,First Owner,1197.0,81.86,43.75,5.0
Mahindra Scorpio S10 4WD,2015,25291.25,49709.7,Diesel,Individual,Manual,Second Owner,2179.0,120.0,36.22,7.0
Hyundai Accent GLS 1.6 ABS,2003,2129.79,24854.8,Petrol,Individual,Manual,Second Owner,1599.0,94.0,33.87,5.0
Maruti Swift Dzire VDI,2014,11181.4,74564.5,Diesel,Individual,Manual,Second Owner,1248.0,74.0,55.04,5.0
Maruti S-Cross 2017-2020 Zeta DDiS 200 SH,2018,23933.51,21748.0,Diesel,Individual,Manual,First Owner,1248.0,88.5,59.04,5.0
Datsun GO T Petrol,2019,12246.26,21748.0,Petrol,Individual,Manual,First Owner,1198.0,67.0,46.64,5.0
Hyundai Verna CRDi SX ABS,2008,3993.36,74564.5,Diesel,Individual,Manual,Second Owner,1493.0,110.0,42.57,5.0
Renault KWID 1.0 RXT Optional,2017,9317.83,15534.3,Petrol,Individual,Manual,First Owner,999.0,67.0,54.12,5.0
Toyota Etios GD,2015,13577.38,62137.1,Diesel,Individual,Manual,Second Owner,1364.0,67.05,55.49,5.0
Tata Zest Revotron 1.2 XT,2017,9850.28,21748.0,Petrol,Individual,Manual,First Owner,1193.0,88.7,41.33,5.0
Maruti Alto K10 2010-2014 VXI,2013,6389.37,27340.3,Petrol,Individual,Manual,Second Owner,998.0,67.1,49.21,5.0
Hyundai i20 Asta 1.4 CRDi,2015,14109.86,62137.1,Diesel,Individual,Manual,Second Owner,1396.0,88.73,53.02,5.0
Mahindra Scorpio S10 7 Seater,2015,26622.37,82642.3,Diesel,Individual,Manual,Second Owner,2179.0,120.0,36.22,7.0
Toyota Innova Crysta 2.4 VX MT BSIV,2018,42595.79,21748.0,Diesel,Individual,Manual,Second Owner,2393.0,147.8,32.18,7.0
Hyundai i10 Sportz,2014,9317.83,39767.7,Petrol,Individual,Manual,First Owner,1197.0,78.9,47.89,5.0
Mahindra XUV500 AT W10 FWD,2015,29284.61,43496.0,Diesel,Individual,Automatic,First Owner,2179.0,140.0,37.63,7.0
Hyundai i20 1.2 Magna,2011,5856.92,43496.0,Petrol,Individual,Manual,First Owner,1197.0,80.0,43.51,5.0
Hyundai Grand i10 Sportz,2015,9317.83,62137.1,Petrol,Individual,Manual,First Owner,1197.0,82.0,44.46,5.0
Maruti Swift LDI,2013,9850.28,55923.4,Diesel,Individual,Manual,Second Owner,1248.0,74.0,53.86,5.0
Maruti Swift Dzire VXi,2014,5856.92,31068.6,Petrol,Individual,Manual,First Owner,1298.0,85.8,41.16,5.0
Mahindra KUV 100 mFALCON D75 K4,2017,10648.95,31068.6,Diesel,Individual,Manual,First Owner,1198.0,77.0,59.56,6.0
Ford EcoSport 1.5 Petrol Ambiente BSIV,2017,15174.75,19632.8,Petrol,Dealer,Manual,First Owner,1497.0,121.36,39.99,5.0
Mahindra XUV500 W6 2WD,2013,17304.54,53257.7,Diesel,Dealer,Manual,First Owner,2179.0,140.0,35.52,7.0
Toyota Fortuner 3.0 Diesel,2012,44725.58,80546.5,Diesel,Dealer,Manual,First Owner,2982.0,171.0,27.05,7.0
Datsun RediGO T Option,2018,6655.59,6213.7,Petrol,Individual,Manual,First Owner,799.0,53.64,53.39,5.0
Hyundai i10 Sportz,2014,8519.16,9320.6,Petrol,Individual,Manual,First Owner,1197.0,78.9,47.89,5.0
Maruti Wagon R AMT VXI,2017,11713.84,21748.0,Petrol,Individual,Automatic,First Owner,998.0,67.0,48.24,5.0
Hyundai i20 Sportz 1.2,2013,8386.05,30447.2,Petrol,Individual,Manual,Second Owner,1197.0,82.85,43.51,5.0
Tata Manza Aura Quadrajet,2010,5404.31,98176.6,Diesel,Individual,Manual,First Owner,1248.0,90.0,44.22,5.0
Hyundai EON Era,2012,4765.4,18641.1,Petrol,Individual,Manual,Second Owner,814.0,55.2,49.63,5.0
Hyundai i10 Magna 1.2 iTech SE,2008,3727.13,37282.3,Petrol,Individual,Manual,Second Owner,1197.0,78.9,47.89,5.0
Maruti Zen Estilo 1.1 LXI BSIII,2008,3993.36,24854.8,Petrol,Individual,Manual,Second Owner,1061.0,64.0,42.81,5.0
Mahindra Bolero SLX,2011,11713.84,37282.3,Diesel,Individual,Manual,Second Owner,2523.0,63.0,31.99,7.0
Ford Figo Diesel EXI,2011,6655.59,34256.2,Diesel,Dealer,Manual,Second Owner,1399.0,68.0,47.04,5.0
Maruti Wagon R VXI BS IV,2014,8785.38,13670.2,Petrol,Individual,Manual,First Owner,998.0,67.04,48.24,5.0
Ford Figo Petrol ZXI,2010,6655.59,29825.8,Petrol,Individual,Manual,First Owner,1196.0,70.0,36.69,5.0
Hyundai i20 Magna,2012,8918.49,27961.7,Petrol,Individual,Manual,First Owner,1197.0,82.85,43.51,5.0
Mahindra XUV500 W4,2016,27287.93,13994.5,Diesel,Dealer,Manual,First Owner,2179.0,140.0,37.63,7.0
Hyundai i20 1.2 Magna,2012,8519.16,32221.8,Petrol,Dealer,Manual,Third Owner,1197.0,80.0,43.51,5.0
Maruti Ciaz RS ZXi Plus,2015,14642.3,18289.4,Petrol,Individual,Manual,First Owner,1373.0,91.1,48.76,5.0
Honda WR-V i-DTEC VX,2018,21297.9,15534.3,Diesel,Individual,Manual,First Owner,1498.0,98.6,59.98,5.0
Tata Tiago 1.2 Revotron XZ,2017,10116.5,17398.4,Petrol,Individual,Manual,Second Owner,1199.0,84.0,56.08,5.0
Renault Duster 85PS Diesel RxL Optional,2013,10648.95,27651.0,Diesel,Individual,Manual,Second Owner,1461.0,83.8,48.12,5.0
Maruti Wagon R VXI BS IV,2016,9983.39,21437.3,Petrol,Individual,Manual,First Owner,998.0,67.04,48.24,5.0
Honda City i-VTEC CVT ZX,2017,29284.61,12427.4,Petrol,Individual,Automatic,First Owner,1497.0,117.6,42.34,5.0
Hyundai i20 1.2 Spotz,2018,17304.54,9320.6,Petrol,Individual,Manual,First Owner,1197.0,81.83,43.75,5.0
Nissan Micra XV CVT,2014,9610.68,16155.6,Petrol,Individual,Automatic,First Owner,1198.0,76.0,45.49,5.0
Hyundai EON D Lite Plus,2012,3727.13,12427.4,Petrol,Individual,Manual,First Owner,814.0,55.2,49.63,5.0
Hyundai Xcent 1.2 VTVT S,2019,14642.3,1864.1,Petrol,Individual,Manual,First Owner,1197.0,81.86,47.37,5.0
Honda Amaze VX Petrol BSIV,2019,17836.99,12427.4,Petrol,Individual,Manual,First Owner,1199.0,88.76,45.87,5.0
Maruti Vitara Brezza ZDi Plus,2017,23427.69,15534.3,Diesel,Individual,Manual,First Owner,1248.0,88.5,57.16,5.0
Ford EcoSport 1.5 Diesel Titanium Plus BSIV,2018,25291.25,21748.0,Diesel,Individual,Manual,First Owner,1498.0,98.96,54.1,5.0
Chevrolet Cruze LTZ,2010,7986.71,37282.3,Diesel,Individual,Manual,First Owner,1991.0,147.9,43.04,5.0
Honda City i-VTEC CVT VX,2017,30615.73,4240.9,Petrol,Individual,Automatic,First Owner,1497.0,117.6,42.34,5.0
Chevrolet Cruze LTZ AT,2015,11980.07,96312.5,Diesel,Individual,Automatic,First Owner,1998.0,163.7,34.84,5.0
Maruti Ertiga BSIV VXI,2016,15973.42,8388.5,Petrol,Individual,Manual,First Owner,1373.0,91.1,41.16,7.0
Toyota Innova 2.5 V Diesel 8-seater,2008,18635.66,161556.5,Diesel,Individual,Manual,First Owner,2494.0,102.0,30.11,8.0
Hyundai Xcent 1.2 CRDi S,2018,15973.42,40389.1,Diesel,Individual,Manual,First Owner,1186.0,73.97,59.74,5.0
Mahindra Xylo H9,2014,16772.09,59030.2,Diesel,Individual,Manual,Second Owner,2179.0,118.3,32.98,8.0
Maruti Ciaz ZXi,2016,15707.2,24854.8,Petrol,Individual,Manual,Second Owner,1373.0,91.1,48.76,5.0
Hyundai Santro Era,2019,11181.4,18641.1,Petrol,Individual,Manual,First Owner,1086.0,68.0,47.75,5.0
Mitsubishi Pajero Sport 4X4 Dual Tone,2016,51913.62,74564.5,Diesel,Individual,Manual,First Owner,2477.0,175.56,31.75,7.0
Tata New Safari Dicor EX 4X2 BS IV,2013,14402.7,69600.4,Diesel,Individual,Manual,First Owner,2179.0,138.1,32.77,7.0
Toyota Innova 2.5 G (Diesel) 7 Seater,2015,23960.13,77671.4,Diesel,Individual,Manual,First Owner,2494.0,100.6,30.55,7.0
Tata Manza Aura Quadrajet,2009,6655.59,26719.0,Diesel,Individual,Manual,First Owner,1248.0,90.0,44.22,5.0
Mahindra Bolero 2011-2019 SLE,2019,17836.99,33264.5,Diesel,Individual,Manual,First Owner,2523.0,62.1,37.54,7.0
Tata Tigor 2017-2020 XZ Plus,2019,14109.86,12427.4,Petrol,Individual,Manual,First Owner,1199.0,83.81,47.75,5.0
Chevrolet Beat Diesel LT,2012,3993.36,43496.0,Diesel,Individual,Manual,Second Owner,936.0,57.6,59.84,5.0
Mahindra XUV500 W8 2WD,2013,14642.3,43496.0,Diesel,Individual,Manual,Third Owner,2179.0,140.0,35.52,7.0
Mahindra Scorpio 1.99 S4 Plus,2015,17304.54,93205.6,Diesel,Individual,Manual,First Owner,1997.0,120.0,36.22,7.0
Tata Indica Vista TDI LX,2012,4792.03,62137.1,Diesel,Individual,Manual,Second Owner,1405.0,70.0,45.63,5.0
Mahindra Thar 4X4,2015,15574.09,31068.6,Diesel,Individual,Manual,First Owner,2498.0,105.0,38.93,7.0
Hyundai i20 Magna,2013,9184.72,74564.5,Petrol,Individual,Manual,Second Owner,1197.0,82.85,43.51,5.0
Maruti Swift VDI,2013,9317.83,68350.8,Diesel,Individual,Manual,Third Owner,1248.0,74.0,53.86,5.0
Honda BRV i-VTEC V MT,2016,19301.22,86991.9,Petrol,Individual,Manual,First Owner,1497.0,117.3,36.22,7.0
Tata Venture EX 7 Str,2012,6655.59,74564.5,Diesel,Individual,Manual,First Owner,1405.0,70.0,36.27,7.0
Maruti 800 AC,2002,1198.01,43496.0,Petrol,Individual,Manual,Second Owner,796.0,37.0,37.87,4.0
Toyota Innova 2.5 E Diesel MS 8-seater,2007,10915.15,154174.0,Diesel,Individual,Manual,Fourth & Above Owner,2494.0,102.0,30.11,8.0
Renault KWID 1.0 RXT Optional,2017,8652.27,10252.6,Petrol,Individual,Manual,Second Owner,999.0,67.0,54.12,5.0
Maruti Alto K10 VXI,2016,9317.83,6151.6,Petrol,Individual,Manual,First Owner,998.0,67.05,56.33,5.0
Maruti Alto LXi,2012,4792.03,49709.7,Petrol,Individual,Manual,Third Owner,796.0,46.3,46.34,5.0
Fiat Linea Emotion,2010,3993.36,62137.1,Petrol,Individual,Manual,Second Owner,1368.0,90.0,37.63,5.0
Maruti Dzire ZXI,2020,18635.66,12427.4,Petrol,Individual,Manual,First Owner,1197.0,88.5,54.71,5.0
Maruti Ciaz ZDi Plus SHVS,2016,21164.78,55923.4,Diesel,Individual,Manual,First Owner,1248.0,88.5,66.07,5.0
Mahindra Thar CRDe,2019,25291.25,9320.6,Diesel,Individual,Manual,First Owner,2498.0,105.0,38.93,6.0
Volkswagen Vento 1.5 Highline Plus AT 16 Alloy,2018,23560.8,46602.8,Diesel,Individual,Automatic,First Owner,1498.0,108.5,50.57,5.0
Maruti Ritz LDi,2011,4259.58,86991.9,Diesel,Individual,Manual,First Owner,1248.0,73.9,49.63,5.0
Hyundai i20 1.4 CRDi Asta,2012,7986.71,74564.5,Diesel,Individual,Manual,Second Owner,1396.0,90.0,54.1,5.0
Volkswagen Vento 1.5 Highline Plus AT 16 Alloy,2018,25291.25,46602.8,Diesel,Individual,Automatic,First Owner,1498.0,108.5,50.57,5.0
Maruti Ertiga VDI,2015,14615.68,55923.4,Diesel,Individual,Manual,First Owner,1248.0,88.76,48.85,7.0
Audi A3 35 TDI Premium Plus,2018,79867.11,12427.4,Diesel,Individual,Automatic,First Owner,1968.0,143.0,47.94,5.0
Toyota Innova 2.5 VX (Diesel) 7 Seater,2015,31946.84,37903.6,Diesel,Individual,Manual,First Owner,2494.0,100.6,30.55,7.0
Renault Fluence Diesel E4,2012,15174.75,62137.1,Diesel,Individual,Manual,Second Owner,1461.0,78.0,51.28,5.0
Mahindra Thar CRDe,2017,21297.9,37282.3,Diesel,Individual,Manual,Second Owner,2498.0,105.0,38.93,6.0
Hyundai Verna CRDi SX ABS,2009,9983.39,62137.1,Diesel,Individual,Manual,First Owner,1493.0,110.0,42.57,5.0
Mahindra Bolero SLX,2009,7986.71,105633.1,Diesel,Individual,Manual,Third Owner,2523.0,63.0,31.99,7.0
Toyota Etios G,2013,9317.83,62137.1,Petrol,Individual,Manual,Second Owner,1496.0,88.73,39.47,5.0
Mahindra Bolero SLX,2011,10648.95,74564.5,Diesel,Individual,Manual,Second Owner,2523.0,63.0,31.99,7.0
Volkswagen Polo 1.5 TDI Comfortline,2015,11580.7,31068.6,Diesel,Individual,Manual,First Owner,1498.0,88.8,47.37,5.0
Maruti Alto 800 LXI,2015,6921.82,15534.3,Petrol,Individual,Manual,First Owner,796.0,47.3,53.49,5.0
Maruti Swift VDI,2013,11980.07,14924.7,Diesel,Individual,Manual,First Owner,1248.0,74.0,53.86,5.0
Hyundai Verna 1.6 SX,2013,12246.26,49709.7,Diesel,Individual,Manual,Second Owner,1582.0,126.32,52.5,5.0
Maruti Ritz VDi ABS,2011,5590.7,62137.1,Diesel,Individual,Manual,Second Owner,1248.0,73.9,49.63,5.0
Maruti Swift Dzire VXI,2015,14376.08,57787.5,Petrol,Individual,Manual,Second Owner,1197.0,83.14,49.04,5.0
Maruti Ertiga SHVS VDI,2017,18901.88,31068.6,Diesel,Individual,Manual,First Owner,1248.0,88.5,57.67,7.0
Maruti Alto 800 VXI,2018,7587.38,13670.2,Petrol,Individual,Manual,First Owner,796.0,47.3,58.1,5.0
Hyundai Creta 1.4 E Plus,2019,26356.15,12178.9,Diesel,Individual,Manual,First Owner,1396.0,88.7,51.98,5.0
Tata Indigo CS eGLS BS IV,2017,9637.3,64622.6,Petrol,Individual,Manual,First Owner,1193.0,64.1,36.79,5.0
Ford EcoSport 1.5 Diesel Titanium Plus BSIV,2017,23427.69,20505.2,Diesel,Individual,Manual,First Owner,1498.0,98.96,54.1,5.0
Mahindra TUV 300 mHAWK100 T8,2017,18635.66,37282.3,Diesel,Individual,Manual,First Owner,1493.0,100.0,43.49,7.0
Nissan Terrano XL,2015,18635.66,24854.8,Petrol,Individual,Manual,First Owner,1598.0,102.5,31.14,5.0
Tata Tiago 1.05 Revotorq XT,2016,10648.95,37282.3,Diesel,Individual,Manual,First Owner,1047.0,69.0,64.17,5.0
Toyota Innova 2.5 V Diesel 8-seater,2007,9317.83,233891.5,Diesel,Individual,Manual,Second Owner,2494.0,102.0,30.11,8.0
Maruti Ertiga VXI,2014,11314.51,49709.7,Petrol,Individual,Manual,Third Owner,1373.0,93.7,37.68,7.0
Hyundai Santro Xing GL Plus,2012,4792.03,43496.0,Petrol,Individual,Manual,First Owner,1086.0,62.1,42.15,5.0
Maruti Alto K10 2010-2014 VXI,2012,4525.8,55923.4,Petrol,Individual,Manual,Third Owner,998.0,67.1,49.21,5.0
Maruti Vitara Brezza VDi,2018,21297.9,16777.0,Diesel,Individual,Manual,First Owner,1248.0,88.5,57.16,5.0
Ford EcoSport 1.5 Diesel Titanium Plus BSIV,2017,23960.13,21748.0,Diesel,Individual,Manual,First Owner,1498.0,98.96,54.1,5.0
Maruti Swift VDI,2013,10382.72,74564.5,Diesel,Individual,Manual,First Owner,1248.0,74.0,53.86,5.0
Maruti Swift Dzire VDI,2014,11846.95,49709.7,Diesel,Individual,Manual,Second Owner,1248.0,74.0,55.04,5.0
Maruti Swift Dzire VDI,2014,12246.26,43496.0,Diesel,Individual,Manual,Fourth & Above Owner,1248.0,74.0,55.04,5.0
Maruti Ritz VDi,2009,5324.47,74564.5,Diesel,Individual,Manual,Second Owner,1248.0,73.9,49.63,5.0
Maruti Swift Dzire 1.2 Lxi BSIV,2012,9317.83,44738.7,Petrol,Individual,Manual,Second Owner,1197.0,85.8,41.16,5.0
Tata New Safari 4X4 EXI BSIII,2007,2529.13,74564.5,Diesel,Individual,Manual,Second Owner,2092.0,127.0,28.23,7.0
Toyota Etios GD,2014,14642.3,155342.8,Diesel,Individual,Manual,First Owner,1364.0,67.04,55.49,5.0
Tata Sumo Gold GX,2013,9317.83,74564.5,Diesel,Individual,Manual,Second Owner,2956.0,83.83,35.99,7.0
Hyundai Grand i10 Asta,2014,12139.77,19883.9,Petrol,Individual,Manual,First Owner,1197.0,82.0,44.46,5.0
Maruti Alto STD,2008,3434.29,37282.3,Petrol,Individual,Manual,First Owner,796.0,46.3,46.34,5.0
Maruti Alto 800 LXI,2017,6762.08,24854.8,Petrol,Individual,Manual,First Owner,796.0,47.3,58.1,5.0
Ford Ecosport 1.5 Diesel Trend,2014,15174.75,29825.8,Diesel,Individual,Manual,First Owner,1498.0,98.96,51.04,5.0
Nissan Terrano XL D Option,2018,22362.79,18641.1,Diesel,Individual,Manual,First Owner,1461.0,83.14,46.74,5.0
Tata New Safari DICOR 2.2 GX 4x2 BS IV,2010,6256.26,62137.1,Diesel,Individual,Manual,Second Owner,2179.0,138.1,32.77,7.0
Mahindra TUV 300 T6,2016,18635.66,31068.6,Diesel,Individual,Manual,First Owner,1493.0,100.0,43.49,7.0
Hyundai Grand i10 1.2 Kappa Sportz Option,2018,14056.61,3106.9,Petrol,Individual,Manual,First Owner,1197.0,81.86,44.46,5.0
Jeep Compass 2.0 Limited Option,2017,39933.55,7456.5,Diesel,Individual,Manual,First Owner,1956.0,170.0,40.22,5.0
Chevrolet Aveo U-VA 1.2 LS,2007,2715.48,31068.6,Petrol,Individual,Manual,Second Owner,1150.0,74.9,35.89,5.0
Mahindra XUV500 W8 AWD,2014,19966.78,43496.0,Diesel,Individual,Manual,Second Owner,2179.0,140.0,35.52,7.0
Chevrolet Aveo U-VA 1.2,2010,3940.11,43496.0,Petrol,Individual,Manual,Third Owner,1150.0,76.0,34.58,5.0
Maruti Baleno Alpha 1.2,2015,17304.54,31068.6,Petrol,Individual,Manual,First Owner,1197.0,83.1,50.34,5.0
Volkswagen Polo Petrol Trendline 1.2L,2012,8252.93,24854.8,Petrol,Individual,Manual,First Owner,1198.0,73.9,38.74,5.0
Hyundai Xcent 1.2 Kappa S,2014,12778.74,18641.1,Petrol,Individual,Manual,First Owner,1197.0,82.0,44.93,5.0
Maruti Alto 800 VXI,2018,8519.16,9320.6,Petrol,Individual,Manual,First Owner,796.0,47.3,58.1,5.0
Honda City i VTEC VX,2015,19966.78,24854.8,Petrol,Individual,Manual,First Owner,1497.0,117.3,40.93,5.0
Nissan Micra Active XL Petrol,2017,9850.28,24854.8,Petrol,Individual,Manual,First Owner,1198.0,67.04,45.84,5.0
Maruti Swift ZXI,2013,8519.16,37282.3,Petrol,Individual,Manual,Fourth & Above Owner,1197.0,85.8,43.75,5.0
Maruti Swift ZXI,2013,11181.4,41631.9,Petrol,Individual,Manual,First Owner,1197.0,85.8,43.75,5.0
Maruti Swift Dzire VXi,2010,6389.37,37282.3,Petrol,Individual,Manual,Second Owner,1298.0,85.8,41.16,5.0
Datsun RediGO 1.0 S,2017,5856.92,37282.3,Petrol,Individual,Manual,First Owner,999.0,67.0,52.92,5.0
Tata Tiago 1.2 Revotron XM,2016,9317.83,18641.1,Petrol,Individual,Manual,First Owner,1199.0,84.0,56.08,5.0
Honda Amaze VX i-DTEC,2018,17970.1,24854.8,Diesel,Individual,Manual,First Owner,1498.0,98.6,60.69,5.0
Toyota Etios Cross 1.2L G,2016,11580.7,31068.6,Petrol,Individual,Manual,Second Owner,1197.0,78.8,42.72,5.0
Honda CR-V 2.0L 2WD AT,2006,3327.8,124274.2,Petrol,Individual,Automatic,Third Owner,1997.0,141.1,30.81,5.0
Mahindra KUV 100 mFALCON G80 K6 AW,2016,10648.95,8699.2,Petrol,Individual,Manual,Second Owner,1198.0,82.0,42.69,6.0
Maruti Ritz Genus VDi,2010,8279.56,58408.9,Diesel,Individual,Manual,Second Owner,1248.0,75.0,49.63,5.0
Ford Figo 1.5D Trend MT,2015,14109.86,49088.3,Diesel,Individual,Manual,Second Owner,1498.0,99.0,60.76,5.0
Skoda Octavia Rider 1.9 AT TDI,2008,5590.7,74564.5,Diesel,Individual,Manual,Second Owner,1896.0,66.0,43.99,5.0
Mahindra Marazzo M2 8Str BSIV,2019,26010.06,18641.1,Diesel,Individual,Manual,First Owner,1497.0,121.0,40.69,8.0
Maruti Wagon R VXI BS IV,2018,11713.84,12427.4,Petrol,Individual,Manual,First Owner,998.0,67.04,48.24,5.0
Maruti Wagon R VXI BS IV,2018,11713.84,10563.3,Petrol,Individual,Manual,First Owner,998.0,67.04,48.24,5.0
Hyundai i20 1.2 Spotz,2018,17437.65,12427.4,Petrol,Individual,Manual,First Owner,1197.0,81.83,43.75,5.0
Renault KWID RXT Optional,2016,7853.6,37282.3,Petrol,Individual,Manual,First Owner,799.0,53.3,59.2,5.0
Hyundai Getz 1.1 GLE,2007,1730.45,43496.0,Petrol,Individual,Manual,Third Owner,1086.0,66.6,35.28,5.0
Tata Hexa XT,2017,31946.84,93205.6,Diesel,Individual,Manual,First Owner,2179.0,153.86,41.4,7.0
Tata Hexa XM,2017,33304.58,21748.0,Diesel,Individual,Manual,First Owner,2179.0,153.86,41.4,7.0
Tata Indigo CS eLX BS IV,2010,5324.47,37282.3,Diesel,Individual,Manual,First Owner,1396.0,69.0,54.17,5.0
Hyundai i20 Active 1.4 SX with AVN,2016,19966.78,24854.8,Diesel,Individual,Manual,First Owner,1396.0,88.73,49.84,5.0
Honda Amaze E i-VTEC,2017,12645.63,35418.1,Petrol,Individual,Manual,First Owner,1198.0,86.7,41.87,5.0
Tata Indigo VS,2012,2928.46,74564.5,Diesel,Individual,Manual,Second Owner,1405.0,70.0,41.87,5.0
Renault KWID 1.0 RXT 02 Anniversary Edition,2017,9317.83,18641.1,Petrol,Individual,Manual,First Owner,999.0,67.0,54.12,5.0
Maruti Swift Dzire Tour LDI,2016,11980.07,108739.9,Diesel,Individual,Manual,First Owner,1248.0,74.0,55.04,5.0
Tata Indigo LX,2010,3993.36,55923.4,Diesel,Individual,Manual,First Owner,1405.0,70.0,39.99,5.0
Tata Indica V2 DLS,2009,2129.79,68350.8,Diesel,Individual,Manual,Second Owner,1396.0,53.5,40.46,5.0
Hyundai i20 Magna 1.2,2015,11447.62,21748.0,Petrol,Individual,Manual,Second Owner,1197.0,81.83,43.75,5.0
Toyota Innova Crysta 2.4 ZX MT BSIV,2017,38602.44,50331.1,Diesel,Individual,Manual,First Owner,2393.0,147.8,32.18,7.0
Chevrolet Cruze LTZ,2011,9584.05,62137.1,Diesel,Individual,Manual,First Owner,1991.0,147.9,43.04,5.0
Tata Hexa XTA,2017,38469.32,37282.3,Diesel,Individual,Automatic,First Owner,2179.0,153.86,41.4,7.0
Honda City i DTec S,2016,17836.99,37282.3,Diesel,Individual,Manual,First Owner,1498.0,98.6,61.16,5.0
Mercedes-Benz GLA Class 200,2016,53244.74,43496.0,Petrol,Individual,Automatic,First Owner,1991.0,183.0,32.22,5.0
Honda Amaze S i-Dtech,2015,11713.84,31068.6,Diesel,Individual,Manual,First Owner,1498.0,98.6,60.69,5.0
Hyundai i20 1.4 CRDi Era,2012,6788.68,55923.4,Diesel,Individual,Manual,First Owner,1396.0,90.0,54.1,5.0
Datsun GO Plus A Option Petrol,2018,14109.86,40389.1,Petrol,Individual,Manual,First Owner,1198.0,67.05,44.74,7.0
Mahindra XUV500 W4 1.99 mHawk,2016,23693.91,24854.8,Diesel,Individual,Manual,Second Owner,1997.0,140.0,37.63,7.0
Volkswagen Polo Diesel Comfortline 1.2L,2013,7454.26,49709.7,Diesel,Individual,Manual,Second Owner,1199.0,73.9,51.91,5.0
Maruti Swift Dzire AMT ZXI,2017,19301.22,21748.0,Petrol,Individual,Automatic,First Owner,1197.0,81.8,49.89,5.0
Mahindra TUV 300 T8,2016,18635.66,18641.1,Diesel,Individual,Manual,First Owner,1493.0,100.0,43.49,7.0
Maruti Zen Estilo LXI BSIII,2007,2396.01,43496.0,Petrol,Individual,Manual,First Owner,998.0,67.1,42.81,5.0
Hyundai i10 Magna 1.1L,2015,7640.62,62137.1,Petrol,Individual,Manual,Second Owner,1086.0,68.05,46.6,5.0
Hyundai Creta 1.6 SX Automatic,2018,36738.87,34175.4,Petrol,Individual,Automatic,First Owner,1591.0,121.3,34.81,5.0
Toyota Innova 2.5 G (Diesel) 7 Seater,2013,19966.78,49709.7,Diesel,Individual,Manual,Second Owner,2494.0,100.6,30.55,7.0
Hyundai Verna 1.4 VTVT,2016,17304.54,24854.8,Petrol,Individual,Manual,First Owner,1396.0,105.5,41.0,5.0
Maruti Wagon R LXI BS IV,2013,6389.37,67677.2,Petrol,Individual,Manual,Second Owner,998.0,67.04,48.24,5.0
Hyundai EON Magna Optional,2013,7720.49,24854.8,Petrol,Individual,Manual,Second Owner,814.0,55.2,49.63,5.0
Hyundai EON Era Plus,2014,6123.12,49709.7,Petrol,Individual,Manual,First Owner,814.0,55.2,49.63,5.0
Honda City i DTec VX,2016,26622.37,31068.6,Diesel,Individual,Manual,Second Owner,1498.0,98.6,61.16,5.0
Hyundai Santro Xing GL Plus,2012,5324.47,55923.4,Petrol,Individual,Manual,Second Owner,1086.0,62.1,42.15,5.0
Maruti Alto LX,2004,2396.01,43496.0,Petrol,Individual,Manual,Fourth & Above Owner,796.0,46.3,46.34,5.0
Hyundai i20 1.4 CRDi Asta,2012,8785.38,55923.4,Diesel,Individual,Manual,First Owner,1396.0,90.0,54.1,5.0
Maruti Ritz VDi ABS,2009,5324.47,43496.0,Diesel,Individual,Manual,First Owner,1248.0,73.9,49.63,5.0
Mahindra KUV 100 D75 K4 Plus,2018,11181.4,19262.5,Diesel,Individual,Manual,First Owner,1198.0,77.0,59.56,6.0
Maruti Swift Dzire VDi,2009,6921.82,74564.5,Diesel,Individual,Manual,Second Owner,1248.0,73.9,45.4,5.0
Hyundai i20 Sportz 1.2,2016,15707.2,24854.8,Petrol,Individual,Manual,First Owner,1197.0,81.83,43.75,5.0
Maruti Swift VDI BSIV,2015,14509.19,111846.8,Diesel,Individual,Manual,First Owner,1248.0,74.0,59.27,5.0
Maruti Wagon R LXI BS IV,2011,5590.7,55923.4,Petrol,Individual,Manual,Second Owner,998.0,67.1,44.46,5.0
Honda City 2017-2020 GXi,2008,4925.14,68350.8,Petrol,Individual,Manual,Second Owner,1497.0,78.0,41.63,5.0
Maruti Wagon R LXI,2006,3327.8,36660.9,Petrol,Individual,Manual,Second Owner,998.0,67.1,44.46,5.0
Hyundai EON Magna Plus,2014,7454.26,37282.3,Petrol,Individual,Manual,Second Owner,814.0,55.2,49.63,5.0
Maruti Wagon R VXI,2005,2608.99,43496.0,Petrol,Individual,Manual,Second Owner,998.0,67.1,44.46,5.0
Tata Indica Vista Aqua 1.4 TDI,2009,2662.24,118060.5,Diesel,Individual,Manual,First Owner,1405.0,71.0,39.99,5.0
Mahindra Verito Vibe 1.5 dCi D4,2013,6655.59,111846.8,Diesel,Individual,Manual,First Owner,1461.0,64.1,48.92,5.0
Toyota Fortuner 3.0 Diesel,2010,19966.78,93205.6,Diesel,Individual,Manual,Second Owner,2982.0,171.0,27.05,7.0
Chevrolet Optra Magnum 2.0 LS,2007,4259.58,80778.2,Diesel,Individual,Manual,Second Owner,1991.0,123.7,38.86,5.0
Hyundai Verna 1.6 CRDi EX AT,2013,13577.38,74564.5,Diesel,Individual,Automatic,Second Owner,1582.0,126.3,52.5,5.0
Tata Indica V2 DL,2009,2529.13,49709.7,Diesel,Individual,Manual,Second Owner,1396.0,52.8,42.06,5.0
Hyundai Verna 1.6 SX CRDi (O),2014,13976.74,49709.7,Diesel,Individual,Manual,Second Owner,1582.0,126.32,52.5,5.0
Datsun RediGO 1.0 T Option,2017,7401.02,12427.4,Petrol,Individual,Manual,First Owner,999.0,67.0,52.92,5.0
Maruti 800 AC,1997,1331.12,37282.3,Petrol,Individual,Manual,Second Owner,796.0,37.0,37.87,4.0
Volkswagen Polo Diesel Highline 1.2L,2011,6788.68,74564.5,Diesel,Individual,Manual,Third Owner,1199.0,73.9,51.91,5.0
Maruti S-Cross 2017-2020 Zeta DDiS 200 SH,2018,25291.25,31689.9,Diesel,Individual,Manual,First Owner,1248.0,88.5,59.04,5.0
Honda City 2017-2020 GXi,2007,6123.12,37282.3,Petrol,Individual,Manual,Third Owner,1497.0,78.0,41.63,5.0
Toyota Innova 2.5 G4 Diesel 8-seater,2009,15973.42,136701.6,Diesel,Individual,Manual,First Owner,2494.0,102.0,30.11,8.0
Maruti Alto 800 VXI Optional,2017,8785.38,12427.4,Petrol,Individual,Manual,First Owner,796.0,47.3,58.1,5.0
Maruti Alto K10 VXI,2017,9317.83,24854.8,Petrol,Individual,Manual,First Owner,998.0,67.05,56.33,5.0
Volkswagen Polo 1.2 MPI Comfortline,2016,14908.53,21748.0,Petrol,Individual,Manual,First Owner,1199.0,74.0,38.1,5.0
Maruti Wagon R VXI BS IV,2017,11713.84,18641.1,Petrol,Individual,Manual,First Owner,998.0,67.04,48.24,5.0
Maruti A-Star Vxi,2011,5856.92,55923.4,Petrol,Individual,Manual,Second Owner,998.0,66.1,44.69,5.0
Maruti Swift Dzire ZDI,2017,19966.78,68350.8,Diesel,Individual,Manual,Second Owner,1248.0,74.02,66.8,5.0
Mahindra XUV500 W6 2WD,2015,21297.9,86991.9,Diesel,Individual,Manual,First Owner,2179.0,140.0,35.52,7.0
Tata Indica V2 DLX,2007,1577.62,64622.6,Diesel,Individual,Manual,Second Owner,1396.0,53.5,40.46,5.0
Mahindra Thar DI 4X4 PS,2015,19966.78,9941.9,Diesel,Individual,Manual,First Owner,2523.0,63.0,42.48,7.0
Maruti Baleno RS 1.0 Petrol,2019,20765.45,4473.9,Petrol,Individual,Manual,First Owner,998.0,100.5,49.63,5.0
Volkswagen Polo Diesel Comfortline 1.2L,2011,8519.16,47845.6,Diesel,Individual,Manual,Second Owner,1199.0,73.9,51.91,5.0
Mahindra KUV 100 D75 K8 Dual Tone,2017,18369.44,24854.8,Diesel,Individual,Manual,First Owner,1198.0,77.0,59.56,6.0
Maruti Swift Dzire ZDi,2012,9983.39,43496.0,Diesel,Individual,Manual,Second Owner,1248.0,73.9,45.4,5.0
Ford Figo 1.2P Sports Edition MT,2017,16505.87,31068.6,Petrol,Individual,Manual,First Owner,1196.0,86.8,42.62,5.0
Maruti Eeco 7 Seater Standard BSIV,2016,9850.28,36039.5,Petrol,Individual,Manual,Second Owner,1196.0,73.0,36.15,7.0
Mahindra Thar 4X4,2013,20499.22,52816.5,Diesel,Individual,Manual,First Owner,2498.0,105.0,38.93,7.0
Hyundai Xcent 1.2 Kappa S Option,2014,13311.18,40389.1,Petrol,Individual,Manual,First Owner,1197.0,81.86,44.93,5.0
Mahindra KUV 100 mFALCON D75 K2,2017,11980.07,74564.5,Diesel,Individual,Manual,First Owner,1198.0,77.0,59.56,6.0
Hyundai Santro Xing GL Plus,2013,5191.36,31068.6,Petrol,Individual,Manual,Second Owner,1086.0,62.1,42.15,5.0
Maruti Wagon R AMT VXI Option,2018,12565.76,18641.1,Petrol,Individual,Automatic,First Owner,998.0,67.0,48.24,5.0
Maruti Alto K10 VXI,2014,6655.59,36039.5,Petrol,Individual,Manual,Second Owner,998.0,67.05,56.33,5.0
Chevrolet Beat Diesel,2011,4392.69,43496.0,Diesel,Individual,Manual,Second Owner,936.0,57.6,59.84,5.0
Tata Zest Quadrajet 1.3 XT,2018,13976.74,68350.8,Diesel,Individual,Manual,Second Owner,1248.0,88.7,48.57,5.0
Maruti Wagon R LXI,2003,3860.24,40389.1,Petrol,Individual,Manual,Third Owner,998.0,67.1,44.46,5.0
Tata Indica Vista Quadrajet 90 VX,2013,8652.27,62137.1,Diesel,Individual,Manual,First Owner,1248.0,88.8,52.45,5.0
Mahindra Bolero Power Plus ZLX,2017,17570.76,37282.3,Diesel,Individual,Manual,Second Owner,1493.0,70.0,38.81,7.0
Ford Classic 1.4 Duratorq CLXI,2014,8252.93,55923.4,Diesel,Individual,Manual,Second Owner,1399.0,67.0,46.29,5.0
Mahindra Bolero SLX 4WD BSIII,2008,6655.59,124274.2,Diesel,Individual,Manual,First Owner,2523.0,63.0,31.99,7.0
Ford Classic 1.4 Duratorq CLXI,2014,8785.38,62137.1,Diesel,Individual,Manual,Second Owner,1399.0,67.0,46.29,5.0
Ford Figo Diesel Titanium,2012,6655.59,49709.7,Diesel,Individual,Manual,Second Owner,1399.0,68.0,47.04,5.0
Mahindra NuvoSport N8 AMT,2017,17304.54,37282.3,Diesel,Individual,Automatic,First Owner,1493.0,100.0,41.05,7.0
Maruti Alto K10 VXI,2016,8119.82,24854.8,Petrol,Individual,Manual,First Owner,998.0,67.05,56.33,5.0
Maruti Ciaz VDi Plus,2015,15973.42,31068.6,Diesel,Individual,Manual,First Owner,1248.0,88.5,61.65,5.0
Maruti Wagon R LXI Optional,2015,7454.26,68350.8,Petrol,Individual,Manual,First Owner,998.0,67.04,48.24,5.0
Tata Indigo CR4,2011,4073.22,31068.6,Diesel,Individual,Manual,Second Owner,1396.0,70.0,55.44,5.0
Mahindra TUV 300 mHAWK100 T8,2018,18635.66,18641.1,Diesel,Individual,Manual,First Owner,1493.0,100.0,43.49,7.0
Renault KWID RXL,2017,8652.27,24854.8,Petrol,Individual,Manual,First Owner,799.0,53.3,59.2,5.0
Maruti 800 AC,2006,4126.47,43496.0,Petrol,Individual,Manual,Second Owner,796.0,37.0,37.87,4.0
Maruti Alto K10 2010-2014 VXI,2012,6256.26,49709.7,Petrol,Individual,Manual,Third Owner,998.0,67.1,49.21,5.0
Maruti Swift VXI Optional,2016,13311.18,9320.6,Petrol,Individual,Manual,First Owner,1197.0,81.8,47.98,5.0
Mahindra Bolero DI,2004,3194.68,93205.6,Diesel,Individual,Manual,Second Owner,2523.0,63.0,31.99,7.0
Skoda Rapid 1.5 TDI AT Style Plus,2016,17970.1,54680.6,Diesel,Dealer,Automatic,First Owner,1498.0,103.52,50.95,5.0
Toyota Innova 2.5 Z Diesel 7 Seater BS IV,2014,25291.25,49709.7,Diesel,Dealer,Manual,First Owner,2494.0,100.6,30.55,7.0
Mahindra XUV500 W5 BSIV,2018,27980.11,37198.4,Diesel,Dealer,Manual,First Owner,2179.0,152.87,35.52,7.0
Volkswagen Polo 2015-2019 GT 1.5 TDI,2016,15733.82,37282.3,Diesel,Dealer,Manual,First Owner,1498.0,108.5,50.55,5.0
Hyundai i20 Asta 1.4 CRDi,2015,15574.09,44738.7,Diesel,Dealer,Manual,First Owner,1396.0,88.73,53.02,5.0
Honda City i-VTEC CVT ZX,2017,27287.93,42340.2,Petrol,Dealer,Automatic,First Owner,1497.0,117.6,42.34,5.0
Maruti Swift VDI,2014,11980.07,33050.7,Diesel,Dealer,Manual,First Owner,1248.0,74.0,66.8,5.0
Hyundai i20 2015-2017 Sportz 1.4 CRDi,2014,12911.82,43558.1,Diesel,Dealer,Manual,First Owner,1396.0,88.73,53.02,5.0
Honda Jazz 1.5 S i DTEC,2018,17304.54,29654.9,Diesel,Dealer,Manual,First Owner,1498.0,98.6,64.21,5.0
Maruti Swift Dzire VDI,2014,11580.7,43617.1,Diesel,Dealer,Manual,Second Owner,1248.0,74.02,66.8,5.0
Ford Figo Diesel EXI,2011,5191.36,48091.0,Diesel,Dealer,Manual,Second Owner,1399.0,68.0,47.04,5.0
Mahindra Marazzo M2 8Str BSIV,2019,26622.37,10563.3,Diesel,Dealer,Manual,First Owner,1497.0,121.0,40.69,8.0
Hyundai Elantra CRDi SX Option AT,2013,17304.54,39767.7,Diesel,Dealer,Automatic,First Owner,1498.0,113.42,34.39,5.0
Chevrolet Beat Diesel LS,2014,5058.25,46180.9,Diesel,Dealer,Manual,First Owner,936.0,56.3,59.84,5.0
Maruti Swift Dzire ZDI,2013,10915.15,49855.7,Diesel,Dealer,Manual,Second Owner,1248.0,74.02,66.8,5.0
Hyundai Creta 1.6 CRDi AT SX Plus,2016,27953.49,47938.8,Diesel,Dealer,Automatic,First Owner,1582.0,126.2,40.01,5.0
Volkswagen Vento 1.5 TDI Highline Plus AT,2015,17331.16,42874.6,Diesel,Dealer,Automatic,First Owner,1498.0,108.6,52.1,5.0
Maruti SX4 S Cross 2015-2017 DDiS 200 Alpha,2015,17304.54,35418.1,Diesel,Dealer,Manual,First Owner,1248.0,88.5,55.63,5.0
Skoda Rapid 1.5 TDI Ambition Plus,2017,19966.78,55302.0,Diesel,Dealer,Manual,First Owner,1498.0,103.6,49.72,5.0
Volkswagen Passat Highline DSG S (Spl. Edition),2012,21271.27,37965.8,Diesel,Dealer,Automatic,First Owner,1968.0,140.0,33.64,5.0
Skoda Octavia Ambiente 1.9 TDI,2010,9450.94,72079.0,Diesel,Individual,Manual,First Owner,1896.0,66.0,43.99,5.0
Hyundai Verna 1.6 CRDi S Option,2015,15973.42,49709.7,Diesel,Individual,Manual,First Owner,1582.0,126.32,56.22,5.0
Maruti Swift VDI,2018,18236.32,16155.6,Diesel,Individual,Manual,First Owner,1248.0,74.0,66.8,5.0
Maruti Swift LDI,2018,13577.38,62137.1,Diesel,Individual,Manual,First Owner,1248.0,74.0,66.8,5.0
Maruti Swift Dzire Vdi BSIV,2017,17304.54,50983.5,Diesel,Individual,Manual,First Owner,1248.0,73.9,45.4,5.0
Mahindra XUV500 W8 4WD,2012,17970.1,74564.5,Diesel,Individual,Manual,Second Owner,2179.0,140.0,35.52,7.0
Renault KWID AMT,2018,8492.54,18641.1,Petrol,Individual,Automatic,First Owner,999.0,67.0,56.55,5.0
Honda Amaze S Petrol BSIV,2019,17038.32,3728.2,Petrol,Individual,Manual,First Owner,1199.0,88.76,45.87,5.0
Hyundai i20 1.2 Asta,2017,17304.54,18641.1,Petrol,Individual,Manual,First Owner,1197.0,81.83,43.75,5.0
Maruti Ertiga VDI,2015,17304.54,43496.0,Diesel,Individual,Manual,First Owner,1248.0,88.76,48.85,7.0
Maruti Swift Ldi BSIII,2008,4658.91,74564.5,Diesel,Individual,Manual,First Owner,1248.0,75.0,41.87,5.0
Hyundai Grand i10 CRDi SportZ Edition,2014,9983.39,47224.2,Diesel,Individual,Manual,Third Owner,1120.0,70.0,56.45,5.0
Hyundai Grand i10 CRDi Asta,2014,11447.62,49709.7,Diesel,Individual,Manual,Second Owner,1120.0,70.0,56.45,5.0
Tata Indica V2 DLS,2008,1730.45,68350.8,Diesel,Individual,Manual,Second Owner,1396.0,53.5,40.46,5.0
Hyundai Accent GLS,2009,3993.36,43496.0,Petrol,Individual,Manual,Third Owner,1495.0,94.0,31.05,5.0
Hyundai i20 Active S Petrol,2019,16505.87,8077.8,Petrol,Individual,Manual,First Owner,1197.0,81.86,40.43,5.0
Ford Classic 1.6 Duratec CLXI,2013,6655.59,37282.3,Petrol,Individual,Manual,Second Owner,1596.0,99.6,33.14,5.0
Maruti Ritz VDi,2011,7321.15,102526.2,Diesel,Individual,Manual,First Owner,1248.0,73.9,49.63,5.0
Mahindra TUV 300 T4,2017,15973.42,18641.1,Diesel,Individual,Manual,Second Owner,1493.0,100.0,43.49,7.0
Volkswagen Vento Diesel Comfortline,2011,10648.95,62137.1,Diesel,Individual,Manual,Second Owner,1598.0,103.6,48.31,5.0
Mahindra Renault Logan 1.5 DLE Diesel,2007,4792.03,116196.4,Diesel,Individual,Manual,Second Owner,1461.0,65.0,45.16,5.0
Maruti Vitara Brezza VDi,2016,19966.78,43496.0,Diesel,Individual,Manual,First Owner,1248.0,88.5,57.16,5.0
Maruti Swift VXI Optional,2016,13311.18,24854.8,Petrol,Individual,Manual,First Owner,1197.0,81.8,47.98,5.0
Honda Mobilio RS Option i DTEC,2015,26622.37,28583.1,Diesel,Individual,Manual,First Owner,1498.0,98.6,57.63,7.0
Maruti Baleno Alpha 1.3,2017,19700.55,15161.5,Diesel,Individual,Manual,First Owner,1248.0,74.0,64.43,5.0
Volkswagen Vento 1.5 TDI Highline Plus AT BSIV,2018,34342.86,18578.4,Diesel,Dealer,Automatic,First Owner,1498.0,108.6,52.1,5.0
Hyundai Grand i10 Nios Sportz,2020,20632.34,1242.7,Petrol,Dealer,Manual,First Owner,1197.0,81.86,48.69,5.0
Renault Lodgy 85PS RxL,2017,18502.55,21126.6,Diesel,Dealer,Manual,First Owner,1461.0,83.8,49.49,8.0
Hyundai Elite i20 Asta Option CVT BSIV,2018,19434.33,19262.5,Petrol,Dealer,Automatic,First Owner,1197.0,81.86,40.93,5.0
Chevrolet Trailblazer LTZ 4X2 AT,2016,34475.97,28583.1,Diesel,Dealer,Automatic,Second Owner,2776.0,197.2,26.93,7.0
Isuzu MU 7 AT Premium,2016,30881.95,75185.9,Diesel,Dealer,Automatic,First Owner,2999.0,161.0,28.41,7.0
Maruti Celerio ZXI Optional AMT BSIV,2016,11580.7,6213.7,Petrol,Dealer,Automatic,First Owner,998.0,67.04,54.33,5.0
Mercedes-Benz GL-Class 220d 4MATIC Sport,2018,122462.9,3728.2,Diesel,Dealer,Automatic,First Owner,2143.0,170.0,42.1,5.0
Hyundai Creta 1.6 CRDi SX,2015,22629.01,36806.9,Diesel,Dealer,Manual,First Owner,1582.0,126.2,46.27,5.0
BMW X4 M Sport X xDrive20d,2019,154409.75,13048.8,Diesel,Dealer,Automatic,First Owner,1995.0,190.0,39.47,5.0
Honda Amaze S i-Dtech,2014,13843.63,29825.8,Diesel,Individual,Manual,First Owner,1498.0,98.6,60.69,5.0
Mahindra Xylo D4,2018,17304.54,70836.3,Diesel,Individual,Manual,First Owner,2489.0,93.7,35.16,7.0
Maruti Swift Dzire LDi,2011,11447.62,74564.5,Diesel,Individual,Manual,Second Owner,1248.0,73.9,45.4,5.0
Hyundai i20 Magna Optional 1.4 CRDi,2013,9584.05,89477.4,Diesel,Individual,Manual,First Owner,1396.0,88.8,51.51,5.0
Hyundai i20 Magna Optional 1.4 CRDi,2013,9317.83,89477.4,Diesel,Individual,Manual,First Owner,1396.0,88.8,51.51,5.0
Maruti Vitara Brezza ZDi Plus Dual Tone,2016,21058.29,118060.5,Diesel,Individual,Manual,First Owner,1248.0,88.5,57.16,5.0
Toyota Innova 2.5 G (Diesel) 7 Seater,2015,25291.25,118060.5,Diesel,Individual,Manual,Second Owner,2494.0,100.6,30.55,7.0
Maruti Swift VDI,2019,18369.44,12427.4,Diesel,Individual,Manual,First Owner,1248.0,74.0,66.8,5.0
Hyundai Verna CRDi 1.6 EX,2017,22895.24,24854.8,Diesel,Individual,Manual,Second Owner,1582.0,126.2,51.75,5.0
Maruti Swift Dzire Vdi BSIV,2012,9876.9,62137.1,Diesel,Individual,Manual,First Owner,1248.0,73.9,45.4,5.0
Tata Indica V2 DLX TC,2008,1198.01,37282.3,Diesel,Individual,Manual,Second Owner,1405.0,68.0,39.52,5.0
Ford Fiesta 1.4 ZXi TDCi Limited Edition,2006,1464.23,124895.6,Diesel,Individual,Manual,First Owner,1399.0,68.0,41.87,5.0
Volkswagen Vento Diesel Highline,2011,6389.37,68350.8,Diesel,Individual,Manual,First Owner,1598.0,103.6,48.31,5.0
Maruti Swift VDI BSIV,2014,13178.07,47979.2,Diesel,Individual,Manual,Second Owner,1248.0,74.0,59.27,5.0
Honda Jazz 1.2 S i VTEC,2015,17863.61,29967.5,Petrol,Dealer,Manual,First Owner,1199.0,88.7,43.99,5.0
Maruti Swift VDI Optional,2017,18449.3,36386.9,Diesel,Dealer,Manual,First Owner,1248.0,74.0,59.27,5.0
Honda City i DTec SV,2016,21377.74,31600.4,Diesel,Dealer,Manual,First Owner,1498.0,98.6,61.16,5.0
Honda City i VTEC VX,2017,23693.91,11371.1,Petrol,Individual,Manual,First Owner,1497.0,117.3,41.87,5.0
Maruti Swift LDI,2015,13178.07,36842.3,Diesel,Dealer,Manual,First Owner,1248.0,74.0,66.8,5.0
Maruti Celerio ZXI Optional AMT BSIV,2018,14509.19,6213.7,Petrol,Dealer,Automatic,First Owner,998.0,67.04,54.33,5.0
Maruti Baleno Zeta Automatic,2018,20632.34,13140.1,Petrol,Dealer,Automatic,First Owner,1197.0,83.1,50.34,5.0
Honda City i-DTEC ZX,2017,24625.69,42874.6,Diesel,Dealer,Manual,First Owner,1498.0,97.9,60.22,5.0
Maruti Swift AMT VDI,2018,21031.67,9941.9,Diesel,Dealer,Automatic,First Owner,1248.0,74.0,66.8,5.0
Toyota Innova Crysta 2.4 VX MT 8S BSIV,2017,47654.02,22369.4,Diesel,Dealer,Manual,First Owner,2393.0,147.8,32.18,8.0
Maruti Baleno Delta,2017,16505.87,22990.7,Petrol,Dealer,Manual,First Owner,1197.0,81.8,49.42,5.0
Maruti Celerio VDi,2016,9983.39,38011.1,Diesel,Dealer,Manual,First Owner,793.0,47.0,64.97,5.0
Audi A4 35 TDI Premium Plus,2016,65224.81,18641.1,Diesel,Dealer,Automatic,First Owner,1968.0,187.74,42.93,5.0
Mahindra XUV500 W8 2WD,2014,22629.01,46602.8,Diesel,Dealer,Manual,First Owner,2179.0,140.0,35.52,7.0
Maruti Baleno Alpha CVT,2017,19966.78,31689.9,Petrol,Dealer,Automatic,First Owner,1197.0,81.8,46.01,5.0
Maruti Baleno Alpha,2018,20632.34,10563.3,Petrol,Dealer,Manual,First Owner,1197.0,81.8,49.42,5.0
Maruti Swift Vdi BSIII,2008,6921.82,62137.1,Diesel,Individual,Manual,Second Owner,1248.0,75.0,41.87,5.0
Audi A6 2.0 TDI Premium Plus,2013,53244.74,21748.0,Diesel,Individual,Automatic,Second Owner,1968.0,174.33,41.59,5.0
Mahindra XUV500 AT W10 AWD,2016,34609.08,56897.1,Diesel,Individual,Automatic,Third Owner,2179.0,140.0,37.63,7.0
Maruti Celerio VXI,2017,10116.5,31068.6,Petrol,Individual,Manual,First Owner,998.0,67.04,54.33,5.0
Hyundai Grand i10 1.2 Kappa Sportz Option,2017,12778.74,37282.3,Petrol,Individual,Manual,First Owner,1197.0,81.86,44.46,5.0
Maruti Alto 800 LXI,2016,6389.37,21748.0,Petrol,Individual,Manual,Second Owner,796.0,47.3,53.49,5.0
Hyundai Verna 1.4 VTVT,2014,13311.18,20753.8,Petrol,Individual,Manual,First Owner,1396.0,105.5,41.0,5.0
Maruti Swift LXI Optional-O,2015,11181.4,22369.4,Petrol,Individual,Manual,First Owner,1197.0,83.11,47.98,5.0
Ford Figo Diesel ZXI,2011,3460.91,111846.8,Diesel,Individual,Manual,Second Owner,1399.0,68.0,47.04,5.0
Maruti Alto K10 2010-2014 VXI,2012,2928.46,49709.7,Petrol,Individual,Manual,First Owner,998.0,67.1,49.21,5.0
Maruti Alto LX BSIII,2007,3194.68,74564.5,Petrol,Individual,Manual,Second Owner,796.0,46.3,46.34,5.0
Maruti Swift Dzire AMT ZDI,2017,18635.66,49709.7,Diesel,Individual,Automatic,First Owner,1248.0,74.02,66.8,5.0
Maruti Swift Dzire LDI,2018,14642.3,74564.5,Diesel,Individual,Manual,First Owner,1248.0,74.02,66.8,5.0
Tata Indigo CS LX (TDI) BS-III,2014,5058.25,68350.8,Diesel,Individual,Manual,Second Owner,1405.0,69.01,44.9,5.0
Toyota Etios Liva 1.4 VD,2018,17703.88,43496.0,Diesel,Individual,Manual,First Owner,1364.0,67.04,55.49,5.0
Mahindra Xylo D4,2014,11846.95,74564.5,Diesel,Individual,Manual,Second Owner,2489.0,93.7,35.16,7.0
Hyundai i20 Magna 1.4 CRDi (Diesel),2012,9051.61,57592.4,Diesel,Dealer,Manual,Second Owner,1396.0,88.76,51.51,5.0
Hyundai Sonata 2.0L CRDi MT,2009,8785.38,111846.8,Diesel,Individual,Manual,First Owner,1991.0,142.0,31.99,5.0
Tata Manza Club Class Quadrajet90 LX,2012,7188.04,49709.7,Diesel,Individual,Manual,First Owner,1248.0,88.76,49.44,5.0
Mahindra XUV500 AT W8 FWD,2015,27820.35,43496.0,Diesel,Individual,Automatic,First Owner,2179.0,140.0,37.63,7.0
Maruti Swift Ldi BSIV,2009,7427.64,72700.4,Diesel,Individual,Manual,First Owner,1248.0,75.0,41.87,5.0
Skoda Octavia L and K 1.9 TDI (MT),2007,6655.59,62137.1,Diesel,Individual,Manual,Second Owner,1896.0,122.4,39.05,5.0
Hyundai Verna 1.6 SX VTVT AT,2012,12645.63,51573.8,Petrol,Individual,Automatic,First Owner,1591.0,121.3,37.02,5.0
Chevrolet Cruze LTZ AT,2016,19966.78,42004.7,Diesel,Individual,Automatic,First Owner,1998.0,163.7,34.84,5.0
Mitsubishi Pajero Sport Anniversary Edition,2015,33277.96,99419.4,Diesel,Individual,Manual,Second Owner,2477.0,178.0,31.75,7.0
Hyundai EON Era Plus,2014,6655.59,49709.7,Petrol,Individual,Manual,Second Owner,814.0,55.2,49.63,5.0
Honda Amaze VX i-DTEC,2013,11846.95,62137.1,Diesel,Individual,Manual,First Owner,1498.0,98.6,60.69,5.0
Volkswagen Jetta 2.0 TDI Comfortline,2010,10648.95,62137.1,Diesel,Individual,Manual,First Owner,1896.0,105.0,35.28,5.0
Hyundai i20 1.4 CRDi Era,2010,9317.83,55923.4,Diesel,Individual,Manual,Second Owner,1396.0,90.0,54.1,5.0
Skoda Rapid Ultima 1.6 TDI Elegance,2012,7853.6,86991.9,Diesel,Individual,Manual,First Owner,1598.0,103.5,48.22,5.0
Maruti Swift Dzire VXI 1.2,2018,15973.42,15534.3,Petrol,Individual,Manual,First Owner,1197.0,81.8,49.89,5.0
Toyota Innova Crysta 2.4 GX MT 8S BSIV,2018,43926.91,12427.4,Diesel,Individual,Manual,First Owner,2393.0,147.8,32.18,8.0
Maruti 800 AC,2012,2662.24,18641.1,Petrol,Individual,Manual,First Owner,796.0,37.0,37.87,4.0
Ford Aspire Trend Plus,2018,18369.44,8077.8,Petrol,Individual,Manual,First Owner,1194.0,94.93,47.98,5.0
Hyundai i20 1.2 Asta,2018,18901.88,26097.6,Petrol,Individual,Manual,First Owner,1197.0,81.83,43.75,5.0
Hyundai EON 1.0 Kappa Magna Plus Optional,2018,9317.83,6213.7,Petrol,Individual,Manual,Second Owner,998.0,68.05,47.75,5.0
Maruti Alto K10 2010-2014 VXI,2012,5856.92,8077.8,Petrol,Individual,Manual,First Owner,998.0,67.1,49.21,5.0
Renault Triber RXZ BSIV,2019,18635.66,4038.9,Petrol,Individual,Manual,First Owner,999.0,72.0,47.04,7.0
Hyundai EON Magna Plus,2013,5271.23,30757.9,Petrol,Individual,Manual,Second Owner,814.0,55.2,49.63,5.0
Hyundai i20 1.4 CRDi Sportz,2011,9317.83,31068.6,Diesel,Individual,Manual,First Owner,1396.0,90.0,54.1,5.0
Tata Indigo CR4,2011,5590.7,108739.9,Diesel,Individual,Manual,Second Owner,1396.0,70.0,55.44,5.0
Tata Indigo eCS LX BSIV,2011,5590.7,108739.9,Diesel,Individual,Manual,Second Owner,1396.0,69.0,54.17,5.0
Maruti Ritz ZDi,2014,9983.39,68350.8,Diesel,Individual,Manual,Third Owner,1248.0,73.94,54.57,5.0
Maruti Swift Dzire VXi,2012,10116.5,69623.4,Petrol,Individual,Manual,Second Owner,1298.0,85.8,41.16,5.0
Honda City 1.5 S MT,2010,9584.05,60894.4,Petrol,Individual,Manual,Third Owner,1497.0,118.0,39.99,5.0
Mahindra XUV500 W6 2WD,2015,25158.11,25476.2,Diesel,Individual,Manual,First Owner,2179.0,140.0,35.52,7.0
Toyota Platinum Etios 1.4 GXD,2018,20765.45,72079.0,Diesel,Individual,Manual,First Owner,1364.0,67.05,55.49,5.0
Maruti Swift LXI,2020,11846.95,621.4,Petrol,Individual,Manual,First Owner,1197.0,81.8,49.89,5.0
Hyundai Xcent 1.2 VTVT S AT,2018,15307.86,9320.6,Petrol,Individual,Automatic,First Owner,1197.0,81.86,40.83,5.0
Maruti S-Cross 2017-2020 Delta DDiS 200 SH,2018,25956.81,3106.9,Diesel,Individual,Manual,First Owner,1248.0,88.5,59.04,5.0
Tata Tiago 2019-2020 XZ Plus Dual Tone,2019,11980.07,2174.8,Petrol,Individual,Manual,First Owner,1199.0,83.83,56.08,5.0
Ford Figo 1.5D Trend MT,2017,13178.07,34796.8,Diesel,Individual,Manual,First Owner,1498.0,99.0,60.76,5.0
Toyota Innova 2.5 G (Diesel) 7 Seater,2013,22096.57,133594.8,Diesel,Individual,Manual,First Owner,2494.0,100.0,30.55,7.0
Mahindra XUV500 W6 2WD,2012,21297.9,24854.8,Diesel,Individual,Manual,First Owner,2179.0,140.0,35.52,7.0
Maruti Ritz VDi,2013,7986.71,74564.5,Diesel,Individual,Manual,Second Owner,1248.0,73.94,54.57,5.0
Mahindra Scorpio 2.6 SLX Turbo 7 Seater,2003,5324.47,74564.5,Diesel,Individual,Manual,Second Owner,2179.0,120.0,24.7,7.0
Honda Brio 1.2 S MT,2017,12778.74,18889.7,Petrol,Dealer,Manual,First Owner,1198.0,86.8,43.51,5.0
Honda BR-V i-DTEC VX MT,2017,25291.25,14912.9,Diesel,Dealer,Manual,First Owner,1498.0,98.6,51.51,7.0
Honda BR-V i-VTEC VX MT,2017,22362.79,19042.5,Petrol,Dealer,Manual,First Owner,1497.0,117.3,36.22,7.0
Hyundai Verna 1.6 CRDi S,2017,21297.9,9320.6,Diesel,Individual,Manual,First Owner,1582.0,126.2,56.22,5.0
Volkswagen Vento 1.5 TDI Comfortline,2017,19966.78,31068.6,Diesel,Individual,Manual,First Owner,1498.0,108.6,52.38,5.0
Hyundai EON Era Plus,2017,6788.68,21126.6,Petrol,Individual,Manual,First Owner,814.0,55.2,49.63,5.0
Maruti Ertiga SHVS ZDI Plus,2016,19301.22,33554.0,Diesel,Individual,Manual,Second Owner,1248.0,88.5,57.67,7.0
Mercedes-Benz B Class B200 CDI Sport,2016,49490.99,24854.8,Diesel,Individual,Automatic,Second Owner,2143.0,134.1,46.34,5.0
Chevrolet Beat LT,2012,3860.24,74564.5,Petrol,Individual,Manual,First Owner,1199.0,79.4,43.75,5.0
Tata Nexon 1.2 Revotron XM,2018,19966.78,9320.6,Petrol,Individual,Manual,First Owner,1198.0,108.5,39.99,5.0
Volkswagen Ameo 1.5 TDI Comfortline AT,2017,17437.65,31068.6,Diesel,Individual,Automatic,First Owner,1498.0,108.495,51.75,5.0
Ford Figo Diesel ZXI,2011,5590.7,52195.2,Diesel,Individual,Manual,Second Owner,1399.0,68.0,47.04,5.0
Honda City 1.5 E MT,2011,11980.07,31068.6,Petrol,Individual,Manual,First Owner,1497.0,118.0,39.99,5.0
Ford Figo 1.5D Titanium MT,2015,15440.97,32311.3,Diesel,Individual,Manual,First Owner,1498.0,99.0,60.76,5.0
Hyundai Santro Sportz BSIV,2019,11447.62,11495.4,Petrol,Individual,Manual,First Owner,1086.0,68.0,47.75,5.0
Tata Indigo CS eLX BS IV,2012,4126.47,31068.6,Diesel,Individual,Manual,First Owner,1396.0,69.0,54.17,5.0
Datsun RediGO 1.0 S,2017,6389.37,21748.0,Petrol,Individual,Manual,First Owner,999.0,67.0,52.92,5.0
Toyota Etios G,2016,14376.08,9631.3,Petrol,Individual,Manual,First Owner,1496.0,88.73,39.47,5.0
Tata Indigo CS LX (TDI) BS III,2013,6655.59,74564.5,Diesel,Individual,Manual,First Owner,1396.0,69.0,44.9,5.0
Tata Indigo eCS VX BSIV,2012,6921.82,37282.3,Diesel,Individual,Manual,First Owner,1396.0,69.0,58.8,5.0
Ford Ecosport 1.0 Ecoboost Titanium Optional,2014,14642.3,26725.8,Petrol,Dealer,Manual,First Owner,999.0,123.37,44.41,5.0
Renault Duster 110PS Diesel RxL,2015,15973.42,84506.5,Diesel,Individual,Manual,First Owner,1461.0,108.45,44.71,5.0
Ford Figo Aspire 1.5 TDCi Titanium,2017,14642.3,9320.6,Diesel,Individual,Manual,First Owner,1498.0,99.0,60.76,5.0
Mahindra Bolero SLX,2011,9850.28,68350.8,Diesel,Individual,Manual,Second Owner,2523.0,63.0,31.99,7.0
Hyundai i10 Magna 1.1L,2008,6655.59,62137.1,Petrol,Individual,Manual,Second Owner,1086.0,68.05,46.6,5.0
Maruti Alto LXi BSIII,2005,3327.8,43496.0,Petrol,Individual,Manual,Fourth & Above Owner,796.0,46.3,46.34,5.0
Tata Indica Vista Aqua 1.4 TDI,2010,5324.47,68350.8,Diesel,Individual,Manual,First Owner,1405.0,71.0,39.99,5.0
Ford Figo Aspire 1.2 Ti-VCT Titanium,2018,18635.66,15534.3,Petrol,Individual,Manual,First Owner,1196.0,86.8,42.72,5.0
Hyundai Santro Magna,2020,13311.18,621.4,Petrol,Individual,Manual,First Owner,1086.0,68.07,47.75,5.0
Maruti 800 AC BSII,2007,3327.8,37282.3,Petrol,Individual,Manual,Second Owner,796.0,37.0,37.87,4.0
Renault Lodgy 85PS RxZ,2015,18369.44,49709.7,Diesel,Individual,Manual,First Owner,1461.0,83.8,49.49,8.0
Jeep Compass 2.0 Limited,2017,41264.67,74564.5,Diesel,Individual,Manual,First Owner,1956.0,170.0,40.22,5.0
Tata Indica V2 1.2 GLE BSIII,2013,4525.8,68350.8,Petrol,Individual,Manual,Second Owner,1193.0,65.3,35.99,5.0
Fiat Linea Emotion (Diesel),2010,7321.15,68350.8,Diesel,Individual,Manual,Third Owner,1248.0,91.7,47.98,5.0
Toyota Innova 2.5 V Diesel 8-seater,2007,13311.18,124274.2,Diesel,Individual,Manual,Third Owner,2494.0,102.0,30.11,8.0
Volkswagen Jetta 2.0L TDI Highline,2013,25291.25,49709.7,Diesel,Individual,Manual,Second Owner,1968.0,138.1,45.47,5.0
Maruti Swift Dzire ZDI,2019,21377.74,14912.9,Diesel,Individual,Manual,First Owner,1248.0,74.02,66.8,5.0
Maruti Swift Dzire VDI,2013,12512.51,93205.6,Diesel,Individual,Manual,First Owner,1248.0,74.0,55.04,5.0
Renault KWID RXT,2015,7986.71,37282.3,Petrol,Individual,Manual,First Owner,799.0,53.3,59.2,5.0
Renault Duster 110PS Diesel RxL,2014,15973.42,72079.0,Diesel,Individual,Manual,First Owner,1461.0,108.45,44.71,5.0
Ford Figo Diesel Celebration Edition,2013,7321.15,64809.0,Diesel,Individual,Manual,First Owner,1399.0,68.1,47.04,5.0
Mahindra KUV 100 D75 K8,2018,18635.66,18641.1,Diesel,Individual,Manual,First Owner,1198.0,77.0,59.56,6.0
Mercedes-Benz GL-Class 350 CDI Blue Efficiency,2014,86522.7,20505.2,Diesel,Individual,Automatic,First Owner,2987.0,254.8,26.58,7.0
Volkswagen Ameo 1.5 TDI Comfortline,2020,21297.9,15534.3,Diesel,Individual,Manual,First Owner,1498.0,108.62,50.95,5.0
Audi A6 2.0 TDI,2014,58569.21,37282.3,Diesel,Individual,Automatic,First Owner,1968.0,174.33,41.59,5.0
Hyundai Verna CRDi SX ABS,2007,6522.48,75185.9,Diesel,Individual,Manual,Second Owner,1493.0,110.0,42.57,5.0
Hyundai Verna CRDi SX,2010,8252.93,74564.5,Diesel,Individual,Manual,Second Owner,1493.0,110.0,39.52,5.0
Hyundai Verna CRDi SX ABS,2007,6522.48,74564.5,Diesel,Individual,Manual,Second Owner,1493.0,110.0,42.57,5.0
Volkswagen Polo Petrol Comfortline 1.2L,2011,11980.07,68350.8,Petrol,Individual,Manual,First Owner,1198.0,73.9,38.74,5.0
Volkswagen Jetta 2.0L TDI Highline AT,2013,22629.01,52195.2,Diesel,Individual,Automatic,Second Owner,1968.0,138.03,39.89,5.0
Honda CR-V 2.4 4WD AT,2004,8652.27,74564.5,Petrol,Individual,Automatic,Third Owner,2354.0,152.0,23.76,5.0
Maruti Swift VDI,2013,10915.15,62137.1,Diesel,Individual,Manual,Third Owner,1248.0,74.0,53.86,5.0
Volvo XC60 Inscription D5 BSIV,2018,146423.03,31068.6,Diesel,Individual,Automatic,First Owner,1969.0,235.0,26.34,5.0
Hyundai Creta 1.6 CRDi SX Option,2015,26622.37,45670.8,Diesel,Individual,Manual,First Owner,1582.0,126.2,46.27,5.0
Hyundai Xcent 1.1 CRDi SX,2016,15707.2,21126.6,Diesel,Individual,Manual,Second Owner,1120.0,71.0,57.39,5.0
Nissan Kicks XV D BSIV,2019,31946.84,14291.5,Diesel,Individual,Manual,First Owner,1461.0,108.5,48.1,5.0
Ford Fiesta 1.4 SXi TDCi ABS,2008,4658.91,101283.5,Diesel,Individual,Manual,Third Owner,1399.0,68.0,41.87,5.0
Chevrolet Optra Magnum 2.0 LT,2011,7986.71,73943.1,Diesel,Individual,Manual,Second Owner,1991.0,123.7,38.86,5.0
Toyota Innova Crysta 2.8 ZX AT BSIV,2017,57903.65,31068.6,Diesel,Individual,Automatic,First Owner,2755.0,171.5,26.72,7.0
Honda City i-DTEC VX,2019,29550.83,6524.4,Diesel,Individual,Manual,First Owner,1498.0,97.9,60.22,5.0
Mitsubishi Lancer 2.0 LXd,2000,3993.36,173983.9,Diesel,Individual,Manual,Second Owner,1998.0,68.0,34.81,5.0
Volkswagen Vento Diesel Highline,2013,8652.27,96312.5,Diesel,Individual,Manual,Second Owner,1598.0,103.6,48.31,5.0
Ford Fiesta 1.4 SXi TDCi ABS,2010,8652.27,101283.5,Diesel,Individual,Manual,First Owner,1399.0,68.0,41.87,5.0
Honda City 2017-2020 GXi,2008,7454.26,46602.8,Petrol,Individual,Manual,First Owner,1497.0,78.0,41.63,5.0
Honda City i DTec E,2016,20366.11,49709.7,Diesel,Individual,Manual,First Owner,1498.0,98.6,61.16,5.0
Honda City i DTEC V,2014,17038.32,74564.5,Diesel,Individual,Manual,Second Owner,1498.0,98.6,61.16,5.0
Tata Indica V2 DLE BSIII,2007,1730.45,74564.5,Diesel,Individual,Manual,Third Owner,1396.0,52.8,42.06,5.0
Skoda Octavia Ambiente 1.9 TDI MT,2007,5191.36,108739.9,Diesel,Individual,Manual,Second Owner,1896.0,66.0,43.99,5.0
Maruti Alto 800 LXI,2017,7853.6,9320.6,Petrol,Individual,Manual,First Owner,796.0,47.3,58.1,5.0
Maruti Swift Dzire ZDI,2012,16638.98,62137.1,Diesel,Individual,Manual,Second Owner,1248.0,74.0,55.04,5.0
Maruti Wagon R LX Minor,2009,4259.58,49709.7,Petrol,Individual,Manual,Second Owner,998.0,67.1,44.46,5.0
Maruti Celerio VXI,2015,8785.38,52195.2,Petrol,Individual,Manual,Second Owner,998.0,67.04,54.33,5.0
Ford Figo Petrol LXI,2010,4792.03,31068.6,Petrol,Individual,Manual,Second Owner,1196.0,70.0,36.69,5.0
Hyundai i10 Era,2011,7986.71,18641.1,Petrol,Individual,Manual,First Owner,1086.0,68.05,46.6,5.0
Maruti Baleno Alpha 1.2,2016,17304.54,21748.0,Petrol,Individual,Manual,Second Owner,1197.0,83.1,50.34,5.0
Mahindra Verito 1.5 D4 BSIV,2015,10116.5,74564.5,Diesel,Individual,Manual,Second Owner,1461.0,65.0,49.47,5.0
Tata Zest Revotron 1.2 XT,2014,9584.05,31068.6,Petrol,Individual,Manual,Second Owner,1193.0,88.7,41.33,5.0
Skoda Rapid 1.6 MPI Elegance,2012,10249.61,72079.0,Petrol,Individual,Manual,First Owner,1598.0,103.5,35.28,5.0
Hyundai Verna 1.6 SX CRDi (O),2012,15707.2,68350.8,Diesel,Individual,Manual,Second Owner,1582.0,126.32,52.5,5.0
Mahindra XUV500 W4,2013,19966.78,43496.0,Diesel,Individual,Manual,Second Owner,2179.0,140.0,35.52,7.0
Fiat Grande Punto 1.3 Emotion (Diesel),2011,6788.68,62137.1,Diesel,Individual,Manual,Third Owner,1248.0,75.0,47.75,5.0
Hyundai Grand i10 SportZ Edition,2015,13284.56,12427.4,Petrol,Individual,Manual,First Owner,1197.0,81.86,44.46,5.0
Maruti Swift Dzire AMT ZDI Plus,2018,19434.33,37282.3,Diesel,Individual,Automatic,First Owner,1248.0,74.02,66.8,5.0
Honda Jazz 1.5 V i DTEC,2016,17304.54,18641.1,Diesel,Individual,Manual,Second Owner,1498.0,98.6,64.21,5.0
Renault Pulse RxL,2012,5856.92,46602.8,Diesel,Individual,Manual,First Owner,1461.0,63.12,54.29,5.0
Tata Indica V2 DLS TC,2006,2662.24,68350.8,Diesel,Individual,Manual,Third Owner,1405.0,62.0,39.52,5.0
Hyundai Accent GLS 1.6,2004,2928.46,74564.5,Petrol,Individual,Manual,Fourth & Above Owner,1599.0,94.0,33.87,5.0
Tata Indica Vista Aqua 1.4 TDI,2009,4046.6,29825.8,Diesel,Individual,Manual,Second Owner,1405.0,71.0,39.99,5.0
Hyundai i20 1.2 Magna Executive,2014,11048.28,44738.7,Petrol,Dealer,Manual,First Owner,1197.0,81.83,43.75,5.0
Maruti Swift VXI BSIV,2015,12645.63,31689.9,Petrol,Dealer,Manual,First Owner,1197.0,81.8,51.75,5.0
Maruti Ignis Zeta,2017,13976.74,18019.8,Petrol,Dealer,Manual,First Owner,1197.0,81.8,49.14,5.0
Maruti Wagon R VXI 1.2,2015,9717.17,17398.4,Petrol,Dealer,Manual,First Owner,1197.0,81.8,48.27,5.0
Maruti Swift VDI BSIV,2011,9983.39,60273.0,Diesel,Dealer,Manual,First Owner,1248.0,74.0,59.27,5.0
Maruti Swift Dzire VDI,2018,20366.11,36660.9,Diesel,Dealer,Manual,First Owner,1248.0,74.02,66.8,5.0
Maruti Swift Dzire VDI,2019,20499.22,16777.0,Diesel,Individual,Manual,First Owner,1248.0,74.02,66.8,5.0
Renault KWID RXT,2018,9317.83,18641.1,Petrol,Individual,Manual,First Owner,799.0,53.3,59.2,5.0
Mahindra Scorpio 1.99 S6 Plus,2015,23294.57,43496.0,Diesel,Individual,Manual,First Owner,1997.0,120.0,36.22,7.0
Mahindra XUV500 W6 2WD,2014,20765.45,42874.6,Diesel,Dealer,Manual,First Owner,2179.0,140.0,35.52,7.0
Maruti S-Cross 2017-2020 Zeta DDiS 200 SH,2018,26356.15,9320.6,Diesel,Individual,Manual,First Owner,1248.0,88.5,59.04,5.0
Maruti Swift Dzire VDI,2019,21297.9,22182.9,Diesel,Dealer,Manual,First Owner,1248.0,74.02,66.8,5.0
Hyundai Verna 1.6 SX,2012,9317.83,74564.5,Diesel,Individual,Manual,Third Owner,1582.0,126.32,52.5,5.0
Volkswagen Polo Diesel Comfortline 1.2L,2013,8652.27,74564.5,Diesel,Individual,Manual,First Owner,1199.0,73.9,51.91,5.0
Volkswagen Polo Diesel Comfortline 1.2L,2013,9584.05,49709.7,Diesel,Individual,Manual,First Owner,1199.0,73.9,51.91,5.0
Maruti Alto K10 2010-2014 VXI,2010,3940.11,74564.5,Petrol,Individual,Manual,First Owner,998.0,67.1,49.21,5.0
Maruti Baleno Delta 1.3,2017,17836.99,22369.4,Diesel,Individual,Manual,First Owner,1248.0,74.0,64.43,5.0
Toyota Etios Liva GD,2014,11474.21,74564.5,Diesel,Individual,Manual,First Owner,1364.0,67.04,55.49,5.0
Maruti Omni E MPI STD BS IV,2017,6921.82,5592.3,Petrol,Individual,Manual,First Owner,796.0,34.2,39.52,8.0
Tata Nano Lx BSIV,2012,1863.57,31068.6,Petrol,Individual,Manual,Second Owner,624.0,37.48,59.74,4.0
Renault KWID Climber 1.0 MT BSIV,2019,7986.71,21748.0,Petrol,Individual,Manual,First Owner,999.0,67.0,54.12,5.0
Mahindra Xylo E4,2011,3993.36,80778.2,Diesel,Individual,Manual,Second Owner,2498.0,112.0,32.93,7.0
Ford Figo Diesel Titanium,2010,6921.82,43496.0,Diesel,Individual,Manual,First Owner,1399.0,68.0,47.04,5.0
Maruti Swift Dzire VDi,2012,8519.16,55923.4,Diesel,Individual,Manual,Third Owner,1248.0,73.9,45.4,5.0
Tata Nexon 1.2 Revotron XM,2018,18635.66,21748.0,Petrol,Individual,Manual,First Owner,1198.0,108.5,39.99,5.0
Volkswagen Polo Petrol Highline 1.2L,2012,11048.28,49709.7,Petrol,Individual,Manual,First Owner,1198.0,73.9,38.74,5.0
Maruti Swift Vdi BSIII,2008,6921.82,74564.5,Diesel,Individual,Manual,Second Owner,1248.0,75.0,41.87,5.0
Tata Nano Cx,2011,1863.57,49709.7,Petrol,Individual,Manual,First Owner,624.0,35.0,61.16,4.0
Toyota Etios Liva G,2015,13710.52,18641.1,Petrol,Individual,Manual,First Owner,1197.0,78.9,41.66,5.0
Hyundai Verna 1.6 CRDi SX,2016,21404.36,37282.3,Diesel,Individual,Manual,First Owner,1582.0,126.2,56.22,5.0
Skoda Octavia L and K 1.9 TDI (MT),2007,7321.15,124274.2,Diesel,Individual,Manual,Second Owner,1896.0,122.4,39.05,5.0
Ford EcoSport 1.5 TDCi Titanium BSIV,2017,24865.29,62758.5,Diesel,Individual,Manual,First Owner,1498.0,98.59,53.56,5.0
Ford Fiesta 1.4 Duratorq ZXI,2007,5590.7,68350.8,Diesel,Individual,Manual,First Owner,1399.0,68.0,41.87,5.0
Toyota Innova 2.5 G (Diesel) 8 Seater,2014,27953.49,84506.5,Diesel,Individual,Manual,Third Owner,2494.0,100.6,30.55,8.0
Chevrolet Tavera B2 8 Seats BSIII,2011,17304.54,155342.8,Diesel,Individual,Manual,Second Owner,2499.0,80.0,34.81,7.0
Chevrolet Cruze LTZ,2012,14642.3,45981.5,Diesel,Individual,Manual,Fourth & Above Owner,1998.0,163.7,40.69,5.0
Honda Jazz 1.2 VX i VTEC,2015,18635.66,14105.1,Petrol,Individual,Manual,First Owner,1199.0,88.7,43.99,5.0
Hyundai Grand i10 Sportz,2016,13976.74,27961.7,Petrol,Individual,Manual,First Owner,1197.0,82.0,44.46,5.0
Maruti Eeco 5 Seater AC BSIV,2011,6655.59,22369.4,Petrol,Individual,Manual,Second Owner,1196.0,73.0,36.15,5.0
Maruti Swift Dzire ZDI,2015,15307.86,35418.1,Diesel,Individual,Manual,Second Owner,1248.0,74.0,62.54,5.0
Tata Tiago 1.05 Revotorq XZ,2018,14376.08,20505.2,Diesel,Individual,Manual,First Owner,1047.0,69.0,64.17,5.0
Maruti Ertiga VXI,2012,14908.53,36660.9,Petrol,Individual,Manual,First Owner,1373.0,93.7,37.68,7.0
Volkswagen Vento Diesel Highline,2012,10116.5,124274.2,Diesel,Individual,Manual,First Owner,1598.0,103.6,48.31,5.0
Ford Figo Petrol Titanium,2011,6389.37,49709.7,Petrol,Individual,Manual,Second Owner,1196.0,70.0,36.69,5.0
Datsun RediGO S,2018,7454.26,31068.6,Petrol,Individual,Manual,First Owner,799.0,53.64,53.39,5.0
Maruti Ritz VDi,2011,9317.83,73321.8,Diesel,Individual,Manual,Second Owner,1248.0,73.9,49.63,5.0
Tata Indica Vista TDI LS,2014,2928.46,155342.8,Diesel,Individual,Manual,Second Owner,1405.0,70.0,44.93,5.0
Tata Nexon 1.5 Revotorq XZ Plus,2018,26089.92,12427.4,Diesel,Individual,Manual,First Owner,1497.0,108.5,50.57,5.0
Tata Nexon 1.5 Revotorq XZ Plus,2018,25823.67,13590.0,Diesel,Individual,Manual,First Owner,1497.0,108.5,50.57,5.0
Mahindra KUV 100 mFALCON D75 K8,2016,9504.19,74564.5,Diesel,Individual,Manual,First Owner,1198.0,77.0,59.56,6.0
Tata Indica Vista TDI LX,2014,7454.26,62137.1,Diesel,Individual,Manual,First Owner,1405.0,70.0,44.93,5.0
Mahindra Bolero 2011-2019 ZLX,2012,11447.62,31068.6,Diesel,Individual,Manual,First Owner,2523.0,62.1,37.54,7.0
Maruti Alto 800 LXI Airbag,2015,6655.59,43496.0,Petrol,Individual,Manual,First Owner,796.0,47.3,53.49,5.0
Chevrolet Enjoy 1.3 TCDi LS 8,2016,13976.74,49709.7,Diesel,Individual,Manual,First Owner,1248.0,73.74,42.81,8.0
Tata Tiago 1.2 Revotron XZ,2018,13311.18,15534.3,Petrol,Individual,Manual,First Owner,1199.0,84.0,56.08,5.0
Mahindra Scorpio S5 BSIV,2019,26622.37,37282.3,Diesel,Individual,Manual,First Owner,2179.0,120.0,38.48,7.0
Maruti Alto 800 LXI Optional,2017,8412.67,15534.3,Petrol,Individual,Manual,First Owner,796.0,47.3,58.1,5.0
Maruti Alto 800 VXI Optional,2018,9317.83,31068.6,Petrol,Individual,Manual,First Owner,796.0,47.3,58.1,5.0
Tata Nexon 1.5 Revotorq XZ Plus Dual Tone,2018,25291.25,8699.2,Diesel,Individual,Manual,First Owner,1497.0,108.5,50.57,5.0
Maruti 800 AC,2005,1198.01,34439.5,Petrol,Individual,Manual,Second Owner,796.0,37.0,37.87,4.0
Mahindra Bolero 2011-2019 SLX,2013,12645.63,47224.2,Diesel,Individual,Manual,First Owner,2523.0,62.1,37.54,7.0
Toyota Fortuner 2.8 4WD AT BSIV,2020,85191.58,1864.1,Diesel,Individual,Automatic,First Owner,2755.0,174.5,35.38,7.0
Mahindra TUV 300 T8,2016,15973.42,86370.6,Diesel,Individual,Manual,First Owner,1493.0,100.0,43.49,7.0
Volkswagen Vento 1.6 Highline,2014,11447.62,62137.1,Petrol,Individual,Manual,First Owner,1598.0,103.2,35.38,5.0
Hyundai Creta 1.6 CRDi SX,2015,25690.59,37282.3,Diesel,Individual,Manual,First Owner,1582.0,126.2,46.27,5.0
Maruti Ertiga ZDI,2013,18635.66,23400.2,Diesel,Individual,Manual,First Owner,1248.0,88.8,48.85,7.0
Maruti Ritz VDi,2012,6655.59,55302.0,Diesel,Individual,Manual,Second Owner,1248.0,73.94,54.57,5.0
Maruti Ertiga ZDI,2013,18103.21,23301.4,Diesel,Individual,Manual,Second Owner,1248.0,88.8,48.85,7.0
Tata Tiago 1.2 Revotron XTA,2018,13311.18,3106.9,Petrol,Individual,Automatic,First Owner,1199.0,84.0,56.08,5.0
Hyundai Grand i10 1.2 Kappa Asta,2013,11181.4,13048.8,Petrol,Individual,Manual,First Owner,1197.0,81.86,44.46,5.0
Maruti Alto K10 LXI,2017,7720.49,6213.7,Petrol,Individual,Manual,Second Owner,998.0,67.05,56.33,5.0
Maruti Swift Dzire VDI,2017,19966.78,18641.1,Diesel,Individual,Manual,First Owner,1248.0,74.02,66.8,5.0
Maruti Eeco 7 Seater Standard BSIV,2015,7986.71,12303.1,Petrol,Individual,Manual,First Owner,1196.0,73.0,36.15,7.0
Maruti Ritz VDi,2011,6655.59,55923.4,Diesel,Individual,Manual,Third Owner,1248.0,73.9,49.63,5.0
Maruti Wagon R LXI Minor,2007,2662.24,43496.0,Petrol,Individual,Manual,Second Owner,1061.0,67.0,44.46,5.0
Maruti Wagon R LX BSIII,2007,2662.24,49709.7,Petrol,Individual,Manual,Second Owner,1061.0,64.0,40.69,5.0
Maruti Ertiga VDI,2013,14642.3,74564.5,Diesel,Individual,Manual,Third Owner,1248.0,88.76,48.85,7.0
Maruti Swift Dzire VDi,2012,9078.23,74564.5,Diesel,Individual,Manual,First Owner,1248.0,73.9,45.4,5.0
Hyundai Grand i10 1.2 CRDi Sportz,2017,15973.42,31068.6,Diesel,Individual,Manual,First Owner,1186.0,73.97,56.45,5.0
Honda City i DTEC VX,2014,17304.54,103769.0,Diesel,Individual,Manual,First Owner,1498.0,98.6,59.04,5.0
Chevrolet Spark 1.0 PS,2008,2010.71,49709.7,Petrol,Individual,Manual,First Owner,995.0,63.0,37.63,5.0
Hyundai i20 Sportz 1.2,2014,13311.18,10563.3,Petrol,Individual,Manual,First Owner,1197.0,81.83,43.75,5.0
Maruti Baleno Delta 1.2,2017,14642.3,28583.1,Petrol,Individual,Manual,First Owner,1197.0,83.1,50.34,5.0
Maruti Swift VDI Optional,2015,12645.63,37282.3,Diesel,Individual,Manual,First Owner,1248.0,74.0,59.27,5.0
Maruti Wagon R LX,2006,1730.45,123031.5,Petrol,Individual,Manual,Second Owner,998.0,67.1,44.46,5.0
Hyundai Xcent 1.1 CRDi SX,2015,11314.51,37282.3,Diesel,Individual,Manual,First Owner,1120.0,71.0,57.39,5.0
Toyota Corolla Altis Diesel D4DJ,2012,12698.84,55923.4,Diesel,Individual,Manual,Fourth & Above Owner,1364.0,87.2,50.41,5.0
Chevrolet Spark 1.0 LS,2011,3993.36,24854.8,Petrol,Individual,Manual,Second Owner,995.0,62.0,42.34,5.0
Maruti Alto LXi,2011,5990.03,55923.4,Petrol,Individual,Manual,First Owner,796.0,46.3,46.34,5.0
Maruti Alto LXi,2010,5058.25,49709.7,Petrol,Individual,Manual,First Owner,796.0,46.3,46.34,5.0
Maruti Alto LX,2003,2662.24,101904.8,Petrol,Individual,Manual,Third Owner,796.0,46.3,46.34,5.0
Mahindra Bolero SLE BSIII,2011,10648.95,43496.0,Diesel,Individual,Manual,Second Owner,2523.0,63.0,31.99,7.0
Honda CR-V 2.0L 2WD AT,2016,35940.2,45981.5,Petrol,Dealer,Automatic,First Owner,1997.0,153.86,32.22,5.0
Mahindra Thar CRDe AC,2018,23960.13,7456.5,Diesel,Dealer,Manual,First Owner,2498.0,105.0,38.93,6.0
Tata Hexa XE,2017,25823.67,16466.3,Diesel,Dealer,Manual,First Owner,2179.0,147.94,41.4,7.0
Hyundai Grand i10 1.2 Kappa Magna AT,2016,12645.63,28352.5,Petrol,Trustmark Dealer,Automatic,First Owner,1197.0,81.86,44.46,5.0
Mahindra Bolero Power Plus SLE,2019,19700.55,21748.0,Diesel,Individual,Manual,First Owner,1493.0,70.0,38.81,7.0
Mahindra KUV 100 G80 K2,2018,10648.95,9320.6,Petrol,Individual,Manual,First Owner,1198.0,82.0,42.69,6.0
Maruti Wagon R LXI Optional,2018,11447.62,8699.2,Petrol,Individual,Manual,First Owner,998.0,67.04,48.24,5.0
Mahindra XUV300 W8 Option BSIV,2019,30136.52,12427.4,Petrol,Individual,Manual,First Owner,1197.0,110.0,39.99,5.0
Maruti Wagon R LXI BS IV,2017,9371.07,42781.4,Petrol,Dealer,Manual,First Owner,998.0,67.1,44.46,5.0
Tata Tiago 1.2 Revotron XE,2016,6735.43,28443.3,Petrol,Dealer,Manual,First Owner,1199.0,84.0,56.08,5.0
Chevrolet Spark 1.0 LT,2012,2129.79,43496.0,Petrol,Individual,Manual,Second Owner,995.0,62.1,38.1,5.0
Maruti Wagon R LXI,2015,8332.8,42379.4,Petrol,Dealer,Manual,First Owner,998.0,67.05,51.25,5.0
Hyundai Grand i10 SportZ Edition,2014,10116.5,18641.1,Petrol,Individual,Manual,Second Owner,1197.0,81.86,44.46,5.0
Renault KWID RXL,2018,9317.83,15534.3,Petrol,Individual,Manual,First Owner,799.0,53.3,59.2,5.0
Renault Duster 85PS Diesel RxE,2016,15973.42,55923.4,Diesel,Individual,Manual,Second Owner,1461.0,83.8,46.74,5.0
Tata Manza Aqua Quadrajet,2011,2342.77,60486.1,Diesel,Dealer,Manual,First Owner,1248.0,90.0,44.22,5.0
Maruti Omni 8 Seater BSII,2008,4259.58,43496.0,Petrol,Individual,Manual,Fourth & Above Owner,796.0,35.0,46.34,8.0
Hyundai i10 Sportz,2014,7720.49,19262.5,Petrol,Individual,Manual,First Owner,1197.0,78.9,47.89,5.0
Mahindra Scorpio S4 7 Seater,2014,17304.54,43496.0,Diesel,Individual,Manual,First Owner,2179.0,120.0,36.22,7.0
Hyundai EON D Lite Plus,2014,4792.03,38525.0,Petrol,Individual,Manual,First Owner,814.0,55.2,49.63,5.0
Maruti 800 AC,2008,1996.68,18019.8,Petrol,Individual,Manual,First Owner,796.0,37.0,37.87,4.0
Tata Safari DICOR 2.2 LX 4x2,2012,3514.15,51267.5,Diesel,Dealer,Manual,First Owner,2179.0,138.03,32.77,7.0
Chevrolet Beat LS,2010,2928.46,37282.3,Petrol,Individual,Manual,Second Owner,1199.0,79.4,43.75,5.0
Maruti Alto K10 VXI,2018,10382.72,6213.7,Petrol,Individual,Manual,First Owner,998.0,67.05,56.33,5.0
Hyundai i20 Asta 1.2,2015,14642.3,43496.0,Petrol,Individual,Manual,First Owner,1197.0,81.83,43.75,5.0
Maruti 800 AC BSIII,2008,1863.57,36909.4,Petrol,Individual,Manual,Fourth & Above Owner,796.0,37.0,37.87,4.0
Hyundai EON Era Plus,2013,7321.15,12427.4,Petrol,Individual,Manual,First Owner,814.0,55.2,49.63,5.0
Maruti SX4 Vxi BSIII,2009,6655.59,78215.7,Petrol,Individual,Manual,Second Owner,1586.0,104.68,35.28,5.0
Isuzu D-Max V-Cross 4X4,2017,33277.96,35293.9,Diesel,Individual,Manual,First Owner,2499.0,134.0,29.17,5.0
Audi A4 2.0 TDI,2014,39933.55,37282.3,Diesel,Individual,Automatic,First Owner,1968.0,147.51,38.93,5.0
Maruti Celerio VXI AT,2014,8652.27,40515.9,Petrol,Trustmark Dealer,Automatic,First Owner,998.0,67.04,54.33,5.0
Hyundai Venue SX Plus Dual Tone Turbo DCT,2019,30615.73,1420.5,Petrol,Trustmark Dealer,Automatic,First Owner,998.0,118.35,42.69,5.0
Maruti Swift AMT ZXI,2018,17437.65,9775.4,Petrol,Dealer,Automatic,First Owner,1197.0,81.8,51.75,5.0
Mahindra Thar DI 4X4,2019,23693.91,8077.8,Diesel,Dealer,Manual,First Owner,2523.0,63.0,42.48,7.0
Maruti Ignis 1.2 Zeta BSIV,2018,13976.74,20505.2,Petrol,Dealer,Manual,First Owner,1197.0,81.8,49.14,5.0
Honda City 1.5 S MT,2017,17970.1,30772.2,Petrol,Dealer,Manual,First Owner,1497.0,118.0,39.99,5.0
Maruti Vitara Brezza VDi,2018,19833.67,29825.8,Diesel,Dealer,Manual,First Owner,1248.0,88.5,57.16,5.0
Maruti Vitara Brezza ZDi,2018,22229.68,10563.3,Diesel,Dealer,Manual,First Owner,1248.0,88.5,57.16,5.0
Maruti Vitara Brezza LDi Option,2018,19301.22,22693.1,Diesel,Dealer,Manual,First Owner,1248.0,88.5,57.16,5.0
Maruti Swift Dzire VXI 1.2 BS IV,2017,16505.87,55923.4,Petrol,Individual,Manual,First Owner,1197.0,81.8,51.75,5.0
Maruti Zen Classic,1998,1544.1,49709.7,Petrol,Individual,Manual,Third Owner,993.0,60.0,40.69,5.0
Renault KWID RXT,2017,9317.83,21748.0,Petrol,Individual,Manual,Second Owner,799.0,53.3,59.2,5.0
Tata Tigor 1.2 Revotron XT,2018,10648.95,13670.2,Petrol,Individual,Manual,First Owner,1199.0,84.0,47.75,5.0
Maruti Wagon R VXI Optional,2017,10648.95,43496.0,Petrol,Individual,Manual,First Owner,998.0,67.04,48.24,5.0
Toyota Fortuner 4x4 AT,2016,46589.15,32311.3,Diesel,Dealer,Automatic,First Owner,2982.0,168.5,29.52,7.0
Hyundai Xcent 1.2 CRDi SX,2017,14642.3,30447.2,Diesel,Dealer,Manual,First Owner,1186.0,73.97,59.74,5.0
Maruti Ciaz VDi Plus SHVS,2015,14642.3,31068.6,Diesel,Dealer,Manual,Second Owner,1248.0,88.5,66.07,5.0
Maruti Swift VDI,2013,9983.39,40389.1,Diesel,Dealer,Manual,First Owner,1248.0,74.0,66.8,5.0
Hyundai Xcent 1.1 CRDi Base,2015,10409.35,34175.4,Diesel,Dealer,Manual,First Owner,1120.0,71.0,57.39,5.0
Mercedes-Benz B Class B200 CDI Sport,2015,54602.48,21748.0,Diesel,Dealer,Automatic,Second Owner,2143.0,134.1,46.34,5.0
Tata Aria Pure LX 4x2,2014,13976.74,48466.9,Diesel,Dealer,Manual,Second Owner,2179.0,147.9,35.4,7.0
Hyundai Verna CRDi SX,2007,5643.94,36039.5,Diesel,Dealer,Manual,Second Owner,1493.0,110.0,39.52,5.0
Chevrolet Beat Diesel LT,2011,5883.54,34796.8,Diesel,Dealer,Manual,Second Owner,936.0,57.6,59.84,5.0
Fiat Linea Emotion (Diesel),2010,7054.93,37903.6,Diesel,Dealer,Manual,Second Owner,1248.0,91.7,47.98,5.0
Renault Scala Diesel RxL,2013,10622.33,37903.6,Diesel,Dealer,Manual,Second Owner,1461.0,84.8,50.9,5.0
Hyundai Getz 1.5 CRDi GVS,2008,4658.91,37903.6,Diesel,Dealer,Manual,Second Owner,1493.0,110.0,40.22,5.0
Skoda Rapid 1.6 TDI Elegance,2011,10941.79,40066.6,Diesel,Dealer,Manual,Second Owner,1598.0,103.5,48.22,5.0
Volkswagen Vento Diesel Comfortline,2011,9717.17,40389.1,Diesel,Dealer,Manual,Second Owner,1598.0,103.6,48.31,5.0
BMW 5 Series 520d Sport Line,2009,25956.81,49709.7,Diesel,Dealer,Automatic,Second Owner,1995.0,187.74,52.88,5.0
Nissan Sunny XV D,2015,13284.56,37903.6,Diesel,Dealer,Manual,Second Owner,1461.0,84.8,53.42,5.0
Mercedes-Benz M-Class ML 350 CDI,2014,68552.6,43496.0,Diesel,Individual,Automatic,First Owner,2987.0,254.8,27.61,5.0
Chevrolet Spark 1.0,2009,3860.24,18641.1,Petrol,Individual,Manual,First Owner,995.0,62.0,42.34,5.0
Tata Indica Vista Aqua TDI BSIII,2011,5324.47,124274.2,Diesel,Individual,Manual,Second Owner,1405.0,71.0,39.99,5.0
Audi Q3 2.0 TDI Quattro Premium Plus,2014,31946.84,142915.3,Diesel,Individual,Automatic,First Owner,1968.0,174.33,37.0,5.0
Hyundai EON 1.0 Magna Plus Option O,2016,7454.26,62137.1,Petrol,Individual,Manual,First Owner,998.0,68.05,47.75,5.0
Mahindra Scorpio VLS AT 2.2 mHAWK,2011,11980.07,59030.2,Diesel,Individual,Automatic,Second Owner,2179.0,120.0,27.73,8.0
Honda City 2017-2020 EXi,2006,3993.36,86991.9,Petrol,Individual,Manual,Third Owner,1497.0,78.0,41.63,5.0
Honda Mobilio S i VTEC,2017,15973.42,43496.0,Petrol,Individual,Manual,First Owner,1497.0,117.3,40.69,7.0
Renault KWID RXT Optional,2016,7321.15,37282.3,Petrol,Individual,Manual,First Owner,799.0,53.3,59.2,5.0
Tata Manza Aura Quadrajet,2010,2928.46,54680.6,Diesel,Individual,Manual,First Owner,1248.0,90.0,44.22,5.0
Mahindra XUV500 W8 4WD,2012,13311.18,124274.2,Diesel,Individual,Manual,Fourth & Above Owner,2179.0,140.0,35.52,7.0
Mahindra XUV500 W8 4WD,2012,18635.66,37282.3,Diesel,Individual,Manual,Second Owner,2179.0,140.0,35.52,7.0
BMW 3 Series 320d Corporate Edition,2012,23960.13,96312.5,Diesel,Individual,Automatic,Second Owner,1995.0,181.0,37.8,4.0
Maruti Wagon R VXI,2005,3993.36,49709.7,Petrol,Individual,Manual,Second Owner,998.0,67.1,44.46,5.0
Nissan Sunny XV,2013,7321.15,49709.7,Petrol,Individual,Manual,Third Owner,1498.0,97.7,39.87,5.0
Maruti Swift VDI,2014,12113.18,24854.8,Diesel,Individual,Manual,First Owner,1248.0,74.0,66.8,5.0
Hyundai Creta 1.6 CRDi SX Plus,2015,23960.13,31068.6,Diesel,Individual,Manual,First Owner,1582.0,126.2,46.27,5.0
Maruti Swift VDI BSIV,2014,12113.18,24854.8,Diesel,Individual,Manual,First Owner,1248.0,74.0,59.27,5.0
Honda City i DTec SV,2017,17304.54,29204.4,Diesel,Individual,Manual,Second Owner,1498.0,98.6,61.16,5.0
Hyundai Grand i10 1.2 Kappa Sportz BSIV,2018,14668.93,12427.4,Petrol,Individual,Manual,Second Owner,1197.0,81.86,44.46,5.0
Volkswagen Ameo 1.5 TDI Highline 16 Alloy,2017,17304.54,30484.5,Diesel,Individual,Manual,First Owner,1498.0,108.495,51.75,5.0
Hyundai i20 Asta 1.2,2015,15973.42,37282.3,Petrol,Individual,Manual,First Owner,1197.0,81.83,43.75,5.0
Maruti Alto 800 LXI,2013,6256.26,11184.7,Petrol,Individual,Manual,First Owner,796.0,47.3,53.49,5.0
Ford Ecosport 1.5 DV5 MT Trend,2018,21297.9,23090.8,Diesel,Dealer,Manual,First Owner,1498.0,89.84,53.39,5.0
Hyundai Creta 1.6 CRDi SX Option,2016,27953.49,49709.7,Diesel,Individual,Manual,First Owner,1582.0,126.2,46.27,5.0
Tata Nano LX SE,2012,1198.01,17398.4,Petrol,Individual,Manual,Second Owner,624.0,37.5,59.74,4.0
Hyundai Verna 1.6 SX VTVT AT,2013,11980.07,62137.1,Petrol,Individual,Automatic,Second Owner,1591.0,121.3,37.02,5.0
Volkswagen Polo 1.5 TDI Highline,2014,10409.35,74564.5,Diesel,Individual,Manual,Second Owner,1498.0,88.8,47.37,5.0
Chevrolet Enjoy TCDi LT 7 Seater,2013,10116.5,43496.0,Diesel,Individual,Manual,Second Owner,1248.0,73.8,42.81,7.0
Maruti Wagon R LXI Minor,2010,4525.8,55923.4,Petrol,Individual,Manual,Second Owner,1061.0,67.0,44.46,5.0
Hyundai Verna VTVT 1.6 AT SX Option,2017,26356.15,12427.4,Petrol,Individual,Automatic,First Owner,1591.0,121.3,39.99,5.0
Maruti Swift Dzire VDI,2012,9850.28,42253.2,Diesel,Individual,Manual,First Owner,1248.0,74.0,55.04,5.0
Chevrolet Sail Hatchback 1.2 LS,2014,7986.71,37391.0,Petrol,Individual,Manual,First Owner,1199.0,82.5,42.81,5.0
Hyundai EON Era,2012,6655.59,15534.3,Petrol,Individual,Manual,First Owner,814.0,55.2,49.63,5.0
Ford Figo Aspire 1.5 TDCi Titanium,2017,18635.66,31041.8,Diesel,Dealer,Manual,First Owner,1498.0,99.0,60.76,5.0
Ford Figo 1.5 Sports Edition MT,2017,15973.42,26865.0,Diesel,Dealer,Manual,First Owner,1498.0,99.0,57.13,5.0
Ford EcoSport 1.5 TDCi Titanium Plus BE BSIV,2018,24625.69,31502.9,Diesel,Dealer,Manual,First Owner,1498.0,98.59,53.56,5.0
Hyundai i20 Active 1.4 SX,2016,18635.66,68972.2,Diesel,Individual,Manual,Second Owner,1396.0,88.73,49.84,5.0
Maruti Baleno RS 1.0 Petrol,2018,18635.66,29825.8,Petrol,Individual,Manual,Second Owner,998.0,100.5,49.63,5.0
Maruti Swift Vdi BSIII,2007,4925.14,55923.4,Diesel,Individual,Manual,Fourth & Above Owner,1248.0,75.0,41.87,5.0
Tata Sumo Gold EX,2015,11580.7,49709.7,Diesel,Individual,Manual,First Owner,2956.0,83.83,35.99,7.0
Ford Figo 1.2P Titanium MT,2017,10648.95,62137.1,Petrol,Individual,Manual,First Owner,1196.0,86.8,42.72,5.0
Ford Figo Diesel Titanium,2011,4792.03,55923.4,Diesel,Individual,Manual,Third Owner,1399.0,68.0,47.04,5.0
Maruti Swift Dzire VDI,2015,15973.42,31068.6,Diesel,Individual,Manual,First Owner,1248.0,74.0,62.54,5.0
Toyota Etios Liva GD,2014,8519.16,55923.4,Diesel,Individual,Manual,Third Owner,1364.0,67.06,55.49,5.0
Toyota Innova Crysta 2.4 VX MT 8S BSIV,2016,44991.78,74564.5,Diesel,Individual,Manual,First Owner,2393.0,147.8,32.18,8.0
Volkswagen Vento Petrol Highline AT,2011,6655.59,86991.9,Petrol,Individual,Automatic,Second Owner,1598.0,103.6,33.87,5.0
Tata Tigor 2017-2020 XZ Plus,2019,17304.54,12427.4,Petrol,Individual,Manual,First Owner,1199.0,83.81,47.75,5.0
Toyota Corolla Altis 1.8 J,2009,9051.61,50952.4,Petrol,Individual,Manual,Second Owner,1798.0,138.0,34.18,5.0
Ambassador Grand 2000 DSZ PW CL,2008,5324.47,49709.7,Diesel,Individual,Manual,Third Owner,1995.0,52.0,31.75,5.0
Maruti Vitara Brezza ZDi Plus,2017,23161.44,24854.8,Diesel,Individual,Manual,First Owner,1248.0,88.5,57.16,5.0
Maruti Ertiga SHVS ZDI Plus,2017,21164.78,74564.5,Diesel,Individual,Manual,First Owner,1248.0,88.5,57.67,7.0
Maruti Vitara Brezza ZDi Plus,2017,23161.44,37282.3,Diesel,Individual,Manual,First Owner,1248.0,88.5,57.16,5.0
Maruti Ritz LDi,2010,5324.47,43496.0,Diesel,Individual,Manual,Second Owner,1248.0,73.9,49.63,5.0
Hyundai Verna 1.6 CRDi SX,2017,21297.9,28272.4,Diesel,Individual,Manual,Second Owner,1582.0,126.2,56.22,5.0
Toyota Innova 2.5 VX (Diesel) 8 Seater,2014,29284.61,74564.5,Diesel,Individual,Manual,First Owner,2494.0,100.6,30.55,8.0
Maruti Alto LXi,2008,3061.55,62137.1,Petrol,Individual,Manual,Second Owner,796.0,46.3,46.34,5.0
Maruti Ertiga VDI,2013,13311.18,57166.1,Diesel,Individual,Manual,Third Owner,1248.0,88.76,48.85,7.0
Maruti Swift VDI BSIV,2014,18635.66,87613.3,Diesel,Individual,Manual,Fourth & Above Owner,1248.0,74.0,59.27,5.0
Toyota Innova Crysta 2.8 ZX AT BSIV,2016,40359.51,74564.5,Diesel,Individual,Automatic,First Owner,2755.0,171.5,26.72,7.0
Datsun RediGO T Option,2016,5324.47,21748.0,Petrol,Individual,Manual,First Owner,799.0,53.64,53.39,5.0
Honda Amaze VX i-VTEC,2015,11980.07,31068.6,Petrol,Individual,Manual,First Owner,1198.0,86.7,41.87,5.0
Tata Nexon 1.5 Revotorq XM,2018,22629.01,5903.0,Diesel,Individual,Manual,First Owner,1497.0,108.5,50.57,5.0
Maruti Eeco 7 Seater Standard BSIV,2019,9557.43,3417.5,Petrol,Individual,Manual,First Owner,1196.0,73.0,36.15,7.0
Renault KWID RXT,2017,8519.16,17398.4,Petrol,Individual,Manual,First Owner,799.0,53.3,59.2,5.0
Tata Indica GLS BS IV,2009,2928.46,70214.9,Petrol,Individual,Manual,First Owner,1193.0,65.3,35.99,5.0
Tata Manza Aura (ABS) Safire,2010,4499.18,62137.1,Petrol,Individual,Manual,Second Owner,1368.0,90.0,35.28,5.0
Hyundai Grand i10 CRDi Magna,2014,10648.95,31114.5,Diesel,Individual,Manual,First Owner,1120.0,70.0,56.45,5.0
Hyundai i20 Asta 1.4 CRDi,2014,15973.42,62137.1,Diesel,Individual,Manual,Fourth & Above Owner,1396.0,88.73,53.02,5.0
Maruti Eeco 7 Seater Standard BSIV,2017,9317.83,21748.0,Petrol,Individual,Manual,First Owner,1196.0,73.0,36.15,7.0
Ford EcoSport 1.5 Diesel Titanium BSIV,2018,26356.15,37282.3,Diesel,Individual,Manual,First Owner,1498.0,98.96,54.1,5.0
Mercedes-Benz E-Class E250 CDI Elegance,2011,42595.79,43496.0,Diesel,Individual,Automatic,First Owner,2143.0,203.0,33.42,5.0
Tata Hexa XT,2017,37271.32,43496.0,Diesel,Individual,Manual,First Owner,2179.0,153.86,41.4,7.0
Maruti Baleno Zeta Automatic,2017,19833.67,6213.7,Petrol,Individual,Automatic,First Owner,1197.0,83.1,50.34,5.0
Skoda Kodiaq 2.0 TDI Style,2018,74542.64,24854.8,Diesel,Individual,Automatic,First Owner,1968.0,148.0,38.22,7.0
Maruti Swift LDI SP Limited Edition,2015,13311.18,21748.0,Diesel,Individual,Manual,First Owner,1248.0,74.0,59.27,5.0
Maruti Wagon R VXI AMT Opt 1.2,2019,14376.08,3106.9,Petrol,Individual,Automatic,First Owner,1197.0,81.8,48.27,5.0
Toyota Innova Crysta 2.4 VX MT BSIV,2016,49251.38,20505.2,Diesel,Individual,Manual,First Owner,2393.0,147.8,32.18,7.0
Tata Bolt Quadrajet XE,2017,15973.42,16777.0,Diesel,Individual,Manual,First Owner,1248.0,74.0,53.98,5.0
Ford Freestyle Titanium Petrol BSIV,2018,18369.44,15534.3,Petrol,Individual,Manual,First Owner,1194.0,94.68,44.69,5.0
Maruti Swift VDI BSIV,2016,16772.09,18736.8,Diesel,Individual,Manual,First Owner,1248.0,74.0,59.27,5.0
Hyundai Xcent 1.2 VTVT SX Option,2018,17038.32,12427.4,Petrol,Individual,Manual,First Owner,1197.0,81.86,47.37,5.0
Volvo S90 D4 Inscription BSIV,2019,146423.03,10563.3,Diesel,Individual,Automatic,First Owner,1969.0,190.0,42.34,5.0
Ford Endeavour 2.2 Titanium AT 4X2,2016,55906.98,52816.5,Diesel,Individual,Automatic,Second Owner,2198.0,158.0,29.68,7.0
Maruti Swift VXI Deca,2016,13311.18,62137.1,Petrol,Individual,Manual,First Owner,1197.0,81.8,47.98,5.0
Maruti Alto 800 LXI,2017,8252.93,33554.0,Petrol,Individual,Manual,First Owner,796.0,47.3,58.1,5.0
Mahindra TUV 300 T6 Plus,2015,15973.42,49709.7,Diesel,Individual,Manual,First Owner,1493.0,100.0,43.49,7.0
Maruti 800 AC,1999,1064.89,62137.1,Petrol,Individual,Manual,Third Owner,796.0,37.0,37.87,4.0
Hyundai Xcent 1.2 CRDi S,2018,16505.87,43496.0,Diesel,Individual,Manual,First Owner,1186.0,73.97,59.74,5.0
Maruti Baleno Zeta 1.3,2018,20233.0,31068.6,Diesel,Individual,Manual,First Owner,1248.0,74.0,64.43,5.0
Hyundai Verna CRDi 1.6 SX Option,2018,31946.84,24854.8,Diesel,Individual,Manual,First Owner,1582.0,126.2,51.75,5.0
Hyundai i10 Sportz Option,2012,7986.71,27961.7,Petrol,Individual,Manual,First Owner,1197.0,78.9,47.89,5.0
Tata Tiago 1.2 Revotron XZ Plus Dual Tone,2019,13311.18,3106.9,Petrol,Individual,Manual,First Owner,1199.0,84.0,56.08,5.0
Chevrolet Beat LT,2012,3194.68,43496.0,Petrol,Individual,Manual,Third Owner,1199.0,79.4,43.75,5.0
Hyundai EON D Lite Plus,2017,9317.83,16319.1,Petrol,Individual,Manual,First Owner,814.0,55.2,49.63,5.0
Mahindra KUV 100 mFALCON G80 K4 Plus 5str,2016,9317.83,62137.1,Petrol,Individual,Manual,Second Owner,1198.0,82.0,42.69,5.0
Hyundai Verna SX Diesel,2013,14642.3,49709.7,Diesel,Dealer,Manual,First Owner,1493.0,113.42,58.8,5.0
Maruti SX4 S Cross 2015-2017 DDiS 200 Sigma,2016,17970.1,67108.1,Diesel,Dealer,Manual,First Owner,1248.0,88.5,55.63,5.0
Toyota Innova 2.5 ZX Diesel 7 Seater BSIII,2015,37271.32,105633.1,Diesel,Individual,Manual,First Owner,2494.0,100.6,30.55,7.0
Maruti Swift VVT ZXI,2017,16638.98,15534.3,Petrol,Individual,Manual,First Owner,1197.0,81.8,51.75,5.0
Hyundai Creta 1.6 SX,2018,32479.29,6835.1,Petrol,Individual,Manual,First Owner,1591.0,121.3,37.16,5.0
Maruti S-Presso VXI AT,2019,12645.63,3106.9,Petrol,Individual,Automatic,First Owner,998.0,67.0,51.04,5.0
Ford Ecosport 1.5 Diesel Titanium,2014,14642.3,65244.0,Diesel,Dealer,Manual,First Owner,1498.0,98.96,51.04,5.0
Maruti Ritz VXi,2012,8519.16,24854.8,Petrol,Individual,Manual,First Owner,1197.0,85.8,43.51,5.0
Maruti Swift ZDi,2014,14109.86,55923.4,Diesel,Individual,Manual,First Owner,1248.0,74.0,53.86,5.0
Maruti Alto 800 LXI,2018,7986.71,18641.1,Petrol,Individual,Manual,First Owner,796.0,47.3,58.1,5.0
Honda City i-VTEC VX,2018,31414.4,3417.5,Petrol,Individual,Manual,First Owner,1497.0,117.6,40.93,5.0
Maruti Alto LX,2000,1223.48,55923.4,Petrol,Individual,Manual,Second Owner,796.0,46.3,46.34,5.0
Hyundai EON Sportz,2012,5058.25,40389.1,Petrol,Individual,Manual,First Owner,814.0,55.2,49.63,5.0
Hyundai Verna 1.6 SX CRDi (O),2014,19434.33,37282.3,Diesel,Individual,Manual,First Owner,1582.0,126.32,52.5,5.0
Maruti Swift VDI Optional,2015,14109.86,74564.5,Diesel,Individual,Manual,First Owner,1248.0,74.0,59.27,5.0
Ford Figo 1.2P Titanium MT,2019,14109.86,5903.0,Petrol,Individual,Manual,First Owner,1196.0,86.8,42.72,5.0
Renault Captur 1.5 Diesel RXT,2018,33677.3,7456.5,Diesel,Individual,Manual,First Owner,1461.0,108.45,47.91,5.0
Maruti Ciaz Alpha Diesel,2019,27287.93,19883.9,Diesel,Individual,Manual,First Owner,1248.0,88.5,66.07,5.0
Maruti Alto LXi,2009,3460.91,37282.3,Petrol,Individual,Manual,First Owner,796.0,46.3,46.34,5.0
Mahindra TUV 300 T8,2017,19567.44,43496.0,Diesel,Individual,Manual,First Owner,1493.0,100.0,43.49,7.0
BMW 3 Series 320d Sedan,2011,39933.55,52769.9,Diesel,Individual,Automatic,First Owner,1995.0,181.0,37.8,5.0
Hyundai Santro Xing XK eRLX EuroIII,2007,3194.68,74564.5,Petrol,Individual,Manual,Second Owner,1086.0,63.0,41.87,5.0
Hyundai Grand i10 Magna,2017,12512.51,31068.6,Petrol,Individual,Manual,First Owner,1197.0,82.0,44.46,5.0
Tata Indigo CS eLX BS IV,2014,6655.59,31068.6,Diesel,Individual,Manual,Second Owner,1396.0,69.01,58.8,5.0
Maruti Ertiga LXI,2013,11447.62,55923.4,Petrol,Individual,Manual,First Owner,1373.0,93.7,37.68,7.0
Maruti Ertiga VDI,2012,14642.3,57787.5,Diesel,Individual,Manual,First Owner,1248.0,88.76,48.85,7.0
Maruti Swift Dzire VXI,2015,13311.18,72700.4,Petrol,Individual,Manual,First Owner,1197.0,83.14,49.04,5.0
Honda City 2017-2020 GXi,2008,6389.37,55923.4,Petrol,Individual,Manual,Second Owner,1497.0,78.0,41.63,5.0
Maruti Swift VXI BSIII,2008,4525.8,49709.7,Petrol,Individual,Manual,Third Owner,1298.0,88.2,37.87,5.0
Maruti Alto 800 LXI,2016,6708.84,18641.1,Petrol,Individual,Manual,First Owner,796.0,47.3,53.49,5.0
Maruti Alto 800 LXI,2017,7188.04,21748.0,Petrol,Individual,Manual,First Owner,796.0,47.3,58.1,5.0
Maruti Alto LX,2004,2662.24,24854.8,Petrol,Individual,Manual,First Owner,796.0,46.3,46.34,5.0
Maruti Wagon R VXI BS IV,2015,9317.83,28804.9,Petrol,Individual,Manual,Second Owner,998.0,67.04,48.24,5.0
Ford Fiesta 1.4 ZXi Duratec,2011,6389.37,49709.7,Petrol,Individual,Manual,Second Owner,1388.0,68.0,39.05,5.0
Renault Lodgy 85PS Std,2016,16505.87,4349.6,Diesel,Dealer,Manual,First Owner,1461.0,83.8,49.49,8.0
Renault Fluence 2.0,2011,15973.42,26719.0,Petrol,Dealer,Automatic,First Owner,1997.0,135.1,31.52,5.0
Ford Figo Aspire Titanium Diesel,2016,17304.54,52816.5,Diesel,Dealer,Manual,First Owner,1499.0,98.96,57.39,5.0
Hyundai Verna CRDi 1.6 SX,2018,25291.25,43496.0,Diesel,Individual,Manual,First Owner,1582.0,126.2,51.75,5.0
Maruti Swift VDI Optional,2017,17570.76,34796.8,Diesel,Individual,Manual,First Owner,1248.0,74.0,59.27,5.0
Hyundai i20 Sportz 1.4 CRDi,2012,9584.05,55923.4,Diesel,Individual,Manual,Second Owner,1396.0,88.76,51.51,5.0
Maruti Alto K10 VXI Airbag,2017,10169.75,24854.8,Petrol,Individual,Manual,First Owner,998.0,67.1,56.33,5.0
Hyundai i10 Magna 1.1L,2011,7188.04,37282.3,Petrol,Individual,Manual,Second Owner,1086.0,68.05,46.6,5.0
Hyundai i20 2015-2017 Sportz Option 1.4 CRDi,2015,17304.54,43496.0,Diesel,Individual,Manual,First Owner,1396.0,88.73,53.02,5.0
Ford Figo Diesel Titanium,2011,5324.47,105633.1,Diesel,Individual,Manual,Second Owner,1399.0,68.0,47.04,5.0
Maruti Celerio LDi,2015,10648.95,59030.2,Diesel,Individual,Manual,First Owner,793.0,47.0,64.97,5.0
Maruti Swift VDI,2012,11074.91,55923.4,Diesel,Individual,Manual,Second Owner,1248.0,74.0,53.86,5.0
Maruti Baleno Alpha Diesel,2018,19966.78,21748.0,Diesel,Individual,Manual,First Owner,1248.0,74.0,64.43,5.0
Tata Indica Vista Quadrajet VX,2013,5058.25,74564.5,Diesel,Individual,Manual,Second Owner,1248.0,74.0,52.45,5.0
Tata Indica V2 2001-2011 DLS BSIII,2008,1597.34,74564.5,Diesel,Individual,Manual,Fourth & Above Owner,1396.0,52.8,42.06,5.0
Tata New Safari Dicor VX 4X2,2006,7986.71,108739.9,Diesel,Individual,Manual,Second Owner,2179.0,138.1,32.77,7.0
Maruti Wagon R LX Minor,2013,7986.71,55923.4,Petrol,Individual,Manual,Second Owner,998.0,67.1,44.46,5.0
Tata Indica V2 DLS,2007,1730.45,74564.5,Diesel,Individual,Manual,Third Owner,1396.0,53.5,40.46,5.0
Ford Fiesta Classic 1.4 Duratorq CLXI,2012,7188.04,67108.1,Diesel,Individual,Manual,Second Owner,1399.0,67.0,41.87,5.0
Mahindra Bolero 2011-2019 EX NON AC,2014,15973.42,43496.0,Diesel,Individual,Manual,First Owner,2523.0,62.1,37.54,7.0
Hyundai Santa Fe 4x4 AT,2011,31946.84,38525.0,Diesel,Individual,Automatic,Second Owner,2199.0,194.3,27.57,7.0
Hyundai EON Sportz,2012,5191.36,21748.0,Petrol,Individual,Manual,Second Owner,814.0,55.2,49.63,5.0
Maruti 800 AC,1998,931.78,24854.8,Petrol,Individual,Manual,Second Owner,796.0,37.0,37.87,4.0
Tata Indigo CS LX (TDI) BS III,2008,2662.24,74564.5,Diesel,Individual,Manual,First Owner,1396.0,69.0,44.9,5.0
Hyundai i10 Magna,2012,5856.92,41631.9,Petrol,Individual,Manual,Second Owner,1197.0,78.9,47.89,5.0
Maruti Alto 800 VXI,2016,8519.16,29041.0,Petrol,Individual,Manual,First Owner,796.0,47.3,53.49,5.0
Chevrolet Beat LT,2014,6389.37,18641.1,Petrol,Individual,Manual,First Owner,1199.0,76.8,43.75,5.0
Tata Sumo Gold EX,2014,7321.15,186411.3,Diesel,Individual,Manual,First Owner,2956.0,83.83,35.99,7.0
Chevrolet Enjoy TCDi LT 7 Seater,2014,7321.15,121167.3,Diesel,Individual,Manual,First Owner,1248.0,73.8,42.81,7.0
Tata Indica Vista Aura 1.2 Safire BSIV,2011,3460.91,43496.0,Petrol,Individual,Manual,Second Owner,1172.0,65.0,38.81,5.0
Hyundai Verna 1.6 SX,2012,11980.07,124274.2,Diesel,Individual,Manual,Second Owner,1582.0,126.32,52.5,5.0
Renault Duster 110PS Diesel RxZ,2015,15973.42,99419.4,Diesel,Individual,Manual,First Owner,1461.0,108.45,44.71,5.0
Maruti Alto 800 LXI Optional,2018,8252.93,12427.4,Petrol,Individual,Manual,First Owner,796.0,47.3,58.1,5.0
Maruti Wagon R VXI Optional,2018,11500.86,18641.1,Petrol,Individual,Manual,First Owner,998.0,67.04,48.24,5.0
Tata Indica Vista TDI LS,2012,4658.91,55923.4,Diesel,Individual,Manual,Third Owner,1405.0,70.0,45.63,5.0
Maruti Ertiga SHVS VDI,2016,20499.22,62137.1,Diesel,Individual,Manual,Second Owner,1248.0,88.5,57.67,7.0
Maruti Alto K10 LXI,2011,3594.02,68380.6,Petrol,Individual,Manual,Third Owner,998.0,67.1,49.21,5.0
Hyundai Xcent 1.2 CRDi E Plus,2018,18103.21,16155.6,Diesel,Individual,Manual,First Owner,1186.0,73.97,59.74,5.0
Maruti Wagon R LXI Minor,2007,2396.01,68350.8,Petrol,Individual,Manual,Fourth & Above Owner,1061.0,67.0,44.46,5.0
Maruti Gypsy King Soft Top,1997,7986.71,115816.1,Petrol,Individual,Manual,Second Owner,1298.0,80.0,34.81,8.0
Chevrolet Aveo U-VA 1.2 LT,2007,2662.24,37282.3,Petrol,Individual,Manual,Third Owner,1150.0,76.0,34.58,5.0
Maruti Alto LXi BSIII,2006,3194.68,43496.0,Petrol,Individual,Manual,Third Owner,796.0,46.3,46.34,5.0
Renault Duster RXZ 110PS AMT BSIV,2017,19966.78,12533.7,Diesel,Dealer,Automatic,First Owner,1461.0,108.5,46.74,5.0
Honda Jazz V Diesel,2017,13976.74,23084.6,Diesel,Dealer,Manual,First Owner,1498.0,98.6,64.21,5.0
Honda City i VTEC VX Option,2015,17277.92,24233.5,Petrol,Dealer,Manual,First Owner,1497.0,117.3,40.93,5.0
Volkswagen Polo Select 1.2 MPI Highline,2010,5590.7,27651.0,Petrol,Dealer,Manual,First Owner,1198.0,74.0,38.74,5.0
Honda Jazz 1.2 VX i VTEC,2016,14003.37,9320.6,Petrol,Dealer,Manual,First Owner,1199.0,88.7,43.99,5.0
Ford Ecosport 1.5 Petrol Titanium,2016,15946.8,24233.5,Petrol,Dealer,Manual,First Owner,1496.0,120.69,37.4,5.0
Honda City i VTEC S,2015,13311.18,36139.6,Petrol,Dealer,Manual,First Owner,1497.0,117.3,41.87,5.0
Honda CR-V 2.4L 4WD AT,2012,19966.78,31174.8,Petrol,Dealer,Automatic,First Owner,2354.0,158.8,26.11,5.0
Honda City i-VTEC V,2011,8652.27,24854.8,Petrol,Dealer,Manual,First Owner,1497.0,117.6,40.93,5.0
Honda City i VTEC SV,2016,15307.86,34275.4,Petrol,Dealer,Manual,First Owner,1497.0,117.3,41.87,5.0
Honda Brio 1.2 S MT,2012,6522.48,18641.1,Petrol,Dealer,Manual,First Owner,1198.0,86.8,43.51,5.0
Honda City i VTEC V,2016,16638.98,34175.4,Petrol,Dealer,Manual,First Owner,1497.0,117.3,41.87,5.0
Honda Accord 2.4 A/T,2013,15440.97,31068.6,Petrol,Dealer,Automatic,First Owner,2354.0,177.6,27.52,5.0
Audi A3 40 TFSI Premium,2017,44991.78,4971.0,Petrol,Dealer,Automatic,First Owner,1798.0,177.5,39.05,5.0
Hyundai Creta 1.6 SX Option,2018,31281.28,8699.2,Petrol,Dealer,Manual,First Owner,1591.0,121.3,37.16,5.0
Honda City i VTEC SV,2015,15307.86,5964.5,Petrol,Dealer,Manual,First Owner,1497.0,117.3,41.87,5.0
Hyundai i20 Asta (o),2017,15973.42,21748.0,Petrol,Dealer,Manual,First Owner,1197.0,80.0,39.99,5.0
Honda City i VTEC VX Option,2016,19966.78,10035.8,Petrol,Dealer,Manual,First Owner,1497.0,117.3,41.87,5.0
Hyundai Creta 1.6 SX Automatic,2016,23693.91,24854.8,Petrol,Dealer,Automatic,First Owner,1591.0,121.3,34.81,5.0
Honda City i VTEC V,2015,15973.42,17498.4,Petrol,Dealer,Manual,First Owner,1497.0,117.3,41.87,5.0
Chevrolet Spark 1.0 LS,2010,3061.55,37282.3,Petrol,Individual,Manual,Second Owner,995.0,62.0,42.34,5.0
Chevrolet Spark 1.0 LS,2010,3727.13,37282.3,Petrol,Individual,Manual,Second Owner,995.0,62.0,42.34,5.0
Mahindra Scorpio M2DI,2011,9584.05,62137.1,Diesel,Individual,Manual,Fourth & Above Owner,2179.0,115.0,31.75,5.0
Maruti Swift Dzire Tour S CNG,2017,13311.18,80778.2,Petrol,Individual,Manual,Second Owner,1197.0,85.8,44.69,5.0
Honda Amaze VX O iDTEC,2015,10915.15,37282.3,Diesel,Individual,Manual,First Owner,1498.0,98.6,60.69,5.0
Toyota Innova 2.5 V Diesel 7-seater,2010,11314.51,124274.2,Diesel,Individual,Manual,Second Owner,2494.0,102.0,30.11,7.0
Nissan Terrano XL 85 PS,2014,11980.07,50952.4,Diesel,Individual,Manual,Second Owner,1461.0,83.8,48.1,5.0
Hyundai Grand i10 Magna,2014,10648.95,12427.4,Petrol,Individual,Manual,First Owner,1197.0,82.0,44.46,5.0
Maruti SX4 ZXI MT BSIV,2013,7853.6,37282.3,Petrol,Individual,Manual,Third Owner,1586.0,103.2,38.83,5.0
Maruti Ciaz ZDi,2014,14908.53,55923.4,Diesel,Individual,Manual,Second Owner,1248.0,88.5,61.65,5.0
Maruti Wagon R LXI BSIII,2006,3993.36,31068.6,Petrol,Individual,Manual,Third Owner,1061.0,64.0,32.93,5.0
Toyota Innova 2.5 E 7 STR,2009,14642.3,155342.8,Diesel,Individual,Manual,First Owner,2494.0,102.0,30.11,7.0
Chevrolet Spark 1.0 LS,2011,3061.55,62137.1,Petrol,Individual,Manual,Second Owner,995.0,62.0,42.34,5.0
Tata Indigo LS,2007,2400.73,80156.9,Diesel,Individual,Manual,Third Owner,1405.0,70.0,39.99,5.0
Tata New Safari DICOR 2.2 EX 4x2,2010,7986.71,62137.1,Diesel,Individual,Manual,First Owner,2179.0,138.1,27.21,7.0
Honda City ZXi AT,2005,2928.46,62137.1,Petrol,Individual,Automatic,Second Owner,1493.0,100.0,28.23,5.0
Ford Fiesta 1.4 Duratorq EXI,2007,3327.8,68350.8,Diesel,Individual,Manual,Third Owner,1399.0,68.0,41.87,5.0
Chevrolet Captiva LT,2008,7986.71,62137.1,Diesel,Individual,Manual,Second Owner,1991.0,147.9,27.05,7.0
Hyundai Grand i10 1.2 Kappa Magna BSIV,2017,11980.07,12427.4,Petrol,Individual,Manual,First Owner,1197.0,81.86,44.46,5.0
Chevrolet Cruze LT,2011,7986.71,24854.8,Diesel,Individual,Manual,First Owner,1991.0,147.9,43.04,5.0
Maruti Celerio ZXI AMT BSIV,2018,12512.51,18641.1,Petrol,Individual,Automatic,First Owner,998.0,67.04,54.33,5.0
Tata Bolt Revotron XM,2015,8785.38,15534.3,Petrol,Individual,Manual,First Owner,1193.0,88.7,41.33,5.0
Maruti Wagon R VXI Plus,2018,10382.72,15534.3,Petrol,Individual,Manual,Second Owner,998.0,67.04,48.24,5.0
Tata Nano Cx,2011,1224.63,15534.3,Petrol,Individual,Manual,Second Owner,624.0,35.0,61.16,4.0
Nissan Terrano XL Plus 85 PS,2013,13577.38,105633.1,Diesel,Individual,Manual,First Owner,1461.0,83.8,48.1,5.0
Fiat Linea Emotion,2010,3327.8,24854.8,Petrol,Individual,Manual,Second Owner,1368.0,90.0,37.63,5.0
Hyundai i20 2015-2017 Asta Option 1.4 CRDi,2017,20765.45,17398.4,Diesel,Individual,Manual,First Owner,1396.0,88.73,53.02,5.0
Hyundai Verna 1.6 CRDI,2011,11980.07,62137.1,Diesel,Individual,Manual,First Owner,1582.0,126.3,52.5,5.0
Tata Manza Aura (ABS) Safire BS IV,2012,5324.47,50249.0,Petrol,Individual,Manual,Third Owner,1368.0,88.8,32.22,5.0
Ford Figo Diesel Titanium,2012,6921.82,120546.0,Diesel,Individual,Manual,First Owner,1399.0,68.0,47.04,5.0
Maruti Swift Vdi BSIII,2009,6655.59,93827.0,Diesel,Individual,Manual,Second Owner,1248.0,75.0,41.87,5.0
Ford EcoSport 1.5 Diesel Titanium BSIV,2018,23427.69,40389.1,Diesel,Individual,Manual,First Owner,1498.0,98.96,54.1,5.0
Maruti Swift Vdi BSIII,2009,8173.07,62137.1,Diesel,Individual,Manual,Second Owner,1248.0,75.0,41.87,5.0
Mahindra XUV500 W8 2WD,2013,19966.78,74564.5,Diesel,Individual,Manual,First Owner,2179.0,140.0,35.52,7.0
Tata Nexon 1.5 Revotorq XT,2018,21297.9,52816.5,Diesel,Individual,Manual,Second Owner,1497.0,108.5,50.57,5.0
Fiat Grande Punto 1.3 Dynamic (Diesel),2012,11980.07,43496.0,Diesel,Individual,Manual,First Owner,1248.0,75.0,47.75,5.0
Hyundai Verna 1.6 SX CRDi (O),2011,11980.07,79535.5,Diesel,Individual,Manual,Second Owner,1582.0,126.32,52.5,5.0
Honda City 2017-2020 VTEC,2006,4259.58,43496.0,Petrol,Individual,Manual,Second Owner,1497.0,100.0,39.75,5.0
Honda City 1.3 EXI,2004,3594.02,74564.5,Petrol,Individual,Manual,Second Owner,1343.0,90.0,30.58,5.0
Hyundai Verna 1.6 SX,2012,11980.07,79535.5,Diesel,Individual,Manual,Second Owner,1582.0,126.32,52.5,5.0
Renault Duster 85PS Diesel RxL Plus,2013,8652.27,62137.1,Diesel,Individual,Manual,Third Owner,1461.0,83.8,48.1,5.0
Kia Seltos HTX Plus AT D,2019,41930.23,12427.4,Diesel,Individual,Automatic,First Owner,1493.0,113.4,41.87,5.0
Ford Freestyle Titanium Plus Diesel BSIV,2018,19966.78,14912.9,Diesel,Individual,Manual,First Owner,1498.0,98.63,57.39,5.0
Maruti Celerio VXI,2017,11314.51,7456.5,Petrol,Individual,Manual,First Owner,998.0,67.04,54.33,5.0
Toyota Etios Cross 1.4L GD,2014,11314.51,31068.6,Diesel,Individual,Manual,First Owner,1364.0,67.06,55.49,5.0
Ford Freestyle Titanium Plus Diesel BSIV,2018,19860.29,14912.9,Diesel,Individual,Manual,First Owner,1498.0,98.63,57.39,5.0
Toyota Innova 2.5 GX (Diesel) 8 Seater BS IV,2010,11314.51,80156.9,Diesel,Individual,Manual,First Owner,2494.0,102.0,30.11,8.0
Maruti Alto LXi,2011,5324.47,45360.1,Petrol,Individual,Manual,First Owner,796.0,46.3,46.34,5.0
Maruti 800 AC,1997,1064.89,74564.5,Petrol,Individual,Manual,First Owner,796.0,37.0,37.87,4.0
Maruti Alto K10 VXI Airbag,2017,9051.61,27961.7,Petrol,Individual,Manual,First Owner,998.0,67.1,56.33,5.0
Hyundai i20 Magna,2013,10116.5,15534.3,Petrol,Individual,Manual,First Owner,1197.0,82.85,43.51,5.0
Maruti Wagon R LXI Optional,2017,9584.05,49709.7,Petrol,Individual,Manual,First Owner,998.0,67.04,48.24,5.0
Hyundai Santro Xing GLS,2008,3194.68,118681.9,Petrol,Individual,Manual,First Owner,1086.0,62.1,42.15,5.0
Maruti Wagon R VXI BS IV with ABS,2013,6921.82,31068.6,Petrol,Individual,Manual,Second Owner,998.0,67.1,44.46,5.0
Hyundai i20 Magna 1.4 CRDi,2014,12645.63,49709.7,Diesel,Individual,Manual,Second Owner,1396.0,88.73,53.02,5.0
Hyundai i20 Magna,2013,8519.16,68350.8,Petrol,Individual,Manual,First Owner,1197.0,82.85,43.51,5.0
Hyundai Verna CRDi SX,2007,3594.02,73943.1,Diesel,Individual,Manual,Fourth & Above Owner,1493.0,110.0,39.52,5.0
Maruti Swift Dzire ZDi,2009,10169.75,74564.5,Diesel,Individual,Manual,First Owner,1248.0,73.9,45.4,5.0
